roi,geojson,image,width,height,geojson_sha256,tiff_sha256,status
training_set_metastatic_roi_001,D:\Research\PUMA\Code\TRAINING CODE\Dataset\01_training_dataset_geojson_nuclei\training_set_metastatic_roi_001_nuclei.geojson,D:\Research\PUMA\Code\TRAINING CODE\Dataset\01_training_dataset_tif_ROIs\training_set_metastatic_roi_001.tif,1024,1024,5884125a0f406492a577ef90926c1b8c0a35dd65e2911e4efa43c8037e2a17a7,dc07459d37e79b0d070f6c34fb2f7a04db7fa115aa61654d5519fe75d482c61d,PASS
training_set_metastatic_roi_002,D:\Research\PUMA\Code\TRAINING CODE\Dataset\01_training_dataset_geojson_nuclei\training_set_metastatic_roi_002_nuclei.geojson,D:\Research\PUMA\Code\TRAINING CODE\Dataset\01_training_dataset_tif_ROIs\training_set_metastatic_roi_002.tif,1024,1024,908b65952e07573d25cfad597c4657e60adfb7a5ad1cc5515cc62670c729f1e0,8a829dbd7393ef66cb100aea913ebf86ce18cf5d51f8555eb4d6c7c3fc824266,PASS
training_set_metastatic_roi_003,D:\Research\PUMA\Code\TRAINING CODE\Dataset\01_training_dataset_geojson_nuclei\training_set_metastatic_roi_003_nuclei.geojson,D:\Research\PUMA\Code\TRAINING CODE\Dataset\01_training_dataset_tif_ROIs\training_set_metastatic_roi_003.tif,1024,1024,73dfb3c77c309bdb60fd454d1fcf16d06b00c033b79652dbba4385b2d796279b,c8eaeae889199740b1d454bbd322ceefbf07be1953ba9286092f4b0bc5288d6c,PASS
training_set_metastatic_roi_004,D:\Research\PUMA\Code\TRAINING CODE\Dataset\01_training_dataset_geojson_nuclei\training_set_metastatic_roi_004_nuclei.geojson,D:\Research\PUMA\Code\TRAINING CODE\Dataset\01_training_dataset_tif_ROIs\training_set_metastatic_roi_004.tif,1024,1024,f47f3901842a3c5d1a79fa976139e9049fccbb1e7aba7eb3e836ee113c8c1928,34e24fca74ae1f3f23005a62e0e47e2af33d22eee2191340cbb4f102810f8659,PASS
training_set_metastatic_roi_005,D:\Research\PUMA\Code\TRAINING CODE\Dataset\01_training_dataset_geojson_nuclei\training_set_metastatic_roi_005_nuclei.geojson,D:\Research\PUMA\Code\TRAINING CODE\Dataset\01_training_dataset_tif_ROIs\training_set_metastatic_roi_005.tif,1024,1024,1353f5caa5f351af1be8facbd7ced52d27ad2f497cae1ee1c775f9dad2085733,b2ee16cf0f71ae982d219d316f4ecb18838ac41da41cfa55403fee2cd58a2926,PASS
training_set_metastatic_roi_006,D:\Research\PUMA\Code\TRAINING CODE\Dataset\01_training_dataset_geojson_nuclei\training_set_metastatic_roi_006_nuclei.geojson,D:\Research\PUMA\Code\TRAINING CODE\Dataset\01_training_dataset_tif_ROIs\training_set_metastatic_roi_006.tif,1024,1024,c75c3e055b005553fb15471949c8357a367ce4f5470779e34c86e254e9d5313f,c0ac240c38c70d6f0fd15a5fad77b2a667af8400195f18c7aca289fb3d7ca459,PASS
training_set_metastatic_roi_007,D:\Research\PUMA\Code\TRAINING CODE\Dataset\01_training_dataset_geojson_nuclei\training_set_metastatic_roi_007_nuclei.geojson,D:\Research\PUMA\Code\TRAINING CODE\Dataset\01_training_dataset_tif_ROIs\training_set_metastatic_roi_007.tif,1024,1024,c20ced7efb62dc7d9562bf90a6501cb652a610ff9c562284a161d872935bcc70,fbae2172d861758e552b5c07658ec64acd9044442be521f13e347858582ff39e,PASS
training_set_metastatic_roi_008,D:\Research\PUMA\Code\TRAINING CODE\Dataset\01_training_dataset_geojson_nuclei\training_set_metastatic_roi_008_nuclei.geojson,D:\Research\PUMA\Code\TRAINING CODE\Dataset\01_training_dataset_tif_ROIs\training_set_metastatic_roi_008.tif,1024,1024,a90c9de29512a2b26ee9bfd493e5273d98f9a8223d55de05f256e726db2b7cd5,625b3d2e8281481e45e64f1326031b5258596996d280cffd933d0a8bcdbd5ae9,PASS
training_set_metastatic_roi_009,D:\Research\PUMA\Code\TRAINING CODE\Dataset\01_training_dataset_geojson_nuclei\training_set_metastatic_roi_009_nuclei.geojson,D:\Research\PUMA\Code\TRAINING CODE\Dataset\01_training_dataset_tif_ROIs\training_set_metastatic_roi_009.tif,1024,1024,9b8411522a6b20fde19f70c188ec7822c57829dadc4baa97941985d4c152171c,c8ff48686672abbe5116e99f3fd9dc499b8ff45877c8c349d0ffeaddad5d5919,PASS
training_set_metastatic_roi_010,D:\Research\PUMA\Code\TRAINING CODE\Dataset\01_training_dataset_geojson_nuclei\training_set_metastatic_roi_010_nuclei.geojson,D:\Research\PUMA\Code\TRAINING CODE\Dataset\01_training_dataset_tif_ROIs\training_set_metastatic_roi_010.tif,1024,1024,add7a34dd045ac2d34fe8e8a161d21f59769dc23b7ada5995312317a2ca31512,b254c84679f13ed76dd6c630c09e65b16097dcab3a4f4602f8b82ae8749b6af0,PASS
training_set_metastatic_roi_011,D:\Research\PUMA\Code\TRAINING CODE\Dataset\01_training_dataset_geojson_nuclei\training_set_metastatic_roi_011_nuclei.geojson,D:\Research\PUMA\Code\TRAINING CODE\Dataset\01_training_dataset_tif_ROIs\training_set_metastatic_roi_011.tif,1024,1024,f7a135bba022f28263816454f1a941914d14e8958fb47bf4b23be93c85fd0323,79ceaa6ead6d78939da7ab0c009fa581f11bd5907ccb983839a0d826b1fd5a5e,PASS
training_set_metastatic_roi_012,D:\Research\PUMA\Code\TRAINING CODE\Dataset\01_training_dataset_geojson_nuclei\training_set_metastatic_roi_012_nuclei.geojson,D:\Research\PUMA\Code\TRAINING CODE\Dataset\01_training_dataset_tif_ROIs\training_set_metastatic_roi_012.tif,1024,1024,df15bfd73ca8b42965dea4e1a91f5ccb9d832a2a9677db8f70011aaccdafec10,261aee6d44e79f056d3a3c82f360f0ac2a627e4cf8a7a4bba453ccdc2d91044d,PASS
training_set_metastatic_roi_013,D:\Research\PUMA\Code\TRAINING CODE\Dataset\01_training_dataset_geojson_nuclei\training_set_metastatic_roi_013_nuclei.geojson,D:\Research\PUMA\Code\TRAINING CODE\Dataset\01_training_dataset_tif_ROIs\training_set_metastatic_roi_013.tif,1024,1024,fb2dff960ac9c2d377f7d60ec43a457c9507d79df7db78a9ae4b2c3b4efc931a,df18cbb41911d47b929aeed9b51bb5ee18c7dfd31e75b509599ff7002d254f56,PASS
training_set_metastatic_roi_014,D:\Research\PUMA\Code\TRAINING CODE\Dataset\01_training_dataset_geojson_nuclei\training_set_metastatic_roi_014_nuclei.geojson,D:\Research\PUMA\Code\TRAINING CODE\Dataset\01_training_dataset_tif_ROIs\training_set_metastatic_roi_014.tif,1024,1024,0024f23f8f1bc727ac192b9b62a3c057875bee7513bc9f12272e7ce34dba2bd8,c3285c0bc6efc0fa8e29f12730626688d33a2cd7c04b80e5dc23d96d84d71f9a,PASS
training_set_metastatic_roi_015,D:\Research\PUMA\Code\TRAINING CODE\Dataset\01_training_dataset_geojson_nuclei\training_set_metastatic_roi_015_nuclei.geojson,D:\Research\PUMA\Code\TRAINING CODE\Dataset\01_training_dataset_tif_ROIs\training_set_metastatic_roi_015.tif,1024,1024,d03f6f9b946cf46899f4a810d6ab9ee7ee03a81ab06c041fd650fb751bf4c81d,3416bee8141dc30bc9cab30d879632ddbd5f3f6a529428ddc3c285987acb1d61,PASS
training_set_metastatic_roi_016,D:\Research\PUMA\Code\TRAINING CODE\Dataset\01_training_dataset_geojson_nuclei\training_set_metastatic_roi_016_nuclei.geojson,D:\Research\PUMA\Code\TRAINING CODE\Dataset\01_training_dataset_tif_ROIs\training_set_metastatic_roi_016.tif,1024,1024,202a03ef288b42b218c6b251a08286c9e3608fc07a18c51415c69ba5902363f3,7e60e3818fcf302dd019793486ff2fe7c85fb7b4726d2a72c319f05d18d4d92f,PASS
training_set_metastatic_roi_017,D:\Research\PUMA\Code\TRAINING CODE\Dataset\01_training_dataset_geojson_nuclei\training_set_metastatic_roi_017_nuclei.geojson,D:\Research\PUMA\Code\TRAINING CODE\Dataset\01_training_dataset_tif_ROIs\training_set_metastatic_roi_017.tif,1024,1024,06e502ee02ff213c1cd1a80d4806ebc0cde8cca560ad1eecf5c47a2a3b77dfbd,488eec7ac16e242fa72f2240997aa472250f969f2090474a6ddcb30ce3423ed6,PASS
training_set_metastatic_roi_018,D:\Research\PUMA\Code\TRAINING CODE\Dataset\01_training_dataset_geojson_nuclei\training_set_metastatic_roi_018_nuclei.geojson,D:\Research\PUMA\Code\TRAINING CODE\Dataset\01_training_dataset_tif_ROIs\training_set_metastatic_roi_018.tif,1024,1024,5b8f6babedf4c83763b438d9b22a6d917bbe810e3228530cc5db68eca08a1811,2a37abf7bf21edef331f96d71fc08dfa16f89fb683a6fd6993134365106672b1,PASS
training_set_metastatic_roi_019,D:\Research\PUMA\Code\TRAINING CODE\Dataset\01_training_dataset_geojson_nuclei\training_set_metastatic_roi_019_nuclei.geojson,D:\Research\PUMA\Code\TRAINING CODE\Dataset\01_training_dataset_tif_ROIs\training_set_metastatic_roi_019.tif,1024,1024,60f712c23ac43bcb166774b154b838b35fd58736925d158a711c348fa090c789,dd57756f77ec340ce560c9b34270d43bd270819d7baac30bd845a10e02d49436,PASS
training_set_metastatic_roi_020,D:\Research\PUMA\Code\TRAINING CODE\Dataset\01_training_dataset_geojson_nuclei\training_set_metastatic_roi_020_nuclei.geojson,D:\Research\PUMA\Code\TRAINING CODE\Dataset\01_training_dataset_tif_ROIs\training_set_metastatic_roi_020.tif,1024,1024,1e1c2e35e1fe04386efc8b6aa241e8f06aabbbe5d6455e41fb2247718d54c130,29a823cb0ff7331e1890a13a030d55e077c03854a98d0f34f3dce300e6dd7713,PASS
training_set_metastatic_roi_021,D:\Research\PUMA\Code\TRAINING CODE\Dataset\01_training_dataset_geojson_nuclei\training_set_metastatic_roi_021_nuclei.geojson,D:\Research\PUMA\Code\TRAINING CODE\Dataset\01_training_dataset_tif_ROIs\training_set_metastatic_roi_021.tif,1024,1024,0937292613890bcaa0cabb9dd89483635cf8df7f298a8e41f8c828ed85d8fac8,19ed71d8e1e583f723260dee6411b5c8b986256d0765aeba37cc38d542fbb9b9,PASS
training_set_metastatic_roi_022,D:\Research\PUMA\Code\TRAINING CODE\Dataset\01_training_dataset_geojson_nuclei\training_set_metastatic_roi_022_nuclei.geojson,D:\Research\PUMA\Code\TRAINING CODE\Dataset\01_training_dataset_tif_ROIs\training_set_metastatic_roi_022.tif,1024,1024,b34eae53e9b0390a8c9f65ae71d61c12c1db1e455b12e96dc666f99c0d1e1b0d,bb48fe61225a917d344dc070a261b228995580685998897f7a0523ff0112b4ab,PASS
training_set_metastatic_roi_023,D:\Research\PUMA\Code\TRAINING CODE\Dataset\01_training_dataset_geojson_nuclei\training_set_metastatic_roi_023_nuclei.geojson,D:\Research\PUMA\Code\TRAINING CODE\Dataset\01_training_dataset_tif_ROIs\training_set_metastatic_roi_023.tif,1024,1024,642ca573fe1ec8a5c6af00665ee69e2acc0cf296f29707544047e2398e7fd634,387170b0fcb5fd43088eff1198bb48bfca6947f8faef80978768096590cd3c4f,PASS
training_set_metastatic_roi_024,D:\Research\PUMA\Code\TRAINING CODE\Dataset\01_training_dataset_geojson_nuclei\training_set_metastatic_roi_024_nuclei.geojson,D:\Research\PUMA\Code\TRAINING CODE\Dataset\01_training_dataset_tif_ROIs\training_set_metastatic_roi_024.tif,1024,1024,fb40b43544a4f882d09f0e51caeb8d5b3779e020a65a986566de40095101727d,9899461edad40a86cc0859f2abf44d5b38ff7005cef32d50d26906bc45ffe307,PASS
training_set_metastatic_roi_025,D:\Research\PUMA\Code\TRAINING CODE\Dataset\01_training_dataset_geojson_nuclei\training_set_metastatic_roi_025_nuclei.geojson,D:\Research\PUMA\Code\TRAINING CODE\Dataset\01_training_dataset_tif_ROIs\training_set_metastatic_roi_025.tif,1024,1024,1b32b061de872690429aa5de3b9233f0b2a9ab931d0706d55ad1ec28ff5bb26d,294da5c855a368b76defc534e7a876f63c975c0e2f8acb13ad01dfb4b7db675e,PASS
training_set_metastatic_roi_026,D:\Research\PUMA\Code\TRAINING CODE\Dataset\01_training_dataset_geojson_nuclei\training_set_metastatic_roi_026_nuclei.geojson,D:\Research\PUMA\Code\TRAINING CODE\Dataset\01_training_dataset_tif_ROIs\training_set_metastatic_roi_026.tif,1024,1024,bd3b51c535926af9a7735aec44850278777ecdcb7beff338c2f14b13869bd196,c53a8e5e27a03c9a052404356d1eadf7be5a34cc2beb0ba3ce8cad12dcf9cfc1,PASS
training_set_metastatic_roi_027,D:\Research\PUMA\Code\TRAINING CODE\Dataset\01_training_dataset_geojson_nuclei\training_set_metastatic_roi_027_nuclei.geojson,D:\Research\PUMA\Code\TRAINING CODE\Dataset\01_training_dataset_tif_ROIs\training_set_metastatic_roi_027.tif,1024,1024,7cccec74b1e0ac9914058e64f5f718f0eca2ed67c5926d606607edfc3ec1398a,284f829b0bae47e05ba271a48cf70547f69f9aa4be5c6d54010e716ded715e45,PASS
training_set_metastatic_roi_028,D:\Research\PUMA\Code\TRAINING CODE\Dataset\01_training_dataset_geojson_nuclei\training_set_metastatic_roi_028_nuclei.geojson,D:\Research\PUMA\Code\TRAINING CODE\Dataset\01_training_dataset_tif_ROIs\training_set_metastatic_roi_028.tif,1024,1024,0d7d46f7681c76a9a9c63bfacccc429458ba9ff55e20ad78fce4aedfbb4da852,511393d67960bf5fce623bd14fdc0c7d6556b2acc560bda587bba1ee4ccb2ec7,PASS
training_set_metastatic_roi_029,D:\Research\PUMA\Code\TRAINING CODE\Dataset\01_training_dataset_geojson_nuclei\training_set_metastatic_roi_029_nuclei.geojson,D:\Research\PUMA\Code\TRAINING CODE\Dataset\01_training_dataset_tif_ROIs\training_set_metastatic_roi_029.tif,1024,1024,25e4a1b8d83f23e8c3bc9d600603a85faa8c0faa4a774750b1b1b5674d22a729,11a27c0ffefb0c5a5d1fdbe51350f68a797eb6bd674dd70ab6a16987b35ad71f,PASS
training_set_metastatic_roi_030,D:\Research\PUMA\Code\TRAINING CODE\Dataset\01_training_dataset_geojson_nuclei\training_set_metastatic_roi_030_nuclei.geojson,D:\Research\PUMA\Code\TRAINING CODE\Dataset\01_training_dataset_tif_ROIs\training_set_metastatic_roi_030.tif,1024,1024,aba1faac62592a6fbac4070886c62919c81e2041b47b8c586d662ba391adcb86,4e2a61bd127d89f3f3031044311d240977f1be87ba71b4d01f0d1b1d31929d2b,PASS
training_set_metastatic_roi_031,D:\Research\PUMA\Code\TRAINING CODE\Dataset\01_training_dataset_geojson_nuclei\training_set_metastatic_roi_031_nuclei.geojson,D:\Research\PUMA\Code\TRAINING CODE\Dataset\01_training_dataset_tif_ROIs\training_set_metastatic_roi_031.tif,1024,1024,c95aed513d76fb650aceaea3017683d233bc93c62ef3e1d149bf450778d60b4b,d591fe8035f7185b080c7e3b6a170910dc305b3a8bbbcf094b95f8a499aa9a4b,PASS
training_set_metastatic_roi_032,D:\Research\PUMA\Code\TRAINING CODE\Dataset\01_training_dataset_geojson_nuclei\training_set_metastatic_roi_032_nuclei.geojson,D:\Research\PUMA\Code\TRAINING CODE\Dataset\01_training_dataset_tif_ROIs\training_set_metastatic_roi_032.tif,1024,1024,b07e94049949789fc8d4d0b487b98caa21fdab7f6efb82262935356957053f4b,6e0f08093d0e4159b40d2b9121e5a5f07625f40830eda26aad2b52318d64bb42,PASS
training_set_metastatic_roi_033,D:\Research\PUMA\Code\TRAINING CODE\Dataset\01_training_dataset_geojson_nuclei\training_set_metastatic_roi_033_nuclei.geojson,D:\Research\PUMA\Code\TRAINING CODE\Dataset\01_training_dataset_tif_ROIs\training_set_metastatic_roi_033.tif,1024,1024,3a648118ee5b66c51df8b7ac6a32b17b58d20bb21b9a4b502386fdaf791dc7e7,e501a6f27f40e8481396fc4182a9fa5e87ddf6339565388c94ff4df3bf2ef4ca,PASS
training_set_metastatic_roi_034,D:\Research\PUMA\Code\TRAINING CODE\Dataset\01_training_dataset_geojson_nuclei\training_set_metastatic_roi_034_nuclei.geojson,D:\Research\PUMA\Code\TRAINING CODE\Dataset\01_training_dataset_tif_ROIs\training_set_metastatic_roi_034.tif,1024,1024,ca6be0e0de18cf1f8cb345014818c577eaec3b66a02be2580b5da026eaeb263b,3c91a92cec7367dea9c6932f32d36da55bf25d6a65d166e1e590df5e7842b0f6,PASS
training_set_metastatic_roi_035,D:\Research\PUMA\Code\TRAINING CODE\Dataset\01_training_dataset_geojson_nuclei\training_set_metastatic_roi_035_nuclei.geojson,D:\Research\PUMA\Code\TRAINING CODE\Dataset\01_training_dataset_tif_ROIs\training_set_metastatic_roi_035.tif,1024,1024,e9139bc37506749f246271fafa5311c1079ae8d7308c770ac13d0b950f37f31b,44652f54ff2a62b1bbfdabc12dde61a4683e3d7dc67ccc94e936a6beb8c6b057,PASS
training_set_metastatic_roi_036,D:\Research\PUMA\Code\TRAINING CODE\Dataset\01_training_dataset_geojson_nuclei\training_set_metastatic_roi_036_nuclei.geojson,D:\Research\PUMA\Code\TRAINING CODE\Dataset\01_training_dataset_tif_ROIs\training_set_metastatic_roi_036.tif,1024,1024,b41fd1766df337d4f34ed01fffe9787f47e56df83534cdcd35af27ebcc743a1b,bd8ccc8c6bac9307daa4b52ce30f45d6e8005192892d0d0d95526e8fea22f00c,PASS
training_set_metastatic_roi_037,D:\Research\PUMA\Code\TRAINING CODE\Dataset\01_training_dataset_geojson_nuclei\training_set_metastatic_roi_037_nuclei.geojson,D:\Research\PUMA\Code\TRAINING CODE\Dataset\01_training_dataset_tif_ROIs\training_set_metastatic_roi_037.tif,1024,1024,0018c84e4ce2ecd5a86ea9f73750205c62496763faa738c79903e6395576b291,06cc8aa9f10d2d1dde3ff4bf149d2afde6c4fbc84d57fa8985b2210b313cf2ff,PASS
training_set_metastatic_roi_038,D:\Research\PUMA\Code\TRAINING CODE\Dataset\01_training_dataset_geojson_nuclei\training_set_metastatic_roi_038_nuclei.geojson,D:\Research\PUMA\Code\TRAINING CODE\Dataset\01_training_dataset_tif_ROIs\training_set_metastatic_roi_038.tif,1024,1024,9464d6df5c520cca40f0ecd45f2d91fb19fd1264edf030ba41d6d4998d73d6db,c476ddc1dd5471f9aeb29f6d24ade5449dee68fbeb8857c35e950b415aa51746,PASS
training_set_metastatic_roi_039,D:\Research\PUMA\Code\TRAINING CODE\Dataset\01_training_dataset_geojson_nuclei\training_set_metastatic_roi_039_nuclei.geojson,D:\Research\PUMA\Code\TRAINING CODE\Dataset\01_training_dataset_tif_ROIs\training_set_metastatic_roi_039.tif,1024,1024,e72bef7d022575784d44b3fcc420ff38879be924663fc9dec36725498eb766ea,789fa494d0f29cc525a4e6797e99e1c10f96d1ac042b9aa8ab132b75a8d37247,PASS
training_set_metastatic_roi_040,D:\Research\PUMA\Code\TRAINING CODE\Dataset\01_training_dataset_geojson_nuclei\training_set_metastatic_roi_040_nuclei.geojson,D:\Research\PUMA\Code\TRAINING CODE\Dataset\01_training_dataset_tif_ROIs\training_set_metastatic_roi_040.tif,1024,1024,84af98b765763877bd7c5176a01b9a9e2d4ec9380afdfa0c8603c31694b658a2,5029b838d15af12a905d95c711321d1f315040902e1ba174cd004071ebe05c82,PASS
training_set_metastatic_roi_041,D:\Research\PUMA\Code\TRAINING CODE\Dataset\01_training_dataset_geojson_nuclei\training_set_metastatic_roi_041_nuclei.geojson,D:\Research\PUMA\Code\TRAINING CODE\Dataset\01_training_dataset_tif_ROIs\training_set_metastatic_roi_041.tif,1024,1024,520822603920ebf7c7d14a982310f08cd78cfb75c66f58525c3cb1efa164f196,f9999dc1866c593e74f2d0bc93dfa933e936be984878ce7a0fddb64c9378cba7,PASS
training_set_metastatic_roi_042,D:\Research\PUMA\Code\TRAINING CODE\Dataset\01_training_dataset_geojson_nuclei\training_set_metastatic_roi_042_nuclei.geojson,D:\Research\PUMA\Code\TRAINING CODE\Dataset\01_training_dataset_tif_ROIs\training_set_metastatic_roi_042.tif,1024,1024,fb9f63f92bc0350df8615885844cf300b89b11ae41415b6ca87cff5920e13685,ea68a262192413b3b6430287ff478758b195e47d7cc7fb2e652071c632c4835e,PASS
training_set_metastatic_roi_043,D:\Research\PUMA\Code\TRAINING CODE\Dataset\01_training_dataset_geojson_nuclei\training_set_metastatic_roi_043_nuclei.geojson,D:\Research\PUMA\Code\TRAINING CODE\Dataset\01_training_dataset_tif_ROIs\training_set_metastatic_roi_043.tif,1024,1024,320da7e1693eafae33b743bb6691b12493180b4f7f9aacd1719ebdde0c1aeb2c,66209cb943aacaa5b5654877838d763cd4596530a1d24b09d6fdeaecf9d8444b,PASS
training_set_metastatic_roi_044,D:\Research\PUMA\Code\TRAINING CODE\Dataset\01_training_dataset_geojson_nuclei\training_set_metastatic_roi_044_nuclei.geojson,D:\Research\PUMA\Code\TRAINING CODE\Dataset\01_training_dataset_tif_ROIs\training_set_metastatic_roi_044.tif,1024,1024,1326ed625e3ae2d3d7882afe47f94ab528965ef8b1af09caf62e8f696198ee11,79597e93a1933314cb4798bdfcfb35ff2c19e17ea53d99414fb41b5affda3cd9,PASS
training_set_metastatic_roi_045,D:\Research\PUMA\Code\TRAINING CODE\Dataset\01_training_dataset_geojson_nuclei\training_set_metastatic_roi_045_nuclei.geojson,D:\Research\PUMA\Code\TRAINING CODE\Dataset\01_training_dataset_tif_ROIs\training_set_metastatic_roi_045.tif,1024,1024,bc4d0726e3b379a149263a23079b052d3b966a7c0c484e6a8fde9aa337aad85b,d6d3b80eb8b40f59a568ce3b3fb42ff9df08d2570a563d7a99318ff6205dc805,PASS
training_set_metastatic_roi_046,D:\Research\PUMA\Code\TRAINING CODE\Dataset\01_training_dataset_geojson_nuclei\training_set_metastatic_roi_046_nuclei.geojson,D:\Research\PUMA\Code\TRAINING CODE\Dataset\01_training_dataset_tif_ROIs\training_set_metastatic_roi_046.tif,1024,1024,d8a7b4870c7f71b30a92b2605e9c5720f0586effe191753a704a18c3a4606e15,d8c329bb739ff6e1126f3bd2717b7f37f8072066dcbdee74522672339c08df3e,PASS
training_set_metastatic_roi_047,D:\Research\PUMA\Code\TRAINING CODE\Dataset\01_training_dataset_geojson_nuclei\training_set_metastatic_roi_047_nuclei.geojson,D:\Research\PUMA\Code\TRAINING CODE\Dataset\01_training_dataset_tif_ROIs\training_set_metastatic_roi_047.tif,1024,1024,5a72603701af835f8f111b644a8bf29685518fe7d63b1cebe8610adf7163c702,1f9935cc068c1633755d7c9707a695fa2d25f1b760e2f2d9a967fa5e3c6bdb3b,PASS
training_set_metastatic_roi_048,D:\Research\PUMA\Code\TRAINING CODE\Dataset\01_training_dataset_geojson_nuclei\training_set_metastatic_roi_048_nuclei.geojson,D:\Research\PUMA\Code\TRAINING CODE\Dataset\01_training_dataset_tif_ROIs\training_set_metastatic_roi_048.tif,1024,1024,590175b23b3ccb890883a91348b99a61c6681d9c0fd43893968d445fbf1d89af,01ae96f54b52640db7c493cb9bdcd0980ab59c18f581d5c6d06fd98e59d10f44,PASS
training_set_metastatic_roi_049,D:\Research\PUMA\Code\TRAINING CODE\Dataset\01_training_dataset_geojson_nuclei\training_set_metastatic_roi_049_nuclei.geojson,D:\Research\PUMA\Code\TRAINING CODE\Dataset\01_training_dataset_tif_ROIs\training_set_metastatic_roi_049.tif,1024,1024,36b5cdcd0038d4d0d7dc0026c8400dd49f87618c0d68982805722e6c8b3e8cf4,57a5d7c9800f6e99ee10d12a81db34f8937adb85b96f31e8d6c699ed9957f3d0,PASS
training_set_metastatic_roi_050,D:\Research\PUMA\Code\TRAINING CODE\Dataset\01_training_dataset_geojson_nuclei\training_set_metastatic_roi_050_nuclei.geojson,D:\Research\PUMA\Code\TRAINING CODE\Dataset\01_training_dataset_tif_ROIs\training_set_metastatic_roi_050.tif,1024,1024,c1b2c53eb4b2eaad452d14708b036a6a46a41e88ce0fa0fd1fb0d5ba41ae5923,c02497057f2836dd0c67a3e63a988ea4e93fcf54c19c51d0d1c45ba9f4b9888d,PASS
training_set_metastatic_roi_051,D:\Research\PUMA\Code\TRAINING CODE\Dataset\01_training_dataset_geojson_nuclei\training_set_metastatic_roi_051_nuclei.geojson,D:\Research\PUMA\Code\TRAINING CODE\Dataset\01_training_dataset_tif_ROIs\training_set_metastatic_roi_051.tif,1024,1024,debd5b6395cd7f1b5457e0bd7a0fbef277cfdcf933f31960fdd88ca17c16d1a5,9a2bf6b0c9bb0abae57be4067804ea3e7a0e08dca52914a666ae353003f52ceb,PASS
training_set_metastatic_roi_052,D:\Research\PUMA\Code\TRAINING CODE\Dataset\01_training_dataset_geojson_nuclei\training_set_metastatic_roi_052_nuclei.geojson,D:\Research\PUMA\Code\TRAINING CODE\Dataset\01_training_dataset_tif_ROIs\training_set_metastatic_roi_052.tif,1024,1024,95f4000ef7f75516ba067059eaa1cc4e68421c9141019644b863d742402b594a,24b028b408d7b4ac9cae54b56c2a25f5f2c4cdf3ac12bab7eb03fa3e0158178f,PASS
training_set_metastatic_roi_053,D:\Research\PUMA\Code\TRAINING CODE\Dataset\01_training_dataset_geojson_nuclei\training_set_metastatic_roi_053_nuclei.geojson,D:\Research\PUMA\Code\TRAINING CODE\Dataset\01_training_dataset_tif_ROIs\training_set_metastatic_roi_053.tif,1024,1024,5c69303312464a7c1b98dc5bb70fb59d3473bec9f9397e49f07c6fa685276c84,5450dfec34254b6d25e0bc56b47657b44b0ac878a64469350aa0e368f2b60ce9,PASS
training_set_metastatic_roi_054,D:\Research\PUMA\Code\TRAINING CODE\Dataset\01_training_dataset_geojson_nuclei\training_set_metastatic_roi_054_nuclei.geojson,D:\Research\PUMA\Code\TRAINING CODE\Dataset\01_training_dataset_tif_ROIs\training_set_metastatic_roi_054.tif,1024,1024,16812599359a4087a5bf55a1b58e4f5e57f2d840e177ac6c76c3d19d09a881af,de71a5d6b69d53dbfda38d69c44e0becde5b3587dc5861a61c9661ec407eae89,PASS
training_set_metastatic_roi_055,D:\Research\PUMA\Code\TRAINING CODE\Dataset\01_training_dataset_geojson_nuclei\training_set_metastatic_roi_055_nuclei.geojson,D:\Research\PUMA\Code\TRAINING CODE\Dataset\01_training_dataset_tif_ROIs\training_set_metastatic_roi_055.tif,1024,1024,c02e2bc029b6355a24897bb41cd39e300f4983f88c4c8412536846632492b4d7,d8dc089302f44728ed2884387b2033b93a8c85725603e4522161a6e7d728da13,PASS
training_set_metastatic_roi_056,D:\Research\PUMA\Code\TRAINING CODE\Dataset\01_training_dataset_geojson_nuclei\training_set_metastatic_roi_056_nuclei.geojson,D:\Research\PUMA\Code\TRAINING CODE\Dataset\01_training_dataset_tif_ROIs\training_set_metastatic_roi_056.tif,1024,1024,671bfbef9667d73e51c8c3620978cdda93cc9d8bffcf83561f9bbf7bf62ea567,203e356963b142951c16c90c6de0026b8d7584cfb13856cce5574289b48d5312,PASS
training_set_metastatic_roi_057,D:\Research\PUMA\Code\TRAINING CODE\Dataset\01_training_dataset_geojson_nuclei\training_set_metastatic_roi_057_nuclei.geojson,D:\Research\PUMA\Code\TRAINING CODE\Dataset\01_training_dataset_tif_ROIs\training_set_metastatic_roi_057.tif,1024,1024,6f439482a7e133299817d4349b75a1a6bff7d9fc84f5d0a5361c78f13320d7c1,a2f50555e54fc122624af962690c4d64d513693451598388d58583ef6012c163,PASS
training_set_metastatic_roi_058,D:\Research\PUMA\Code\TRAINING CODE\Dataset\01_training_dataset_geojson_nuclei\training_set_metastatic_roi_058_nuclei.geojson,D:\Research\PUMA\Code\TRAINING CODE\Dataset\01_training_dataset_tif_ROIs\training_set_metastatic_roi_058.tif,1024,1024,1e2e92d2fdf47b6a183a0ab7de931f91c3bc98f9b036b0f4ef0ab3ff1c9aec95,3c28be04725850957b9652ef1bd2ab92af2cc9a738224ffd7220a004d0469570,PASS
training_set_metastatic_roi_059,D:\Research\PUMA\Code\TRAINING CODE\Dataset\01_training_dataset_geojson_nuclei\training_set_metastatic_roi_059_nuclei.geojson,D:\Research\PUMA\Code\TRAINING CODE\Dataset\01_training_dataset_tif_ROIs\training_set_metastatic_roi_059.tif,1024,1024,3ab094a511505c99cc6401bc537e55bbee6073c6f5d9084f3eca4a7c954662c4,bbb37be1b977f6bf41a5de7be12e13a52829df54c6fa039d59727fa03be085ed,PASS
training_set_metastatic_roi_060,D:\Research\PUMA\Code\TRAINING CODE\Dataset\01_training_dataset_geojson_nuclei\training_set_metastatic_roi_060_nuclei.geojson,D:\Research\PUMA\Code\TRAINING CODE\Dataset\01_training_dataset_tif_ROIs\training_set_metastatic_roi_060.tif,1024,1024,fe6204a9c88731500ec4a0387dd834b265d9ac825e47f0b8bcc3d33656c5e7e7,e48ccaaccc39c11d3ef2057b44cde5ebd23ab4a53cfdc6d2dddb06662c31dc6b,PASS
training_set_metastatic_roi_061,D:\Research\PUMA\Code\TRAINING CODE\Dataset\01_training_dataset_geojson_nuclei\training_set_metastatic_roi_061_nuclei.geojson,D:\Research\PUMA\Code\TRAINING CODE\Dataset\01_training_dataset_tif_ROIs\training_set_metastatic_roi_061.tif,1024,1024,7e68ad39283757bf0915d77d8f44ddae8d4b68715b02dd1945ec05a5b8ccedf4,08bdec044cf52858a951041b025c61f3459916b8bd187d4e9047a5dc0434d1bf,PASS
training_set_metastatic_roi_062,D:\Research\PUMA\Code\TRAINING CODE\Dataset\01_training_dataset_geojson_nuclei\training_set_metastatic_roi_062_nuclei.geojson,D:\Research\PUMA\Code\TRAINING CODE\Dataset\01_training_dataset_tif_ROIs\training_set_metastatic_roi_062.tif,1024,1024,8abf6f4e42442ca51617d9b1909ad15005b20174188bb27c353adf2d23667ba4,31f92bbf08c5e582cff80f61581020d5d8b56bed4d0d4877997d2f87a12f1df6,PASS
training_set_metastatic_roi_063,D:\Research\PUMA\Code\TRAINING CODE\Dataset\01_training_dataset_geojson_nuclei\training_set_metastatic_roi_063_nuclei.geojson,D:\Research\PUMA\Code\TRAINING CODE\Dataset\01_training_dataset_tif_ROIs\training_set_metastatic_roi_063.tif,1024,1024,d7e2b429a7ea1cbce01ad6203f6611154375434183f7bb29cf38fec23e769e09,b5901534a0fef9373f04b9b554e82657d1c78592fa5c6ae44fa68e73ea1a255e,PASS
training_set_metastatic_roi_064,D:\Research\PUMA\Code\TRAINING CODE\Dataset\01_training_dataset_geojson_nuclei\training_set_metastatic_roi_064_nuclei.geojson,D:\Research\PUMA\Code\TRAINING CODE\Dataset\01_training_dataset_tif_ROIs\training_set_metastatic_roi_064.tif,1024,1024,3ef97c3f4e75f001f61925cfaebed6f579a5c673023275403f4330feed08df8b,ba9a414a814e283ddfa8a73aa5bb6c729096439b0eae46a4a09e93026b431d2a,PASS
training_set_metastatic_roi_065,D:\Research\PUMA\Code\TRAINING CODE\Dataset\01_training_dataset_geojson_nuclei\training_set_metastatic_roi_065_nuclei.geojson,D:\Research\PUMA\Code\TRAINING CODE\Dataset\01_training_dataset_tif_ROIs\training_set_metastatic_roi_065.tif,1024,1024,ec868b9f7e01c6c852eb7b529a6745d240cc3904f04ae478704caf079ff40928,0bf70572277af72193d0c16a63568dfa835cea777ac6abe9600bc38e2e2b604e,PASS
training_set_metastatic_roi_066,D:\Research\PUMA\Code\TRAINING CODE\Dataset\01_training_dataset_geojson_nuclei\training_set_metastatic_roi_066_nuclei.geojson,D:\Research\PUMA\Code\TRAINING CODE\Dataset\01_training_dataset_tif_ROIs\training_set_metastatic_roi_066.tif,1024,1024,3d8a916b8fdae97dca35e6402b554faeab4a16e5706a9390e375f381c4ae1e06,20d400d0c1cb6ef60cc2a2befbc64ad28b85d064c4999d4842abafb3cd99795c,PASS
training_set_metastatic_roi_067,D:\Research\PUMA\Code\TRAINING CODE\Dataset\01_training_dataset_geojson_nuclei\training_set_metastatic_roi_067_nuclei.geojson,D:\Research\PUMA\Code\TRAINING CODE\Dataset\01_training_dataset_tif_ROIs\training_set_metastatic_roi_067.tif,1024,1024,baf32aea1e88394991d85419e0c9c457c17cbe73bf36d061756a79f9ee7be34a,ce087f5f19bb907a46e67de4ed54a53a439844aca6bb4225baf838caceeefa38,PASS
training_set_metastatic_roi_068,D:\Research\PUMA\Code\TRAINING CODE\Dataset\01_training_dataset_geojson_nuclei\training_set_metastatic_roi_068_nuclei.geojson,D:\Research\PUMA\Code\TRAINING CODE\Dataset\01_training_dataset_tif_ROIs\training_set_metastatic_roi_068.tif,1024,1024,6e586e7b354efa5cf7bbab32816823f101ebe710af837481531a46b4c26eec6f,3d7885712d4ed4fd23211fe89e22fc50679ce1b9a613f96a6dd5e8b6ba351c4e,PASS
training_set_metastatic_roi_069,D:\Research\PUMA\Code\TRAINING CODE\Dataset\01_training_dataset_geojson_nuclei\training_set_metastatic_roi_069_nuclei.geojson,D:\Research\PUMA\Code\TRAINING CODE\Dataset\01_training_dataset_tif_ROIs\training_set_metastatic_roi_069.tif,1024,1024,5cc915afc1eb7de1825e1dfd5125921efa9225c29bc796613270d20b997bc10d,90fc076b6004fdc1006f9b4fd06e1b1d1f3712ca77eb3a4a1cc921bdc254c408,PASS
training_set_metastatic_roi_070,D:\Research\PUMA\Code\TRAINING CODE\Dataset\01_training_dataset_geojson_nuclei\training_set_metastatic_roi_070_nuclei.geojson,D:\Research\PUMA\Code\TRAINING CODE\Dataset\01_training_dataset_tif_ROIs\training_set_metastatic_roi_070.tif,1024,1024,f8a32dc3e9d3bec20fc551604b41f8d9200a068865700186af338a85a3604778,91475083e15b1d85563e86a87c92c331470cacecd6b62a131b3f180d13150639,PASS
training_set_metastatic_roi_071,D:\Research\PUMA\Code\TRAINING CODE\Dataset\01_training_dataset_geojson_nuclei\training_set_metastatic_roi_071_nuclei.geojson,D:\Research\PUMA\Code\TRAINING CODE\Dataset\01_training_dataset_tif_ROIs\training_set_metastatic_roi_071.tif,1024,1024,a50f100a09e9c1330971fa4c3429d6c12687dc6d833d38df3a101a43c383bffd,28910f7b4c4ed8bca15a59ec1b14af139f05d5fbaee7180bcf5b802d4c78b1ba,PASS
training_set_metastatic_roi_072,D:\Research\PUMA\Code\TRAINING CODE\Dataset\01_training_dataset_geojson_nuclei\training_set_metastatic_roi_072_nuclei.geojson,D:\Research\PUMA\Code\TRAINING CODE\Dataset\01_training_dataset_tif_ROIs\training_set_metastatic_roi_072.tif,1024,1024,02d8f5179e40b3257ca866059c76b14ad5cbd0235107e8c889cf17f8dba9c6b4,bd727f3ec58c022fbf7852d20fa7e51325452a777d1e0336f0d6cc0da0da76eb,PASS
training_set_metastatic_roi_073,D:\Research\PUMA\Code\TRAINING CODE\Dataset\01_training_dataset_geojson_nuclei\training_set_metastatic_roi_073_nuclei.geojson,D:\Research\PUMA\Code\TRAINING CODE\Dataset\01_training_dataset_tif_ROIs\training_set_metastatic_roi_073.tif,1024,1024,15e6c8721d9ae19397a65a99a78eb6280acd62a2acc24635ee6c5a4d3f1ec683,a095a69b0817a790c7b56cf95bdaf83acb22e2c59624d91c7170a60db3b8b838,PASS
training_set_metastatic_roi_074,D:\Research\PUMA\Code\TRAINING CODE\Dataset\01_training_dataset_geojson_nuclei\training_set_metastatic_roi_074_nuclei.geojson,D:\Research\PUMA\Code\TRAINING CODE\Dataset\01_training_dataset_tif_ROIs\training_set_metastatic_roi_074.tif,1024,1024,e0d775242ab0159e8798b251c24c46a9380c3cad9ea0b036b8ea2d56b86c4c5a,13f4a17c0e3308a5a118d8d7c04e703f0d582edcb8354b59096fd1df7ebf5c48,PASS
training_set_metastatic_roi_075,D:\Research\PUMA\Code\TRAINING CODE\Dataset\01_training_dataset_geojson_nuclei\training_set_metastatic_roi_075_nuclei.geojson,D:\Research\PUMA\Code\TRAINING CODE\Dataset\01_training_dataset_tif_ROIs\training_set_metastatic_roi_075.tif,1024,1024,a6ddb1a4007ea69bb6e3da376ecc7ee474e1b4e6e13955e42ea110d35bd3ae49,14cd3221cbe75ad15984783b737fce4119205486a05a4c01981a06889acaa1ce,PASS
training_set_metastatic_roi_076,D:\Research\PUMA\Code\TRAINING CODE\Dataset\01_training_dataset_geojson_nuclei\training_set_metastatic_roi_076_nuclei.geojson,D:\Research\PUMA\Code\TRAINING CODE\Dataset\01_training_dataset_tif_ROIs\training_set_metastatic_roi_076.tif,1024,1024,f9bab13c670263cea9e275aacbe968f72107704755c465f0a54c7f446edc686e,c678383b0e01c33db70effd0f53a75658ed0ce00766946c62948be2642db9707,PASS
training_set_metastatic_roi_077,D:\Research\PUMA\Code\TRAINING CODE\Dataset\01_training_dataset_geojson_nuclei\training_set_metastatic_roi_077_nuclei.geojson,D:\Research\PUMA\Code\TRAINING CODE\Dataset\01_training_dataset_tif_ROIs\training_set_metastatic_roi_077.tif,1024,1024,9bb50dbc47e624af3c550dad177577eeba1180c82aa22d05127c1f243d568b3a,13c2ac6f1bc60ea9b867a93db4fd2d3b2e1cd39ae5127af516256681ba48ca7f,PASS
training_set_metastatic_roi_078,D:\Research\PUMA\Code\TRAINING CODE\Dataset\01_training_dataset_geojson_nuclei\training_set_metastatic_roi_078_nuclei.geojson,D:\Research\PUMA\Code\TRAINING CODE\Dataset\01_training_dataset_tif_ROIs\training_set_metastatic_roi_078.tif,1024,1024,5a6e28f2b2d3caee75c80a3482d05f97ae711cd92bc8991b12c04898591e10c7,dc40e76f15473d087f1a3c2e50d80f49c3bf07beda4ec4e3b7cb5bc88e98b87a,PASS
training_set_metastatic_roi_079,D:\Research\PUMA\Code\TRAINING CODE\Dataset\01_training_dataset_geojson_nuclei\training_set_metastatic_roi_079_nuclei.geojson,D:\Research\PUMA\Code\TRAINING CODE\Dataset\01_training_dataset_tif_ROIs\training_set_metastatic_roi_079.tif,1024,1024,e48f4c4ff03c0af691f33370ee7f1524a44c2a9de59c83eafd18752cf0bae179,7cd7a565a539f67b20b02251f77ad2e24cec1be1619fb0bd766110db969782c2,PASS
training_set_metastatic_roi_080,D:\Research\PUMA\Code\TRAINING CODE\Dataset\01_training_dataset_geojson_nuclei\training_set_metastatic_roi_080_nuclei.geojson,D:\Research\PUMA\Code\TRAINING CODE\Dataset\01_training_dataset_tif_ROIs\training_set_metastatic_roi_080.tif,1024,1024,702a423fb0b1fe54571f7435a2ff13d9de6709ce024cc1a640540a952b252f95,988776ecfcecda00dcac52bf8dddb7d3077fa3c37f30e44e09eac441b42e8452,PASS
training_set_metastatic_roi_081,D:\Research\PUMA\Code\TRAINING CODE\Dataset\01_training_dataset_geojson_nuclei\training_set_metastatic_roi_081_nuclei.geojson,D:\Research\PUMA\Code\TRAINING CODE\Dataset\01_training_dataset_tif_ROIs\training_set_metastatic_roi_081.tif,1024,1024,6cfa9c2c375c5441f7c2f65a0d6291abf65f5cc8e13898c27ab3d9f3faf2902f,3b7d1eb1eefb07cb762b1c0d5275f2686ef5c51daaad484e3feda01feafbeb54,PASS
training_set_metastatic_roi_082,D:\Research\PUMA\Code\TRAINING CODE\Dataset\01_training_dataset_geojson_nuclei\training_set_metastatic_roi_082_nuclei.geojson,D:\Research\PUMA\Code\TRAINING CODE\Dataset\01_training_dataset_tif_ROIs\training_set_metastatic_roi_082.tif,1024,1024,230bd9ba1b6b32b4234ac1df49f3caecada4d13db403a54bd63e6bed04b83efe,88f70add8e1ae4fa6ad65148c1d80c272c8ca90633c34159f143415b133ada38,PASS
training_set_metastatic_roi_083,D:\Research\PUMA\Code\TRAINING CODE\Dataset\01_training_dataset_geojson_nuclei\training_set_metastatic_roi_083_nuclei.geojson,D:\Research\PUMA\Code\TRAINING CODE\Dataset\01_training_dataset_tif_ROIs\training_set_metastatic_roi_083.tif,1024,1024,303591d827cfa777bcbb5ae2556e3ef14faadfb947652a8f9bba547e69c2e96a,1df16c8c1d9766af13c9e36274043c24ddb2780f350c1ae0d7a46e4fba0d2eee,PASS
training_set_metastatic_roi_084,D:\Research\PUMA\Code\TRAINING CODE\Dataset\01_training_dataset_geojson_nuclei\training_set_metastatic_roi_084_nuclei.geojson,D:\Research\PUMA\Code\TRAINING CODE\Dataset\01_training_dataset_tif_ROIs\training_set_metastatic_roi_084.tif,1024,1024,8c7b88f3aa7a5f7b332b82e67c59b0694bc16bf438d50d3ed216697322f113d0,9eeada30ceaedc2f637b2b6dd7d0cfb93afa51040e55fa08e4d82eb7418960f8,PASS
training_set_metastatic_roi_085,D:\Research\PUMA\Code\TRAINING CODE\Dataset\01_training_dataset_geojson_nuclei\training_set_metastatic_roi_085_nuclei.geojson,D:\Research\PUMA\Code\TRAINING CODE\Dataset\01_training_dataset_tif_ROIs\training_set_metastatic_roi_085.tif,1024,1024,8fb2b3d6f94d260e36116527abbae8a8ec1655c40020da799c29e4e37ed50038,86011abb671a8a645aa85886a15d71817a5bfb9973aae5534c797294f2830249,PASS
training_set_metastatic_roi_086,D:\Research\PUMA\Code\TRAINING CODE\Dataset\01_training_dataset_geojson_nuclei\training_set_metastatic_roi_086_nuclei.geojson,D:\Research\PUMA\Code\TRAINING CODE\Dataset\01_training_dataset_tif_ROIs\training_set_metastatic_roi_086.tif,1024,1024,df29564fec4060612e5202dac7a3e73589b9fe4da9b4388cfcd65ac01b8c27ff,dd6cb80b19073273185a26a24abf2ae197d4c0b55b517a746e8688f71e4fa499,PASS
training_set_metastatic_roi_087,D:\Research\PUMA\Code\TRAINING CODE\Dataset\01_training_dataset_geojson_nuclei\training_set_metastatic_roi_087_nuclei.geojson,D:\Research\PUMA\Code\TRAINING CODE\Dataset\01_training_dataset_tif_ROIs\training_set_metastatic_roi_087.tif,1024,1024,9e02c8e38a7765cece5809f2416967d5171e733538fe30f0dab2e7c051b89c95,9a896525dad042430bda6d03c9d1d841e24c86beafdd9f4e0084ccbf6d4cf9fd,PASS
training_set_metastatic_roi_088,D:\Research\PUMA\Code\TRAINING CODE\Dataset\01_training_dataset_geojson_nuclei\training_set_metastatic_roi_088_nuclei.geojson,D:\Research\PUMA\Code\TRAINING CODE\Dataset\01_training_dataset_tif_ROIs\training_set_metastatic_roi_088.tif,1024,1024,1c123fd7fcaabdda7c73b9c8f7767f2ab52cde5ff68f785dfa7a974eb5bacc74,ab14e7863aa6d828199b5c4323fc7705690debc2a4e4613feacded37a030ee27,PASS
training_set_metastatic_roi_089,D:\Research\PUMA\Code\TRAINING CODE\Dataset\01_training_dataset_geojson_nuclei\training_set_metastatic_roi_089_nuclei.geojson,D:\Research\PUMA\Code\TRAINING CODE\Dataset\01_training_dataset_tif_ROIs\training_set_metastatic_roi_089.tif,1024,1024,b53dfac562c4826aeee1afed42ae336c074819dca8d16b2ca3552d25a8f8615b,5a9edb767c0e6994aa19629a17cab1be9c2c2fcd8a1d2395cc924e3e470f7ce1,PASS
training_set_metastatic_roi_090,D:\Research\PUMA\Code\TRAINING CODE\Dataset\01_training_dataset_geojson_nuclei\training_set_metastatic_roi_090_nuclei.geojson,D:\Research\PUMA\Code\TRAINING CODE\Dataset\01_training_dataset_tif_ROIs\training_set_metastatic_roi_090.tif,1024,1024,392c9a75589a30a393d92e9b24e5412c69e8a88387535889a4b069fcc2a60479,f657b8696654702f5fedca3e0179ffa9bacef40f4fdc42a78ba82634621ba093,PASS
training_set_metastatic_roi_091,D:\Research\PUMA\Code\TRAINING CODE\Dataset\01_training_dataset_geojson_nuclei\training_set_metastatic_roi_091_nuclei.geojson,D:\Research\PUMA\Code\TRAINING CODE\Dataset\01_training_dataset_tif_ROIs\training_set_metastatic_roi_091.tif,1024,1024,c45a498ff6a4e46ee9bc5714a863bd002008f86e2e2f73fc6b4cc3f026b1b35a,78acaaf20ecb5bae4a7dc4a172732b36fbbf8647fe0d90db7e422be3436825d9,PASS
training_set_metastatic_roi_092,D:\Research\PUMA\Code\TRAINING CODE\Dataset\01_training_dataset_geojson_nuclei\training_set_metastatic_roi_092_nuclei.geojson,D:\Research\PUMA\Code\TRAINING CODE\Dataset\01_training_dataset_tif_ROIs\training_set_metastatic_roi_092.tif,1024,1024,f577fe39cf42ff1e6399653f76e86d18b6358fde71a548e5d6ed9bdfae6f1d28,6a001e85a75eeee04967d9c407acc07a1658ddb838a13a99e8a926539cbeb485,PASS
training_set_metastatic_roi_093,D:\Research\PUMA\Code\TRAINING CODE\Dataset\01_training_dataset_geojson_nuclei\training_set_metastatic_roi_093_nuclei.geojson,D:\Research\PUMA\Code\TRAINING CODE\Dataset\01_training_dataset_tif_ROIs\training_set_metastatic_roi_093.tif,1024,1024,4b4ab3b6e68d0b909cf111ded118313f7cbe0aa91534a7e98682d27968fbd00e,9d0dc8f7c840d6ae9177941f2f76278089bc4302b28f4f8cfb97ad5bc0e71b86,PASS
training_set_metastatic_roi_094,D:\Research\PUMA\Code\TRAINING CODE\Dataset\01_training_dataset_geojson_nuclei\training_set_metastatic_roi_094_nuclei.geojson,D:\Research\PUMA\Code\TRAINING CODE\Dataset\01_training_dataset_tif_ROIs\training_set_metastatic_roi_094.tif,1024,1024,78ba4825dd6ab4db6e27a5c18787b8d11bd9f3e1c9dac5482d8dc2df00d368c5,0bbc55539de354ad8681f35bfa3a27c1ef7640fcc4bec235661a7a4e08b99913,PASS
training_set_metastatic_roi_095,D:\Research\PUMA\Code\TRAINING CODE\Dataset\01_training_dataset_geojson_nuclei\training_set_metastatic_roi_095_nuclei.geojson,D:\Research\PUMA\Code\TRAINING CODE\Dataset\01_training_dataset_tif_ROIs\training_set_metastatic_roi_095.tif,1024,1024,63d695f7604062e70260b631013547a281abc5eb974c49622eeef186c8d79bba,832e6331970a3f1c131035ac3e7fd429a79bde68cc6f71963788c4e0881628e7,PASS
training_set_metastatic_roi_096,D:\Research\PUMA\Code\TRAINING CODE\Dataset\01_training_dataset_geojson_nuclei\training_set_metastatic_roi_096_nuclei.geojson,D:\Research\PUMA\Code\TRAINING CODE\Dataset\01_training_dataset_tif_ROIs\training_set_metastatic_roi_096.tif,1024,1024,7c514ae3f6f69c1c5d98f631ee44860d2bd5ec7bef40be1536116e6be3595a3e,b147be27d4687c25ad35f4e9b1462e5bcd836084a5123b587e43dc9bcb7e2586,PASS
training_set_metastatic_roi_097,D:\Research\PUMA\Code\TRAINING CODE\Dataset\01_training_dataset_geojson_nuclei\training_set_metastatic_roi_097_nuclei.geojson,D:\Research\PUMA\Code\TRAINING CODE\Dataset\01_training_dataset_tif_ROIs\training_set_metastatic_roi_097.tif,1024,1024,e57b837b8d2409a1b468e2baae1587a5bd1b0197edad6f177a2f54cefc60d626,36b534d2a928246e5fe620bc52d4590671d9955f1b9d7d76e92cd967f8d793fd,PASS
training_set_metastatic_roi_098,D:\Research\PUMA\Code\TRAINING CODE\Dataset\01_training_dataset_geojson_nuclei\training_set_metastatic_roi_098_nuclei.geojson,D:\Research\PUMA\Code\TRAINING CODE\Dataset\01_training_dataset_tif_ROIs\training_set_metastatic_roi_098.tif,1024,1024,742c9cf64a08cf3360d64ec1f31d3dbea35fb81738d2a6001b3ca6c7679fd6ed,b00a6d0f3126c5132f41f7c4d6a6cd7c9544f84cde09a34676807b3604b394a6,PASS
training_set_metastatic_roi_099,D:\Research\PUMA\Code\TRAINING CODE\Dataset\01_training_dataset_geojson_nuclei\training_set_metastatic_roi_099_nuclei.geojson,D:\Research\PUMA\Code\TRAINING CODE\Dataset\01_training_dataset_tif_ROIs\training_set_metastatic_roi_099.tif,1024,1024,b53a3c2c74e0a89c747d17cf137134cebea0162122763bc1801ba092a3907408,63d0bc3b52c0e2c7c404ab51e9016d731ce79c9b7902dc2818c18e7b41d093f2,PASS
training_set_metastatic_roi_100,D:\Research\PUMA\Code\TRAINING CODE\Dataset\01_training_dataset_geojson_nuclei\training_set_metastatic_roi_100_nuclei.geojson,D:\Research\PUMA\Code\TRAINING CODE\Dataset\01_training_dataset_tif_ROIs\training_set_metastatic_roi_100.tif,1024,1024,5909810ad9f7128106a3318fbf25d4f104c58d25c7678aed60d0e0bae00259c3,1dabdf866c6bb0407f22725c9b57c0feb297ef4f9fe6f04c491fc63b1c63b9bd,PASS
training_set_metastatic_roi_101,D:\Research\PUMA\Code\TRAINING CODE\Dataset\01_training_dataset_geojson_nuclei\training_set_metastatic_roi_101_nuclei.geojson,D:\Research\PUMA\Code\TRAINING CODE\Dataset\01_training_dataset_tif_ROIs\training_set_metastatic_roi_101.tif,1024,1024,64ea7d92208e6ade4a10b4b3b4e40b6db46bb569d7d3696ba26eacbd5ea31e12,527efc193a273a0d7a2e6882360f1cee67f4e19024eace9b21585eec41a17c96,PASS
training_set_metastatic_roi_102,D:\Research\PUMA\Code\TRAINING CODE\Dataset\01_training_dataset_geojson_nuclei\training_set_metastatic_roi_102_nuclei.geojson,D:\Research\PUMA\Code\TRAINING CODE\Dataset\01_training_dataset_tif_ROIs\training_set_metastatic_roi_102.tif,1024,1024,ea554ecef4e5c020794cc03d30f3e7bc5e0e469b213d2c015ff9b6c4b4deb366,1d3e45ba189cdff7af7d6646de9d4272d62f1aca8b80d4680e2acbc2d3bf6e02,PASS
training_set_primary_roi_001,D:\Research\PUMA\Code\TRAINING CODE\Dataset\01_training_dataset_geojson_nuclei\training_set_primary_roi_001_nuclei.geojson,D:\Research\PUMA\Code\TRAINING CODE\Dataset\01_training_dataset_tif_ROIs\training_set_primary_roi_001.tif,1024,1024,a39f877789b04b4583a5f88edc4518b026fa93126b1b4f96857b049b3e75ee85,fc176791fe79f26dafcaa965a00329c52c831b0d398a19a110d1e3f05a625664,PASS
training_set_primary_roi_002,D:\Research\PUMA\Code\TRAINING CODE\Dataset\01_training_dataset_geojson_nuclei\training_set_primary_roi_002_nuclei.geojson,D:\Research\PUMA\Code\TRAINING CODE\Dataset\01_training_dataset_tif_ROIs\training_set_primary_roi_002.tif,1024,1024,02c9f174f69696576468e7b9f6a79085d8df705829711df9dbf1c3c8ba0f00be,66d65d9b57c92f176ef3dfdc7b144da19571cd2725762f3997a3bfdceb39cd5a,PASS
training_set_primary_roi_003,D:\Research\PUMA\Code\TRAINING CODE\Dataset\01_training_dataset_geojson_nuclei\training_set_primary_roi_003_nuclei.geojson,D:\Research\PUMA\Code\TRAINING CODE\Dataset\01_training_dataset_tif_ROIs\training_set_primary_roi_003.tif,1024,1024,703210930ea4c36029f8764e93d1508a82627f2ab94ee6fdc4fd5ae4e094a29d,7cac1a0c5f2997ae146eab8e24cc675f88c960f0ecc7db8dbfe3a33feb510ec3,PASS
training_set_primary_roi_004,D:\Research\PUMA\Code\TRAINING CODE\Dataset\01_training_dataset_geojson_nuclei\training_set_primary_roi_004_nuclei.geojson,D:\Research\PUMA\Code\TRAINING CODE\Dataset\01_training_dataset_tif_ROIs\training_set_primary_roi_004.tif,1024,1024,98845e8693ca6250d495fb0f4f3f7236c4dfa333e787d040163d43317f61f9ec,34d13bdc3b05a9ab580f3edc63e826f38f1e1c10bafeacacb0d7573096226166,PASS
training_set_primary_roi_005,D:\Research\PUMA\Code\TRAINING CODE\Dataset\01_training_dataset_geojson_nuclei\training_set_primary_roi_005_nuclei.geojson,D:\Research\PUMA\Code\TRAINING CODE\Dataset\01_training_dataset_tif_ROIs\training_set_primary_roi_005.tif,1024,1024,2633885816e964faea036e197d5d644ecc5e024df9cb5083766653203da2d618,d0ee8ba27a0067b08d332987b8a8507868141511672bc483de725304ead2207b,PASS
training_set_primary_roi_006,D:\Research\PUMA\Code\TRAINING CODE\Dataset\01_training_dataset_geojson_nuclei\training_set_primary_roi_006_nuclei.geojson,D:\Research\PUMA\Code\TRAINING CODE\Dataset\01_training_dataset_tif_ROIs\training_set_primary_roi_006.tif,1024,1024,598fc2e05368057f8a47cf2159877b8932cd260d05fb3abe078d16d5012eb5c0,a026094885efedd92a363cee227806bcd6aab5bba52f683bdd04dc838a5a5355,PASS
training_set_primary_roi_007,D:\Research\PUMA\Code\TRAINING CODE\Dataset\01_training_dataset_geojson_nuclei\training_set_primary_roi_007_nuclei.geojson,D:\Research\PUMA\Code\TRAINING CODE\Dataset\01_training_dataset_tif_ROIs\training_set_primary_roi_007.tif,1024,1024,22bcc8b7a8c1d24f2bc0ae161f873176cbd596b14d58c7c87d75d90a5f7b2d4f,b3922852947ccc4586a6eff6d00ac9c3a9e134380da59ee44c15211d6c87b6d8,PASS
training_set_primary_roi_008,D:\Research\PUMA\Code\TRAINING CODE\Dataset\01_training_dataset_geojson_nuclei\training_set_primary_roi_008_nuclei.geojson,D:\Research\PUMA\Code\TRAINING CODE\Dataset\01_training_dataset_tif_ROIs\training_set_primary_roi_008.tif,1024,1024,273d28acb98cbdf7767b84a54f5e9fa2c8ac10c8847d41d9a6943e01679eecd5,74651ab5fe9889fe75a3d0d4cdd850f48bde6c94e09332ad7935a111ea3f528c,PASS
training_set_primary_roi_009,D:\Research\PUMA\Code\TRAINING CODE\Dataset\01_training_dataset_geojson_nuclei\training_set_primary_roi_009_nuclei.geojson,D:\Research\PUMA\Code\TRAINING CODE\Dataset\01_training_dataset_tif_ROIs\training_set_primary_roi_009.tif,1024,1024,7e8d9dc42ce39badebe0c61ea1a03ae74d794694f57ce88a2d2ac44bc091f0a3,9ceffec819d00285c3584e03623937d60d90448a7983c9a0da31ff3dbfdd62ca,PASS
training_set_primary_roi_010,D:\Research\PUMA\Code\TRAINING CODE\Dataset\01_training_dataset_geojson_nuclei\training_set_primary_roi_010_nuclei.geojson,D:\Research\PUMA\Code\TRAINING CODE\Dataset\01_training_dataset_tif_ROIs\training_set_primary_roi_010.tif,1024,1024,4a277c74cc6c215ab4ad37ff928472d45a7e7b7c705a34b314ca1a35c70b4f1c,209fb1cbb26429199c82f7574e9746ddb41c355c0ac60da0ab16c0f78b5b866d,PASS
training_set_primary_roi_011,D:\Research\PUMA\Code\TRAINING CODE\Dataset\01_training_dataset_geojson_nuclei\training_set_primary_roi_011_nuclei.geojson,D:\Research\PUMA\Code\TRAINING CODE\Dataset\01_training_dataset_tif_ROIs\training_set_primary_roi_011.tif,1024,1024,c2407d0142dd01fe71fb0fa064c21b2c7767386eca48f0e4f775ca84ef49eb80,9204629effa3094d3b39ad5eb0b9342f8ee6b7d2b139e3803f8899f23e1454ea,PASS
training_set_primary_roi_012,D:\Research\PUMA\Code\TRAINING CODE\Dataset\01_training_dataset_geojson_nuclei\training_set_primary_roi_012_nuclei.geojson,D:\Research\PUMA\Code\TRAINING CODE\Dataset\01_training_dataset_tif_ROIs\training_set_primary_roi_012.tif,1024,1024,634d786ebf895a360025293ecc3052c4608596ce00edec07a7c740952e1bd0fd,98bf8f2e91fd4d64ceaabc724690bc41970ef859633fe1bde091dc25f45a4f51,PASS
training_set_primary_roi_013,D:\Research\PUMA\Code\TRAINING CODE\Dataset\01_training_dataset_geojson_nuclei\training_set_primary_roi_013_nuclei.geojson,D:\Research\PUMA\Code\TRAINING CODE\Dataset\01_training_dataset_tif_ROIs\training_set_primary_roi_013.tif,1024,1024,10c2e005f043bca81cbd2df9b7cb1d265581cc82382f61ced78470f71fbc290f,16762f9f6ef5897cd3291dd844a4dd5ff549ac3473a5b40bed6a8d668219df96,PASS
training_set_primary_roi_014,D:\Research\PUMA\Code\TRAINING CODE\Dataset\01_training_dataset_geojson_nuclei\training_set_primary_roi_014_nuclei.geojson,D:\Research\PUMA\Code\TRAINING CODE\Dataset\01_training_dataset_tif_ROIs\training_set_primary_roi_014.tif,1024,1024,2f384751781544724f776c388c51e19f30f46f3a4178e0157a2b36ea1b0b7502,ee1a14a0461dbb3bf916bc64c06e27bb1f99c6a8ede0b3b78d7824c3276bf163,PASS
training_set_primary_roi_015,D:\Research\PUMA\Code\TRAINING CODE\Dataset\01_training_dataset_geojson_nuclei\training_set_primary_roi_015_nuclei.geojson,D:\Research\PUMA\Code\TRAINING CODE\Dataset\01_training_dataset_tif_ROIs\training_set_primary_roi_015.tif,1024,1024,8a536e155d3e3b44f9e19f7010d26a6b229412ade938c2fcc8afd8718bc37f2b,09343d47b3b36f14ab762d94e02c75f938cbf18fd94c68e2511f774cc0f8b377,PASS
training_set_primary_roi_016,D:\Research\PUMA\Code\TRAINING CODE\Dataset\01_training_dataset_geojson_nuclei\training_set_primary_roi_016_nuclei.geojson,D:\Research\PUMA\Code\TRAINING CODE\Dataset\01_training_dataset_tif_ROIs\training_set_primary_roi_016.tif,1024,1024,58388c7e85df1735ad1a4c6f4a4bb0c0c70fbe8d2270e0bf10ae368f410e264d,903d1be446571f69324d0780c0292b96eb7a6a591a7bb8143313e1aa27529a9f,PASS
training_set_primary_roi_017,D:\Research\PUMA\Code\TRAINING CODE\Dataset\01_training_dataset_geojson_nuclei\training_set_primary_roi_017_nuclei.geojson,D:\Research\PUMA\Code\TRAINING CODE\Dataset\01_training_dataset_tif_ROIs\training_set_primary_roi_017.tif,1024,1024,ae1a111c8b7467e21db91847b8dc467a086f292b62e05fc2a8fdbff617990b4d,a1c809d9e715e3c76de0f5cd623d0c07cb2eb8a02f1fa608d543cd25cbd9663e,PASS
training_set_primary_roi_018,D:\Research\PUMA\Code\TRAINING CODE\Dataset\01_training_dataset_geojson_nuclei\training_set_primary_roi_018_nuclei.geojson,D:\Research\PUMA\Code\TRAINING CODE\Dataset\01_training_dataset_tif_ROIs\training_set_primary_roi_018.tif,1024,1024,5557cb8a6719826a8c3550c4271c3c327d1fcab689f1fa0a8787b9e4a6fd372c,bab24ad5b1fcc61e702f4ac2878a22f61b8193c6406aa0e79a4746a1bc8a8a02,PASS
training_set_primary_roi_019,D:\Research\PUMA\Code\TRAINING CODE\Dataset\01_training_dataset_geojson_nuclei\training_set_primary_roi_019_nuclei.geojson,D:\Research\PUMA\Code\TRAINING CODE\Dataset\01_training_dataset_tif_ROIs\training_set_primary_roi_019.tif,1024,1024,1e81714bce562cffa8d2d4d12e5dba5cdfe0d5008ce354a1ed671398eabf27b4,6f21dfff0f9474b709fec2f544d3b264edca9793fabbd2e061be8226b6fc54aa,PASS
training_set_primary_roi_020,D:\Research\PUMA\Code\TRAINING CODE\Dataset\01_training_dataset_geojson_nuclei\training_set_primary_roi_020_nuclei.geojson,D:\Research\PUMA\Code\TRAINING CODE\Dataset\01_training_dataset_tif_ROIs\training_set_primary_roi_020.tif,1024,1024,28c95b5588210c52dfcf20df50e7e9a9e8b069f14bee30b9b7e6cf24ad9feaef,94f44e489823bde23933cfe29c99730042105aae06ada233665d4a82bc347c21,PASS
training_set_primary_roi_021,D:\Research\PUMA\Code\TRAINING CODE\Dataset\01_training_dataset_geojson_nuclei\training_set_primary_roi_021_nuclei.geojson,D:\Research\PUMA\Code\TRAINING CODE\Dataset\01_training_dataset_tif_ROIs\training_set_primary_roi_021.tif,1024,1024,971267e778b3f77434317262cc0387f374a82fbd38af5ae01d1295da06903549,4e58c9e278448f1b26d2c12d8de0654cf3c0231a097a64b4e3894b89d57adf37,PASS
training_set_primary_roi_022,D:\Research\PUMA\Code\TRAINING CODE\Dataset\01_training_dataset_geojson_nuclei\training_set_primary_roi_022_nuclei.geojson,D:\Research\PUMA\Code\TRAINING CODE\Dataset\01_training_dataset_tif_ROIs\training_set_primary_roi_022.tif,1024,1024,487668081ccf4f56932e55bd333318079052215fccf3ff288bd5c1ac0e3fc59a,77313bf44383560ef5e2cac31fdb0291fe918ca7460503fe6415bfcef2531a89,PASS
training_set_primary_roi_023,D:\Research\PUMA\Code\TRAINING CODE\Dataset\01_training_dataset_geojson_nuclei\training_set_primary_roi_023_nuclei.geojson,D:\Research\PUMA\Code\TRAINING CODE\Dataset\01_training_dataset_tif_ROIs\training_set_primary_roi_023.tif,1024,1024,c28974c5c2702879efa783e5503b9e979f5f16531c200b923b4ddf75e4de1023,2eb07032af1d828b0201fbd5daecab93514bcda8f5ae0a1f6c1b4925549cba01,PASS
training_set_primary_roi_024,D:\Research\PUMA\Code\TRAINING CODE\Dataset\01_training_dataset_geojson_nuclei\training_set_primary_roi_024_nuclei.geojson,D:\Research\PUMA\Code\TRAINING CODE\Dataset\01_training_dataset_tif_ROIs\training_set_primary_roi_024.tif,1024,1024,e452a77c09d29a8acc727da8e81000f06ee3a6e26a9963889593e81600344318,5de73e8d1829f59f40385202e2010621f3321b13bef5ef32bdc726ef226e67eb,PASS
training_set_primary_roi_025,D:\Research\PUMA\Code\TRAINING CODE\Dataset\01_training_dataset_geojson_nuclei\training_set_primary_roi_025_nuclei.geojson,D:\Research\PUMA\Code\TRAINING CODE\Dataset\01_training_dataset_tif_ROIs\training_set_primary_roi_025.tif,1024,1024,56b7ca56592118d4048deab5f44cd4e184d924c1b4b170420f966eb62fa27a1d,5bf7924de38d7be3da2ca8f8ee206a36e51d141fa8d4efaa900e0fa05efe036d,PASS
training_set_primary_roi_026,D:\Research\PUMA\Code\TRAINING CODE\Dataset\01_training_dataset_geojson_nuclei\training_set_primary_roi_026_nuclei.geojson,D:\Research\PUMA\Code\TRAINING CODE\Dataset\01_training_dataset_tif_ROIs\training_set_primary_roi_026.tif,1024,1024,ced7af94f12a347eac29eff8f70929b079db05a45ce2a5ae25f2ec2af2bdf0bd,3fd471058b38cba23b624a97f5e63d99bcd317eee196282d604166bb8bec3da9,PASS
training_set_primary_roi_027,D:\Research\PUMA\Code\TRAINING CODE\Dataset\01_training_dataset_geojson_nuclei\training_set_primary_roi_027_nuclei.geojson,D:\Research\PUMA\Code\TRAINING CODE\Dataset\01_training_dataset_tif_ROIs\training_set_primary_roi_027.tif,1024,1024,85e011d3c8502d5a1539495625e12db8a0b8548ff6da4b446de0fb7fbc7321eb,b7b0aaeb2b1cd5594e10355515dbb5b9916c136f7c55411fba4aa9b9a5c7a72e,PASS
training_set_primary_roi_028,D:\Research\PUMA\Code\TRAINING CODE\Dataset\01_training_dataset_geojson_nuclei\training_set_primary_roi_028_nuclei.geojson,D:\Research\PUMA\Code\TRAINING CODE\Dataset\01_training_dataset_tif_ROIs\training_set_primary_roi_028.tif,1024,1024,877e19968716fc2a29836999333a7d5a80ae8362b0a2f07e79b80434961b7413,262a9b1f3354a392ea079e48cf7bbbd329fb28e3e39051016cc20f43a2e02868,PASS
training_set_primary_roi_029,D:\Research\PUMA\Code\TRAINING CODE\Dataset\01_training_dataset_geojson_nuclei\training_set_primary_roi_029_nuclei.geojson,D:\Research\PUMA\Code\TRAINING CODE\Dataset\01_training_dataset_tif_ROIs\training_set_primary_roi_029.tif,1024,1024,0ba608306d5e1d9724c205e708715feb49472a154e9e245fc954535795a1e36c,da1ea2c1b606c9a685963bcdafd6c333f48bd7db66c7bb4acfea9440c579f4e4,PASS
training_set_primary_roi_030,D:\Research\PUMA\Code\TRAINING CODE\Dataset\01_training_dataset_geojson_nuclei\training_set_primary_roi_030_nuclei.geojson,D:\Research\PUMA\Code\TRAINING CODE\Dataset\01_training_dataset_tif_ROIs\training_set_primary_roi_030.tif,1024,1024,20963b0f9b5fdf6573452cb7ebed3073f6830a5f525e8b065f781de6d85ff85c,0ac6dfdf69ea733c92fece7847ee18b341a3b7994d8eca9382d0bcc6cdce721a,PASS
training_set_primary_roi_031,D:\Research\PUMA\Code\TRAINING CODE\Dataset\01_training_dataset_geojson_nuclei\training_set_primary_roi_031_nuclei.geojson,D:\Research\PUMA\Code\TRAINING CODE\Dataset\01_training_dataset_tif_ROIs\training_set_primary_roi_031.tif,1024,1024,dbe6aca3c68d33ce6ce1afada1b152400cc18213285ce4e1bd896c1951270145,dbc06da85c096f6e3f62af5cfd0ba3c0e703c4d540021835813edd70411e65fa,PASS
training_set_primary_roi_032,D:\Research\PUMA\Code\TRAINING CODE\Dataset\01_training_dataset_geojson_nuclei\training_set_primary_roi_032_nuclei.geojson,D:\Research\PUMA\Code\TRAINING CODE\Dataset\01_training_dataset_tif_ROIs\training_set_primary_roi_032.tif,1024,1024,ff395dfc2c2ffc79783b27757c4d034dfb5edf324950f0b50bc48e195f8a3fc9,aa76503f1e96e3ac6f8cab7485be947ff9062f28324d9068caf30e8badbd0ba4,PASS
training_set_primary_roi_033,D:\Research\PUMA\Code\TRAINING CODE\Dataset\01_training_dataset_geojson_nuclei\training_set_primary_roi_033_nuclei.geojson,D:\Research\PUMA\Code\TRAINING CODE\Dataset\01_training_dataset_tif_ROIs\training_set_primary_roi_033.tif,1024,1024,edf412bd2dcab47c01464952af2c5cf28d95897e1986f6308ab7c3fac8e0ec3d,aa331418db8f3a6c4efb782217c61c8ce5073ea33b743b021898b60799471a4b,PASS
training_set_primary_roi_034,D:\Research\PUMA\Code\TRAINING CODE\Dataset\01_training_dataset_geojson_nuclei\training_set_primary_roi_034_nuclei.geojson,D:\Research\PUMA\Code\TRAINING CODE\Dataset\01_training_dataset_tif_ROIs\training_set_primary_roi_034.tif,1024,1024,0cc1bc1fea6a0e333df4e6c25fb77148e834864daced1fe47fe23d7f53529988,6cdf7543cae1be7b7a786d693b1d0c31e8a6e306185a5dd3dfb7ca2354ceac43,PASS
training_set_primary_roi_035,D:\Research\PUMA\Code\TRAINING CODE\Dataset\01_training_dataset_geojson_nuclei\training_set_primary_roi_035_nuclei.geojson,D:\Research\PUMA\Code\TRAINING CODE\Dataset\01_training_dataset_tif_ROIs\training_set_primary_roi_035.tif,1024,1024,385b76cab0951f49853b28ae4f4bd3114a460cd275f6725ec3082c87f9ec8df1,2e5adaf0f6aa4ecb8aa94aa8b878f0575b029040c28f085bf4d0b55aeebe2d57,PASS
training_set_primary_roi_036,D:\Research\PUMA\Code\TRAINING CODE\Dataset\01_training_dataset_geojson_nuclei\training_set_primary_roi_036_nuclei.geojson,D:\Research\PUMA\Code\TRAINING CODE\Dataset\01_training_dataset_tif_ROIs\training_set_primary_roi_036.tif,1024,1024,6e81e9e5adda74ae17bb326ccace0c4b105d97dedbacee0ee506b86344167720,7144be1d6df2f3413ba8dd007124e3cdc38af2f444a69f19cbb23f6abeaa8548,PASS
training_set_primary_roi_037,D:\Research\PUMA\Code\TRAINING CODE\Dataset\01_training_dataset_geojson_nuclei\training_set_primary_roi_037_nuclei.geojson,D:\Research\PUMA\Code\TRAINING CODE\Dataset\01_training_dataset_tif_ROIs\training_set_primary_roi_037.tif,1024,1024,177919fa7fc12933245346b39cd7d24139df61047e577ac7b50eaac77b8eabcd,578f8e5342dc26fb47a74e5ddf28dcd1190f56135f427ea31f4e58240c63499c,PASS
training_set_primary_roi_038,D:\Research\PUMA\Code\TRAINING CODE\Dataset\01_training_dataset_geojson_nuclei\training_set_primary_roi_038_nuclei.geojson,D:\Research\PUMA\Code\TRAINING CODE\Dataset\01_training_dataset_tif_ROIs\training_set_primary_roi_038.tif,1024,1024,531321bec8bef5682d927ff882e37ad8a8910f75c9208046cbab7810ac22daad,2c1175b48b068578a6c97f22af4884990b73369f001f4a75604f23030eda9a42,PASS
training_set_primary_roi_039,D:\Research\PUMA\Code\TRAINING CODE\Dataset\01_training_dataset_geojson_nuclei\training_set_primary_roi_039_nuclei.geojson,D:\Research\PUMA\Code\TRAINING CODE\Dataset\01_training_dataset_tif_ROIs\training_set_primary_roi_039.tif,1024,1024,db26c95ff71e67ff24bcfebb12d4b6e046ca87b9f13b7e476757ae991bee34c9,55322dc31060df65de154fffd22333f09240185165380373e48e1f67d6bb988f,PASS
training_set_primary_roi_040,D:\Research\PUMA\Code\TRAINING CODE\Dataset\01_training_dataset_geojson_nuclei\training_set_primary_roi_040_nuclei.geojson,D:\Research\PUMA\Code\TRAINING CODE\Dataset\01_training_dataset_tif_ROIs\training_set_primary_roi_040.tif,1024,1024,24ee146d7a53edfe4e501a95a259396524f00781b954ae2f0c1d79d3b02625fe,71524de9ef8b9b95a607a007cab8b2f988354c1e022264c704ebff9c3d0a7ee0,PASS
training_set_primary_roi_041,D:\Research\PUMA\Code\TRAINING CODE\Dataset\01_training_dataset_geojson_nuclei\training_set_primary_roi_041_nuclei.geojson,D:\Research\PUMA\Code\TRAINING CODE\Dataset\01_training_dataset_tif_ROIs\training_set_primary_roi_041.tif,1024,1024,67230dc8608a93167a984367ded32395bb3875981c795caf23876cb5383a8014,c2b235ce1d6d77a1440b8cb2c66af71061e059a847938d1412fe1a3b092c6af6,PASS
training_set_primary_roi_042,D:\Research\PUMA\Code\TRAINING CODE\Dataset\01_training_dataset_geojson_nuclei\training_set_primary_roi_042_nuclei.geojson,D:\Research\PUMA\Code\TRAINING CODE\Dataset\01_training_dataset_tif_ROIs\training_set_primary_roi_042.tif,1024,1024,1237915f15450029dcc14a63bd2d78c0d06c177796e474c0a82f3d2e5c7fea92,fd279f2d6a307f5553edb70e17f3dde1192eab3e764742c5b62e43ac495cc029,PASS
training_set_primary_roi_043,D:\Research\PUMA\Code\TRAINING CODE\Dataset\01_training_dataset_geojson_nuclei\training_set_primary_roi_043_nuclei.geojson,D:\Research\PUMA\Code\TRAINING CODE\Dataset\01_training_dataset_tif_ROIs\training_set_primary_roi_043.tif,1024,1024,daf60f0197d733aa8e6e52433a8228941b705efdf11c3bc196c1c6d1155a7a9f,5467aebed2f500c50a59b217ab0f48fcd64a852ea9a57e5e4e4f48e718053c6c,PASS
training_set_primary_roi_044,D:\Research\PUMA\Code\TRAINING CODE\Dataset\01_training_dataset_geojson_nuclei\training_set_primary_roi_044_nuclei.geojson,D:\Research\PUMA\Code\TRAINING CODE\Dataset\01_training_dataset_tif_ROIs\training_set_primary_roi_044.tif,1024,1024,f98748ab43bd9f3c9bf31be21c165b32660b4f6c5be4e9b5e27553920840c87b,eccf57e40af9741371062e2d64bb964a0cd94ab0707a5233a297ff73c48ea8e5,PASS
training_set_primary_roi_045,D:\Research\PUMA\Code\TRAINING CODE\Dataset\01_training_dataset_geojson_nuclei\training_set_primary_roi_045_nuclei.geojson,D:\Research\PUMA\Code\TRAINING CODE\Dataset\01_training_dataset_tif_ROIs\training_set_primary_roi_045.tif,1024,1024,61b9de9920ee53bef3828ceec8b602e736108d9ea1bf02c0101052003eaeddd1,b3f0adda494327b5cfef35d3c686e4bde345a3c9236c2b85dca894538d1a3bbc,PASS
training_set_primary_roi_046,D:\Research\PUMA\Code\TRAINING CODE\Dataset\01_training_dataset_geojson_nuclei\training_set_primary_roi_046_nuclei.geojson,D:\Research\PUMA\Code\TRAINING CODE\Dataset\01_training_dataset_tif_ROIs\training_set_primary_roi_046.tif,1024,1024,43beeabd94d1df2f5bf29aba3cd4a83fe57e87c2b62a69c0e2621bfcc44b2bc1,c1039760c29eb94f09bd64ee3d462a945ed2bbe02f8757c8efc7d834171e9cad,PASS
training_set_primary_roi_047,D:\Research\PUMA\Code\TRAINING CODE\Dataset\01_training_dataset_geojson_nuclei\training_set_primary_roi_047_nuclei.geojson,D:\Research\PUMA\Code\TRAINING CODE\Dataset\01_training_dataset_tif_ROIs\training_set_primary_roi_047.tif,1024,1024,21d2f09f06d4ff47d3db448bb0279e114f58b3518b6c29dc80d2076ff234a8c2,67d146286403656f2f51adaf2abf3795bbec87ccb469895b55b5147f4084750c,PASS
training_set_primary_roi_048,D:\Research\PUMA\Code\TRAINING CODE\Dataset\01_training_dataset_geojson_nuclei\training_set_primary_roi_048_nuclei.geojson,D:\Research\PUMA\Code\TRAINING CODE\Dataset\01_training_dataset_tif_ROIs\training_set_primary_roi_048.tif,1024,1024,dc20988ed8572eb240a32c08301317e94ef24b309eff32c222e235c01256fb2d,4808642657036aaf0cdf19e700bdf556d8fda8246f6ff36c08b11dfd0df94415,PASS
training_set_primary_roi_049,D:\Research\PUMA\Code\TRAINING CODE\Dataset\01_training_dataset_geojson_nuclei\training_set_primary_roi_049_nuclei.geojson,D:\Research\PUMA\Code\TRAINING CODE\Dataset\01_training_dataset_tif_ROIs\training_set_primary_roi_049.tif,1024,1024,9b9379a258794c71b6002806d1f005e5fcaacff57af968303d76f3a189118df8,428c48b4ebd622c11fa252998da0e9e44d73e98ce5e468d714faf4c80fe8d3ff,PASS
training_set_primary_roi_050,D:\Research\PUMA\Code\TRAINING CODE\Dataset\01_training_dataset_geojson_nuclei\training_set_primary_roi_050_nuclei.geojson,D:\Research\PUMA\Code\TRAINING CODE\Dataset\01_training_dataset_tif_ROIs\training_set_primary_roi_050.tif,1024,1024,d64f1d72e346c6e5ff51cfcd77fa95db559769ec9f72e77e7c85b4dba5cfb975,4a6aaa0ddf18eac4bce9541c701c9c5521f3447ee0a72b478580b3e58550d202,PASS
training_set_primary_roi_051,D:\Research\PUMA\Code\TRAINING CODE\Dataset\01_training_dataset_geojson_nuclei\training_set_primary_roi_051_nuclei.geojson,D:\Research\PUMA\Code\TRAINING CODE\Dataset\01_training_dataset_tif_ROIs\training_set_primary_roi_051.tif,1024,1024,8e77e1e29409cd27fcea4bb0ad39207b60f842605642297fc79776d21578235f,65ff6528a6e72e8ecf15f39f62b7f81906b58344e6283ed03419d20d04f85baa,PASS
training_set_primary_roi_052,D:\Research\PUMA\Code\TRAINING CODE\Dataset\01_training_dataset_geojson_nuclei\training_set_primary_roi_052_nuclei.geojson,D:\Research\PUMA\Code\TRAINING CODE\Dataset\01_training_dataset_tif_ROIs\training_set_primary_roi_052.tif,1024,1024,5317270ad20d85491f1a07b6b0106d5ee2139d52fff38cd684a2619963ab758f,3f72e620fad2f4f4ae04083bdfe03a5ed5fdc7dca9199559b34f58b7be0e3196,PASS
training_set_primary_roi_053,D:\Research\PUMA\Code\TRAINING CODE\Dataset\01_training_dataset_geojson_nuclei\training_set_primary_roi_053_nuclei.geojson,D:\Research\PUMA\Code\TRAINING CODE\Dataset\01_training_dataset_tif_ROIs\training_set_primary_roi_053.tif,1024,1024,dc5511a3ae4a14b1dc9fde89618411f4a1975fd2db24af7de320104fbc5c2426,e64bfcd79d0df7eff30091e16f965270e790f0f27dd3914465fcb3b5f9aa40a9,PASS
training_set_primary_roi_054,D:\Research\PUMA\Code\TRAINING CODE\Dataset\01_training_dataset_geojson_nuclei\training_set_primary_roi_054_nuclei.geojson,D:\Research\PUMA\Code\TRAINING CODE\Dataset\01_training_dataset_tif_ROIs\training_set_primary_roi_054.tif,1024,1024,5b81543594a987f3e8b413dd7df1404475f1d3ad390453dcd4f98c93d55ef603,165b6de59bc78e6c32c6ed07712837e53795ae80e1ec5d627ffe15a434187901,PASS
training_set_primary_roi_055,D:\Research\PUMA\Code\TRAINING CODE\Dataset\01_training_dataset_geojson_nuclei\training_set_primary_roi_055_nuclei.geojson,D:\Research\PUMA\Code\TRAINING CODE\Dataset\01_training_dataset_tif_ROIs\training_set_primary_roi_055.tif,1024,1024,160c9d314a6df013f2b6b8e0211a57248f80604f9fee0aa17dddbb3dd9d26cc5,30f40597b261659fada5d362c590117934301855f40a0e0334fc7196812e678d,PASS
training_set_primary_roi_056,D:\Research\PUMA\Code\TRAINING CODE\Dataset\01_training_dataset_geojson_nuclei\training_set_primary_roi_056_nuclei.geojson,D:\Research\PUMA\Code\TRAINING CODE\Dataset\01_training_dataset_tif_ROIs\training_set_primary_roi_056.tif,1024,1024,890b9560bfcd383088b8832ddee4ed212384d745bb1bf8885d58e102a790d038,195d7e44514c14776f8b5af257b30c88e2fb00043c5bbe967017dfad5186410b,PASS
training_set_primary_roi_057,D:\Research\PUMA\Code\TRAINING CODE\Dataset\01_training_dataset_geojson_nuclei\training_set_primary_roi_057_nuclei.geojson,D:\Research\PUMA\Code\TRAINING CODE\Dataset\01_training_dataset_tif_ROIs\training_set_primary_roi_057.tif,1024,1024,129c1b32fd2e2d5a2b1f9dd9817912552915227f67913f387efcf791ca2e4017,e0cf05e336ff478876997e2acb55524639fe149101ea15c4415f0195706d6d94,PASS
training_set_primary_roi_058,D:\Research\PUMA\Code\TRAINING CODE\Dataset\01_training_dataset_geojson_nuclei\training_set_primary_roi_058_nuclei.geojson,D:\Research\PUMA\Code\TRAINING CODE\Dataset\01_training_dataset_tif_ROIs\training_set_primary_roi_058.tif,1024,1024,9e878e7c38d922e8645877d3da3f8ecc45cf70178ce9420a763bcaa1fd3307ef,6350e7e55d8cbb7466d40482ac1f4e5888ccf1dcb414701d67f653face402028,PASS
training_set_primary_roi_059,D:\Research\PUMA\Code\TRAINING CODE\Dataset\01_training_dataset_geojson_nuclei\training_set_primary_roi_059_nuclei.geojson,D:\Research\PUMA\Code\TRAINING CODE\Dataset\01_training_dataset_tif_ROIs\training_set_primary_roi_059.tif,1024,1024,991d60e9a87464d5fc02f2842f3dbd83f9796a6621848b1e7c974b321bd83eed,1b643e7b5587bd3acf9d26829b4ab51e3de0b3a9a6067b5065083d9c959e802a,PASS
training_set_primary_roi_060,D:\Research\PUMA\Code\TRAINING CODE\Dataset\01_training_dataset_geojson_nuclei\training_set_primary_roi_060_nuclei.geojson,D:\Research\PUMA\Code\TRAINING CODE\Dataset\01_training_dataset_tif_ROIs\training_set_primary_roi_060.tif,1024,1024,55881a679e6a075036f42364d733061dc24233afa739f5eff7402752af1e6020,b934aa539168eabebb9be5be3469096a146fbf9f9fc8107861501f48dfe6f520,PASS
training_set_primary_roi_061,D:\Research\PUMA\Code\TRAINING CODE\Dataset\01_training_dataset_geojson_nuclei\training_set_primary_roi_061_nuclei.geojson,D:\Research\PUMA\Code\TRAINING CODE\Dataset\01_training_dataset_tif_ROIs\training_set_primary_roi_061.tif,1024,1024,747eef49816d31e3280d0908841e56227a0b5ffc3bb8d13edec824ffca15a178,0f13040d5e3c11dbdcd6c124b28c8c796cd1f04aa9229abef37d7a04033f88c4,PASS
training_set_primary_roi_062,D:\Research\PUMA\Code\TRAINING CODE\Dataset\01_training_dataset_geojson_nuclei\training_set_primary_roi_062_nuclei.geojson,D:\Research\PUMA\Code\TRAINING CODE\Dataset\01_training_dataset_tif_ROIs\training_set_primary_roi_062.tif,1024,1024,f7931408149542c5ef0ffd2aee3798d36ffe78dbb8c1e97ea5a54db18aeb25a1,cfda64e4d036e7906ef61c339756c2fe4626c6eb3530ade29f716038dbe66f1b,PASS
training_set_primary_roi_063,D:\Research\PUMA\Code\TRAINING CODE\Dataset\01_training_dataset_geojson_nuclei\training_set_primary_roi_063_nuclei.geojson,D:\Research\PUMA\Code\TRAINING CODE\Dataset\01_training_dataset_tif_ROIs\training_set_primary_roi_063.tif,1024,1024,3d089e016b44599a7abd98f0e2f18b4e14fa45f77bd2ed9ffd57fcfd4530afc0,2279943e39bff92acee910c717b42a7c7a89040b2ddd764429eb1d2847115d67,PASS
training_set_primary_roi_064,D:\Research\PUMA\Code\TRAINING CODE\Dataset\01_training_dataset_geojson_nuclei\training_set_primary_roi_064_nuclei.geojson,D:\Research\PUMA\Code\TRAINING CODE\Dataset\01_training_dataset_tif_ROIs\training_set_primary_roi_064.tif,1024,1024,4f2b3d0286cfc2189caed2ec6d0fda58b7a56449efdbb14f3ac50f9618be1b91,35c8e27d35831c861efd8cd008b43e5972cf791b945247fabb57d2f5b583915c,PASS
training_set_primary_roi_065,D:\Research\PUMA\Code\TRAINING CODE\Dataset\01_training_dataset_geojson_nuclei\training_set_primary_roi_065_nuclei.geojson,D:\Research\PUMA\Code\TRAINING CODE\Dataset\01_training_dataset_tif_ROIs\training_set_primary_roi_065.tif,1024,1024,127af6bfd2cb8770f302a2968297981723b2f728a3d846383a500ceccf308c3b,6d9356012feeb8548f79cf64275c288b6273e6f3e1fc9a2fc4065041e7490ae3,PASS
training_set_primary_roi_066,D:\Research\PUMA\Code\TRAINING CODE\Dataset\01_training_dataset_geojson_nuclei\training_set_primary_roi_066_nuclei.geojson,D:\Research\PUMA\Code\TRAINING CODE\Dataset\01_training_dataset_tif_ROIs\training_set_primary_roi_066.tif,1024,1024,0aa47a02bad04fa37ad7f2ffc0984a1770f5831efaf2966a138ba0317c422e17,d5519bb98ebc75d9e06dcd0c4944203aeb85915456a553bb4d0e1106f382cfb8,PASS
training_set_primary_roi_067,D:\Research\PUMA\Code\TRAINING CODE\Dataset\01_training_dataset_geojson_nuclei\training_set_primary_roi_067_nuclei.geojson,D:\Research\PUMA\Code\TRAINING CODE\Dataset\01_training_dataset_tif_ROIs\training_set_primary_roi_067.tif,1024,1024,74081ffa5a984123c12defb138afa30e6b80085c3e2265db94122004a4955801,cc9272136d673b86efda5d8704ce7fea3ae3e79c9fd89ddfdf40d35a147c22be,PASS
training_set_primary_roi_068,D:\Research\PUMA\Code\TRAINING CODE\Dataset\01_training_dataset_geojson_nuclei\training_set_primary_roi_068_nuclei.geojson,D:\Research\PUMA\Code\TRAINING CODE\Dataset\01_training_dataset_tif_ROIs\training_set_primary_roi_068.tif,1024,1024,e4924abcd94e804fa4388903b79d43e330503735035b0776ea66b18665d9219b,902f19e59c8878060b77977468485a2510f1c6c35c5e4cc8df41dd7ee7233218,PASS
training_set_primary_roi_069,D:\Research\PUMA\Code\TRAINING CODE\Dataset\01_training_dataset_geojson_nuclei\training_set_primary_roi_069_nuclei.geojson,D:\Research\PUMA\Code\TRAINING CODE\Dataset\01_training_dataset_tif_ROIs\training_set_primary_roi_069.tif,1024,1024,205604ea816f0a932d6513369692adc6f0fd2a3b85ed1eb80ec9fc9f896e9a6a,0d299169e9f2255cdc825457b5132015583b6c948af93baa69bfe51410b53979,PASS
training_set_primary_roi_070,D:\Research\PUMA\Code\TRAINING CODE\Dataset\01_training_dataset_geojson_nuclei\training_set_primary_roi_070_nuclei.geojson,D:\Research\PUMA\Code\TRAINING CODE\Dataset\01_training_dataset_tif_ROIs\training_set_primary_roi_070.tif,1024,1024,76a667d909b35f78ef13321f8469d67734fa58f063d04cf5dd9f9f0845d4869d,f2512d5a407b3840f5d68ffac30f67cbee39618b93f80e8f64bd113b085eeb9a,PASS
training_set_primary_roi_071,D:\Research\PUMA\Code\TRAINING CODE\Dataset\01_training_dataset_geojson_nuclei\training_set_primary_roi_071_nuclei.geojson,D:\Research\PUMA\Code\TRAINING CODE\Dataset\01_training_dataset_tif_ROIs\training_set_primary_roi_071.tif,1024,1024,0d67f557127929f5ab4fce1e4a57df14decaf7070065548a7ccf071bc2ba9b49,f881ca59a04dbeee91aeca5d8e24bdfdc503d1ca8f9fd7c33b773071fec39f50,PASS
training_set_primary_roi_072,D:\Research\PUMA\Code\TRAINING CODE\Dataset\01_training_dataset_geojson_nuclei\training_set_primary_roi_072_nuclei.geojson,D:\Research\PUMA\Code\TRAINING CODE\Dataset\01_training_dataset_tif_ROIs\training_set_primary_roi_072.tif,1024,1024,cfd79401625a567d2f7bfd6e5f11fd5c84bafc9fe7c026ea63ae1a49ce44b01c,42e4bb37f34e814f3afa3ed1b268ae2df3702c23c5d4014fde7533cec3f7ded2,PASS
training_set_primary_roi_073,D:\Research\PUMA\Code\TRAINING CODE\Dataset\01_training_dataset_geojson_nuclei\training_set_primary_roi_073_nuclei.geojson,D:\Research\PUMA\Code\TRAINING CODE\Dataset\01_training_dataset_tif_ROIs\training_set_primary_roi_073.tif,1024,1024,a890a20da3e507028ae128999c2447ff2b700228aa5fbac965ea0294eabadaf5,e6ab008aed89025489d9f7489d69c7429d1013f7d85936edb0214bc5fd30198a,PASS
training_set_primary_roi_074,D:\Research\PUMA\Code\TRAINING CODE\Dataset\01_training_dataset_geojson_nuclei\training_set_primary_roi_074_nuclei.geojson,D:\Research\PUMA\Code\TRAINING CODE\Dataset\01_training_dataset_tif_ROIs\training_set_primary_roi_074.tif,1024,1024,07e653aec101c63ca1c4dc314c9389e9b82d9ff23a5118c22a182b23ac10a1d4,fbafbd272570c441e1f36ae8c4df509629a79a512722d10ee331292dfe93a659,PASS
training_set_primary_roi_075,D:\Research\PUMA\Code\TRAINING CODE\Dataset\01_training_dataset_geojson_nuclei\training_set_primary_roi_075_nuclei.geojson,D:\Research\PUMA\Code\TRAINING CODE\Dataset\01_training_dataset_tif_ROIs\training_set_primary_roi_075.tif,1024,1024,baa402768c0f0698976057f19e6f4b0d43c3d8d71250ec13d374bf0043633463,d52f83c6fe7f2f5acd139d4801c1c0ea701b925fb8173c02be354fb8d1d57c7b,PASS
training_set_primary_roi_076,D:\Research\PUMA\Code\TRAINING CODE\Dataset\01_training_dataset_geojson_nuclei\training_set_primary_roi_076_nuclei.geojson,D:\Research\PUMA\Code\TRAINING CODE\Dataset\01_training_dataset_tif_ROIs\training_set_primary_roi_076.tif,1024,1024,4667ae6600aa1a10e9de3678b23bd6d156e6b5a48db47cee78f23b85a27695b4,4c171adc6f378b55a8791d6f9a4da62e89df5de40271fcf32810333240e5e965,PASS
training_set_primary_roi_077,D:\Research\PUMA\Code\TRAINING CODE\Dataset\01_training_dataset_geojson_nuclei\training_set_primary_roi_077_nuclei.geojson,D:\Research\PUMA\Code\TRAINING CODE\Dataset\01_training_dataset_tif_ROIs\training_set_primary_roi_077.tif,1024,1024,19bea84b34d6a6e8d1f4c98bbc42876115c7cec362ece8439ba9e92a29cbbcf7,29007f49ace2db10eea0635f1f283f29bb423dd1440b5511c8d1b9d105fb2277,PASS
training_set_primary_roi_078,D:\Research\PUMA\Code\TRAINING CODE\Dataset\01_training_dataset_geojson_nuclei\training_set_primary_roi_078_nuclei.geojson,D:\Research\PUMA\Code\TRAINING CODE\Dataset\01_training_dataset_tif_ROIs\training_set_primary_roi_078.tif,1024,1024,b8d8736e9b0a85e99e58ac2129418b82c59ed01f5a8eceec77be659b79a80996,71c5009ffd02358bbada8b16a08e8e40de7a08181ed14120125354db5040d618,PASS
training_set_primary_roi_079,D:\Research\PUMA\Code\TRAINING CODE\Dataset\01_training_dataset_geojson_nuclei\training_set_primary_roi_079_nuclei.geojson,D:\Research\PUMA\Code\TRAINING CODE\Dataset\01_training_dataset_tif_ROIs\training_set_primary_roi_079.tif,1024,1024,4c8ed2bf7397cfadcbc1889a354e76e09e90a77fd4ec4fcfc3b7a8d2cfadd85f,bf92cbcd6193c2bc6a5a316ba1d994481b84bde1ecf69fe6398d92173634f1fb,PASS
training_set_primary_roi_080,D:\Research\PUMA\Code\TRAINING CODE\Dataset\01_training_dataset_geojson_nuclei\training_set_primary_roi_080_nuclei.geojson,D:\Research\PUMA\Code\TRAINING CODE\Dataset\01_training_dataset_tif_ROIs\training_set_primary_roi_080.tif,1024,1024,e1f7bf48e61b379aadc48fa4541ffd4c18b28c6b45405620be11ede0ae5eb0d7,d5934e324f3fd4fa6df0a3ed02f33249985754510956c29f144c4e032ddd0feb,PASS
training_set_primary_roi_081,D:\Research\PUMA\Code\TRAINING CODE\Dataset\01_training_dataset_geojson_nuclei\training_set_primary_roi_081_nuclei.geojson,D:\Research\PUMA\Code\TRAINING CODE\Dataset\01_training_dataset_tif_ROIs\training_set_primary_roi_081.tif,1024,1024,3e0ff8170cbc7167bd6434799e797db15dd093718d414f8aa8be6eeabe8a8f01,ac98dbabc9e284e4dbc700f37aedc59a6cfb9487c57cf5c09ede264b11a964e3,PASS
training_set_primary_roi_082,D:\Research\PUMA\Code\TRAINING CODE\Dataset\01_training_dataset_geojson_nuclei\training_set_primary_roi_082_nuclei.geojson,D:\Research\PUMA\Code\TRAINING CODE\Dataset\01_training_dataset_tif_ROIs\training_set_primary_roi_082.tif,1024,1024,23e72f7bc4e7d563e64fdffde589b55ec664d2fa5851f3b05385897880b0ba00,430b7dffe740e84d327136c6bb6818a91ed25ddde99883a8abe23f57e00aabb3,PASS
training_set_primary_roi_083,D:\Research\PUMA\Code\TRAINING CODE\Dataset\01_training_dataset_geojson_nuclei\training_set_primary_roi_083_nuclei.geojson,D:\Research\PUMA\Code\TRAINING CODE\Dataset\01_training_dataset_tif_ROIs\training_set_primary_roi_083.tif,1024,1024,1bfa2febdfb4ef157ad4a4a2aadccba4a20d3a17bba3f0c1033e0115e41a06bf,d4b25bb8179dde5c388be465390a9cd8edcba852c7173c31f6b2411cda4e40da,PASS
training_set_primary_roi_084,D:\Research\PUMA\Code\TRAINING CODE\Dataset\01_training_dataset_geojson_nuclei\training_set_primary_roi_084_nuclei.geojson,D:\Research\PUMA\Code\TRAINING CODE\Dataset\01_training_dataset_tif_ROIs\training_set_primary_roi_084.tif,1024,1024,1c1b1b2fa6c425e56c076500bc27a7f5ae39389d232d2885c48119910fea2c7e,b09f6d3de7cc20678c65a8590ccea5a5e190606f503dfd773f042cd529514af8,PASS
training_set_primary_roi_085,D:\Research\PUMA\Code\TRAINING CODE\Dataset\01_training_dataset_geojson_nuclei\training_set_primary_roi_085_nuclei.geojson,D:\Research\PUMA\Code\TRAINING CODE\Dataset\01_training_dataset_tif_ROIs\training_set_primary_roi_085.tif,1024,1024,64cd333722089da7b7ce4cb6cf6ff9e0c547356e4fd981944415bc2eb6c48922,fd7f17a1fcb1902ec14dfcf9b0cdc5101ef4e00a337fcb76f76d4203dc5ee3f0,PASS
training_set_primary_roi_086,D:\Research\PUMA\Code\TRAINING CODE\Dataset\01_training_dataset_geojson_nuclei\training_set_primary_roi_086_nuclei.geojson,D:\Research\PUMA\Code\TRAINING CODE\Dataset\01_training_dataset_tif_ROIs\training_set_primary_roi_086.tif,1024,1024,f10c685d193c2f76d42048aecdc3560f5b429e3c676673942dd5e98e0c8f6671,20a074f89cf08d4163b3c60e71268bb13e0517829b176a6b4ecb587477b3d0fb,PASS
training_set_primary_roi_087,D:\Research\PUMA\Code\TRAINING CODE\Dataset\01_training_dataset_geojson_nuclei\training_set_primary_roi_087_nuclei.geojson,D:\Research\PUMA\Code\TRAINING CODE\Dataset\01_training_dataset_tif_ROIs\training_set_primary_roi_087.tif,1024,1024,1510138959dccf679f30272eaa7bacfe96aafe9b40a74bfb19e7cddf4c8305fa,fd5787e66f65ccffb09d30bfbdd4d8c242bb9d1ec971ef2d10e0ecb7351f25af,PASS
training_set_primary_roi_088,D:\Research\PUMA\Code\TRAINING CODE\Dataset\01_training_dataset_geojson_nuclei\training_set_primary_roi_088_nuclei.geojson,D:\Research\PUMA\Code\TRAINING CODE\Dataset\01_training_dataset_tif_ROIs\training_set_primary_roi_088.tif,1024,1024,bab3ee26df339abd2025895f5aec7d0427ffee5d7245642c031a8fc4c42b0905,025a8745725809a78929860204627adfd5568f65bf43b895d95d9343cfed3304,PASS
training_set_primary_roi_089,D:\Research\PUMA\Code\TRAINING CODE\Dataset\01_training_dataset_geojson_nuclei\training_set_primary_roi_089_nuclei.geojson,D:\Research\PUMA\Code\TRAINING CODE\Dataset\01_training_dataset_tif_ROIs\training_set_primary_roi_089.tif,1024,1024,02599bbf416d34a9b165476279ddbc046a0cd1b424e567ff76bf5b235455fdea,a648b72b3be7ef3594053ed0f75b63c2a3757b78b63d428b7bc45e25741032ad,PASS
training_set_primary_roi_090,D:\Research\PUMA\Code\TRAINING CODE\Dataset\01_training_dataset_geojson_nuclei\training_set_primary_roi_090_nuclei.geojson,D:\Research\PUMA\Code\TRAINING CODE\Dataset\01_training_dataset_tif_ROIs\training_set_primary_roi_090.tif,1024,1024,9dd605fe085d7f598cc6dc0340407b9f33a334150dc85736539015aa1f07c5cc,c887595ebe52d12276bc9fe0977d9f31af4144a828c268573d9c6bc9a032be01,PASS
training_set_primary_roi_091,D:\Research\PUMA\Code\TRAINING CODE\Dataset\01_training_dataset_geojson_nuclei\training_set_primary_roi_091_nuclei.geojson,D:\Research\PUMA\Code\TRAINING CODE\Dataset\01_training_dataset_tif_ROIs\training_set_primary_roi_091.tif,1024,1024,41252347b90bc62c0245f24332fe7026076943b8fdd4b89c804e206510f10878,d763f6a7f4c359191dab78b5f2d933ad46222068b85bf54dfa6c94c1486809c9,PASS
training_set_primary_roi_092,D:\Research\PUMA\Code\TRAINING CODE\Dataset\01_training_dataset_geojson_nuclei\training_set_primary_roi_092_nuclei.geojson,D:\Research\PUMA\Code\TRAINING CODE\Dataset\01_training_dataset_tif_ROIs\training_set_primary_roi_092.tif,1024,1024,cabbbe2caa67270a692464b247912d4637d8b4cc0ebbbf75f0c0f26b7536f21f,479270325d716149f33dea7b8f4258aa19e5f9444241fb51095dbf896251485d,PASS
training_set_primary_roi_093,D:\Research\PUMA\Code\TRAINING CODE\Dataset\01_training_dataset_geojson_nuclei\training_set_primary_roi_093_nuclei.geojson,D:\Research\PUMA\Code\TRAINING CODE\Dataset\01_training_dataset_tif_ROIs\training_set_primary_roi_093.tif,1024,1024,d4c44ee7cdd0a6eb3ead83e428ff186ae3870cc1e96d2d0f3109fee6e1f1c8ae,cd098f6b0583e585349da90a23184e887a318dfff746fe507e6aa8127f871c02,PASS
training_set_primary_roi_094,D:\Research\PUMA\Code\TRAINING CODE\Dataset\01_training_dataset_geojson_nuclei\training_set_primary_roi_094_nuclei.geojson,D:\Research\PUMA\Code\TRAINING CODE\Dataset\01_training_dataset_tif_ROIs\training_set_primary_roi_094.tif,1024,1024,293be33dbbf1312d16616d3e3118cc5fdda97e9ea3e7e5f09feef33474a94294,f419965f957a60486058b838ce21c0a8c5891b79e3b3c9bf5ed9df8c40a2135a,PASS
training_set_primary_roi_095,D:\Research\PUMA\Code\TRAINING CODE\Dataset\01_training_dataset_geojson_nuclei\training_set_primary_roi_095_nuclei.geojson,D:\Research\PUMA\Code\TRAINING CODE\Dataset\01_training_dataset_tif_ROIs\training_set_primary_roi_095.tif,1024,1024,ec88ca3fd30f0893d371d73839de93454cdb59e8c575ea99675fca79ebac4ce5,33657f8ececca8462ffd3d9d30fe30274f26b31add5124e0209b068084f3cc4f,PASS
training_set_primary_roi_096,D:\Research\PUMA\Code\TRAINING CODE\Dataset\01_training_dataset_geojson_nuclei\training_set_primary_roi_096_nuclei.geojson,D:\Research\PUMA\Code\TRAINING CODE\Dataset\01_training_dataset_tif_ROIs\training_set_primary_roi_096.tif,1024,1024,066ddb109d2bad0de053c9a3b9fa22a878856329ef40e8970088a3ec38e60e67,038e7d47cc417ac778c258ffc8a443fc6b5b97eec30e2aec997202cfa10f5e7f,PASS
training_set_primary_roi_097,D:\Research\PUMA\Code\TRAINING CODE\Dataset\01_training_dataset_geojson_nuclei\training_set_primary_roi_097_nuclei.geojson,D:\Research\PUMA\Code\TRAINING CODE\Dataset\01_training_dataset_tif_ROIs\training_set_primary_roi_097.tif,1024,1024,dbf2fd1491fde280a4335eb9eecc779cd7706ab588a8cba9eaa642a7a7316741,41a7bbdfbfea5b12c2843f536c87c6e847317a44343bdb22c1cce7e0fb023380,PASS
training_set_primary_roi_098,D:\Research\PUMA\Code\TRAINING CODE\Dataset\01_training_dataset_geojson_nuclei\training_set_primary_roi_098_nuclei.geojson,D:\Research\PUMA\Code\TRAINING CODE\Dataset\01_training_dataset_tif_ROIs\training_set_primary_roi_098.tif,1024,1024,f16ca9b747ca1e7d60e31f300675702326a5ab6521c09235c1dfb8074bb333c5,ab8c71ddc443f269eb80ae687aa7166356589b8d6a75a7df5023c33ddb7b0371,PASS
training_set_primary_roi_099,D:\Research\PUMA\Code\TRAINING CODE\Dataset\01_training_dataset_geojson_nuclei\training_set_primary_roi_099_nuclei.geojson,D:\Research\PUMA\Code\TRAINING CODE\Dataset\01_training_dataset_tif_ROIs\training_set_primary_roi_099.tif,1024,1024,11629cd31fef803c72f840a7a5cf36a573b936e490f53a4062d77408fbbd2ee4,de3d1cc3e78f57d80280d99ca0cacf558ee8da96ba1e370eb8bd35eefe1714d9,PASS
training_set_primary_roi_100,D:\Research\PUMA\Code\TRAINING CODE\Dataset\01_training_dataset_geojson_nuclei\training_set_primary_roi_100_nuclei.geojson,D:\Research\PUMA\Code\TRAINING CODE\Dataset\01_training_dataset_tif_ROIs\training_set_primary_roi_100.tif,1024,1024,7d0557801e8e4b2a21f5703e4c0cd25657f981d6e2b94a229aef2af85ae3e705,70cf6d0aca659653e31c27015f9f70e99daa4727ece5ebf1627f0cf279cb8a3e,PASS
training_set_primary_roi_101,D:\Research\PUMA\Code\TRAINING CODE\Dataset\01_training_dataset_geojson_nuclei\training_set_primary_roi_101_nuclei.geojson,D:\Research\PUMA\Code\TRAINING CODE\Dataset\01_training_dataset_tif_ROIs\training_set_primary_roi_101.tif,1024,1024,d47c990f7bcf9651e876104b35b5c6ced611c9a3802623db239c16aee449128c,9655371f482c3a0cad317e8242d92b930dbe6d770fcf7b733e58ec0a6e69bee4,PASS
training_set_primary_roi_102,D:\Research\PUMA\Code\TRAINING CODE\Dataset\01_training_dataset_geojson_nuclei\training_set_primary_roi_102_nuclei.geojson,D:\Research\PUMA\Code\TRAINING CODE\Dataset\01_training_dataset_tif_ROIs\training_set_primary_roi_102.tif,1024,1024,abf6ad0de333db0b37bac59c1dd85be9791ed4b9c8149703520e06dfc9a1daf9,dcb95b5c4efcba2b9f9d649afe07ce81037d7a966eb1c8b39e84db88c21b7a81,PASS
training_set_primary_roi_103,D:\Research\PUMA\Code\TRAINING CODE\Dataset\01_training_dataset_geojson_nuclei\training_set_primary_roi_103_nuclei.geojson,D:\Research\PUMA\Code\TRAINING CODE\Dataset\01_training_dataset_tif_ROIs\training_set_primary_roi_103.tif,1024,1024,3fe688bd51f5e29412229bcb370f335d0a32264d031bd2c81c1f915ffe3ba711,441aa1d786c7aba12d3d138cb20a6411c836606509d33431555c2b2e12a8a62a,PASS
