group_type,group,n,dice_mean,dice_median,dice_finite_n,iou_mean,iou_median,iou_finite_n,area_relative_error_mean,area_relative_error_median,area_relative_error_finite_n,centroid_error_mean,centroid_error_median,centroid_error_finite_n,occupancy_mean,occupancy_median,occupancy_finite_n,quality_confidence_mean,quality_confidence_median,quality_confidence_finite_n,presence_confidence_mean,presence_confidence_median,presence_confidence_finite_n,area_pearson,major_pearson,minor_pearson,eccentricity_pearson,perimeter_pearson,circularity_pearson,confidence_vs_iou_pearson
by_class,apoptosis,36,0.8349952658458447,0.8777103634246491,36,0.7397904850989061,0.7821801449692856,36,0.23265430725810055,0.17202968600027424,36,1.4246482869925856,0.9400841367835306,36,0.03195529513888888,0.024197048611111112,36,0.7685204810566373,0.8015865981578827,36,0.8871085631350676,0.987007349729538,36,0.8337393380973313,0.7700633227051438,0.7860241923655125,0.7231343320435485,0.7450726951366291,0.49215315197622844,0.7474227394048316
by_class,plasma_cell,36,0.8400992977874187,0.8956821034380136,36,0.7469488494413641,0.8110729140140904,36,0.22331442641848304,0.18890978534693925,36,2.5694233103340993,1.1285566945084438,36,0.05441321855709876,0.05360243055555555,36,0.8391300721300973,0.8512700200080872,36,0.9930496298604541,0.9988352954387665,36,0.5109045111247482,0.4315887023522355,0.7662911411820962,0.6307853741422542,0.5096949519189529,0.3590113540727142,0.48129200615327034
by_class,tumor,110,0.8744606267332594,0.9264218962877752,110,0.8094749846284729,0.8629302835758299,110,0.18210066181191734,0.11962274481176348,110,1.4770039887001303,0.8920714194273922,108,0.0724994081439394,0.06287977430555555,110,0.8166964869607579,0.856624037027359,110,0.93792147541588,0.9982654750347137,110,0.9480960634698304,0.8847401124698265,0.9031295886473005,0.7765522431744759,0.8825505895512986,0.20570655710250435,0.8017116294044835
by_class,endothelium,36,0.8173319462114947,0.857052332230843,36,0.7194588082496876,0.7498717044306709,36,0.27690646224827187,0.20268297821114722,36,2.943410189746886,1.516185785608769,36,0.06042329764660494,0.06477864583333334,36,0.7837201712860001,0.8589304983615875,36,0.8792762524551816,0.9949140846729279,36,0.7766126745645153,0.7524789947490614,0.8188697904160732,0.7765656800575398,0.6979733801639557,0.7232343459621031,0.8214030551235211
by_class,stroma,36,0.8142563489536357,0.9200216677151045,36,0.7386778914917804,0.8518906933541079,36,0.4087115129374122,0.10914039011458918,36,2.245822202713228,0.7220374686403639,35,0.04404176311728395,0.03917100694444445,36,0.7567992491854562,0.7951920032501221,36,0.8909773182951741,0.9887382090091705,36,0.9438440988122445,0.8372389647784163,0.6213416016121462,0.1826108573314658,0.8290207786512092,0.5530218094554659,0.9227084661282808
by_class,lymphocyte,52,0.8983365335418885,0.9431510141305393,52,0.8390489617914471,0.892421295419729,52,0.19976510484542884,0.07257435668931714,52,1.1515780398552817,0.4846367664633911,52,0.036316439636752136,0.037109375,52,0.8503047388333541,0.8671086132526398,52,0.9863444050917258,0.9992154836654663,52,0.7875818343713668,0.6911460820531269,0.888200949767643,0.8076005494234146,0.730698391024842,0.7955112427550455,0.6106143347822192
by_class,melanophage,36,0.8373310722661107,0.9121226754925806,36,0.7619654234543073,0.8384543931527526,36,0.19943400848909984,0.08090692690803103,36,1.5903691935129645,1.1136266473305574,35,0.05740620177469134,0.05886501736111111,36,0.7438243155678114,0.8138220012187958,36,0.8996872804386334,0.9899151623249054,36,0.8585846311089375,0.734393262625988,0.8028294791137874,0.23402362229845908,0.7485430149815837,0.7619890700365836,0.8040569871427704
by_class,neutrophil,36,0.8026609072119862,0.8253552050289714,36,0.6854101316808079,0.7027175134892086,36,0.2895065699866695,0.23606041382002735,36,1.8265966472160915,1.119585609118893,36,0.03470413773148148,0.030978732638888888,36,0.744431814385785,0.7858531773090363,36,0.9660782035854127,0.9952464699745178,36,0.44271743356607707,0.27723638539060125,0.6665871426315857,0.6217348822946106,0.3854120735261535,0.5824637715754183,0.3114194602924268
by_class,histiocyte,36,0.9066321459789829,0.9475515784240617,36,0.8450662525751956,0.9004102444410531,36,0.19547597662289706,0.06235065710872162,36,1.4665289719249297,0.7113937168299389,36,0.05632113233024692,0.05485026041666667,36,0.822505878077613,0.849982500076294,36,0.9592401240434911,0.9974830448627472,36,0.9381993075305789,0.9039889285868243,0.9460989493465894,0.8954128755563417,0.9123302931198592,0.8523137205424439,0.5255772594920357
by_class,epithelium,36,0.8947408985832368,0.9362354141855543,36,0.8219414890436334,0.8801152709890294,36,0.16976575386980264,0.1052319391634981,36,1.0669931125115042,0.7675276151942168,36,0.06182183159722224,0.05745442708333333,36,0.8011922985315323,0.8429493606090546,36,0.927756999929746,0.9960028827190399,36,0.9473283289561238,0.9594289380921573,0.9396606253942792,0.8501215874407799,0.9543331732586924,0.46145956803682225,0.7524664878323216
by_fold,2,144,0.8714200270801538,0.9182995331193464,144,0.796671688098789,0.8489407334438944,144,0.20133700545077743,0.12445668197943714,144,1.5928284417125698,0.8460619337983186,143,0.0604421356577932,0.05343967013888889,144,0.8189465629143847,0.852477490901947,144,0.9428985746991303,0.9985253512859344,144,0.9078147065544532,0.8636262547095265,0.881899538428959,0.7098533082140965,0.8554570012460178,0.7603607883975988,0.6885903768790795
by_fold,3,141,0.8452797446750331,0.9080459770114943,141,0.7682729366467896,0.8315789473684211,141,0.23684158319197574,0.11338289962825279,141,1.8632615614338377,0.9580372520203968,138,0.05309529526201734,0.047309027777777776,141,0.7766508548817737,0.8295267224311829,141,0.909165987989317,0.9963260293006897,141,0.8858856845568416,0.81397290754979,0.8380686875025344,0.5699834477837988,0.7929698851158613,0.35541653311219334,0.769632636061062
by_fold,0,156,0.8546303245087176,0.9111176373493279,156,0.7735267935842396,0.8367467962625473,156,0.24231298230915163,0.14532821951472935,156,1.6714121447885015,0.7975232025514476,156,0.04907574341168091,0.04383680555555555,156,0.797216939047361,0.8325104713439941,156,0.9490182203455613,0.9962327480316162,156,0.8656222301099478,0.8458941071348308,0.8235396872755908,0.8377099636328017,0.7966452338235416,0.7125060638527271,0.7116651826496759
by_fold,4,8,0.8994183904054,0.927746633885989,8,0.8262791572942736,0.8652312129154607,8,0.20235301817928056,0.11202564219003072,8,0.8598970036832058,0.8438278306057717,8,0.052164713541666664,0.04248046875,8,0.8495351225137711,0.8580131232738495,8,0.9952825009822845,0.999342143535614,8,0.9698938728933403,0.9674248091381287,0.9347160009373596,0.7229217613098288,0.968399810402598,0.2441424743417818,0.02975307148932964
by_fold,1,1,0.6472868217054264,0.6472868217054264,1,0.4785100286532951,0.4785100286532951,1,0.4597014925373134,0.4597014925373134,1,7.85477313490593,7.85477313490593,1,0.03927951388888889,0.03927951388888889,1,0.8187350034713745,0.8187350034713745,1,0.996647298336029,0.996647298336029,1,,,,,,,
by_border,False,348,0.8588175493913022,0.9142166177232682,348,0.7826347763153998,0.8419880436056735,348,0.22646441431143507,0.1200527228080312,348,1.6991881465160137,0.8324024731680681,344,0.05617759967672414,0.048068576388888895,348,0.8036499114214689,0.8439061045646667,348,0.9404184068044669,0.9978385269641876,348,0.9100151191479989,0.8537360085974658,0.8588591646010657,0.6834074561520537,0.8290540794462907,0.55552655993974,0.7271553650157523
by_border,True,102,0.8526018164593843,0.9093124349787989,102,0.7691100792334578,0.8337068080738967,102,0.2299698697333364,0.13484801488833748,102,1.7240988626729046,0.9631432854067961,102,0.04659522229030501,0.041937934027777776,102,0.7818310284147075,0.8130024969577789,102,0.918724933091332,0.9941229224205017,102,0.8203453212147672,0.7778527418238469,0.8344366277979901,0.795262140030265,0.7750820900345338,0.5438377217857766,0.7088630706903776
by_size,small,228,0.8355247462009292,0.9028640766543232,228,0.7532588410810616,0.8229282536151279,228,0.28325967199049723,0.15707877237043705,228,1.6706477216236475,0.7598513158918363,224,0.03216897767422027,0.03282335069444445,228,0.7726470549639902,0.816886693239212,228,0.9050549385668873,0.9922522902488708,228,0.7316026174112408,0.6898400043263151,0.7285955989040763,0.6328916041638409,0.6307541332688552,0.45985371413728726,0.7628392747496359
by_size,large,222,0.8798840105099933,0.9279104537491474,222,0.8065906057346386,0.8655160024424389,222,0.16974476432138,0.09814185630004214,222,1.739431156533549,0.9459804902999638,222,0.07643238942067068,0.06922743055555555,222,0.8254657907260431,0.8567834496498108,222,0.966770372747838,0.9985143542289734,222,0.8455657405624515,0.7981227695038775,0.7738510476211595,0.8024069739744092,0.7184635618829379,0.7503105199926591,0.6506062821817082
by_roi,training_set_metastatic_roi_001,1,0.819672131147541,0.819672131147541,1,0.6944444444444444,0.6944444444444444,1,0.3964285714285714,0.3964285714285714,1,2.199171398681757,2.199171398681757,1,0.042426215277777776,0.042426215277777776,1,0.888687014579773,0.888687014579773,1,0.9998677968978882,0.9998677968978882,1,,,,,,,
by_roi,training_set_metastatic_roi_002,1,0.9443882709807887,0.9443882709807887,1,0.8946360153256705,0.8946360153256705,1,0.07773109243697479,0.07773109243697479,1,0.9050458516534818,0.9050458516534818,1,0.0556640625,0.0556640625,1,0.8507058620452881,0.8507058620452881,1,0.9991806149482727,0.9991806149482727,1,,,,,,,
by_roi,training_set_metastatic_roi_003,1,0.9731833910034602,0.9731833910034602,1,0.9477674810446504,0.9477674810446504,1,0.039016115351993216,0.039016115351993216,1,0.31485009930831964,0.31485009930831964,1,0.12293836805555555,0.12293836805555555,1,0.9301491975784302,0.9301491975784302,1,0.9993399977684021,0.9993399977684021,1,,,,,,,
by_roi,training_set_metastatic_roi_004,1,0.9296567248171075,0.9296567248171075,1,0.868559411146162,0.868559411146162,1,0.13144058885383805,0.13144058885383805,1,0.5255042155696403,0.5255042155696403,1,0.0896267361111111,0.0896267361111111,1,0.8740798234939575,0.8740798234939575,1,0.9992750287055969,0.9992750287055969,1,,,,,,,
by_roi,training_set_metastatic_roi_005,2,0.8695908191134831,0.8695908191134831,2,0.7702676188981321,0.7702676188981321,2,0.18735952530792052,0.18735952530792052,2,1.004212130799966,1.004212130799966,2,0.04275173611111111,0.04275173611111111,2,0.8098230957984924,0.8098230957984924,2,0.9876821041107178,0.9876821041107178,2,,,,,,,
by_roi,training_set_metastatic_roi_006,1,0.8504398826979472,0.8504398826979472,1,0.7397959183673469,0.7397959183673469,1,0.11801242236024845,0.11801242236024845,1,1.7019513903549672,1.7019513903549672,1,0.01953125,0.01953125,1,0.6637385487556458,0.6637385487556458,1,0.7718484401702881,0.7718484401702881,1,,,,,,,
by_roi,training_set_metastatic_roi_007,2,0.841014211645343,0.841014211645343,2,0.7266122086077075,0.7266122086077075,2,0.3465276709237318,0.3465276709237318,2,1.5193596562034148,1.5193596562034148,2,0.06342230902777778,0.06342230902777778,2,0.8306083679199219,0.8306083679199219,2,0.9924496710300446,0.9924496710300446,2,,,,,,,
by_roi,training_set_metastatic_roi_008,1,0.8398791540785498,0.8398791540785498,1,0.7239583333333334,0.7239583333333334,1,0.018292682926829267,0.018292682926829267,1,1.4389426640912393,1.4389426640912393,1,0.018120659722222224,0.018120659722222224,1,0.5993185043334961,0.5993185043334961,1,0.4942719638347626,0.4942719638347626,1,,,,,,,
by_roi,training_set_metastatic_roi_010,2,0.9179197994987469,0.9179197994987469,2,0.8484709480122324,0.8484709480122324,2,0.0791941764008803,0.0791941764008803,2,1.0639733228044244,1.0639733228044244,2,0.05403645833333333,0.05403645833333333,2,0.8179309964179993,0.8179309964179993,2,0.991620272397995,0.991620272397995,2,,,,,,,
by_roi,training_set_metastatic_roi_011,2,0.8700158195757108,0.8700158195757108,2,0.7710916142157798,0.7710916142157798,2,0.19314412770641118,0.19314412770641118,2,1.6673269742682733,1.6673269742682733,2,0.04866536458333333,0.04866536458333333,2,0.8252524733543396,0.8252524733543396,2,0.9964452087879181,0.9964452087879181,2,,,,,,,
by_roi,training_set_metastatic_roi_012,1,0.8713450292397661,0.8713450292397661,1,0.772020725388601,0.772020725388601,1,0.2953020134228188,0.2953020134228188,1,0.6970894404007038,0.6970894404007038,1,0.1047092013888889,0.1047092013888889,1,0.8943017721176147,0.8943017721176147,1,0.998445451259613,0.998445451259613,1,,,,,,,
by_roi,training_set_metastatic_roi_014,1,0.9064143007360673,0.9064143007360673,1,0.8288461538461539,0.8288461538461539,1,0.17115384615384616,0.17115384615384616,1,0.616355510764896,0.616355510764896,1,0.04676649305555555,0.04676649305555555,1,0.8521029949188232,0.8521029949188232,1,0.9996541738510132,0.9996541738510132,1,,,,,,,
by_roi,training_set_metastatic_roi_015,1,0.9282533399307273,0.9282533399307273,1,0.866112650046168,0.866112650046168,1,0.13388734995383195,0.13388734995383195,1,1.0453199734695469,1.0453199734695469,1,0.1017795138888889,0.1017795138888889,1,0.8782322406768799,0.8782322406768799,1,0.9994310736656189,0.9994310736656189,1,,,,,,,
by_roi,training_set_metastatic_roi_016,4,0.9071811366773277,0.9406844385377473,4,0.8358186821248339,0.8880796459156088,4,0.09987474907363302,0.045274556872495014,4,1.5938183007026536,1.4474664762397875,4,0.05783420138888889,0.04720052083333333,4,0.8649721294641495,0.8592885136604309,4,0.998816043138504,0.999394029378891,4,0.9847311201807903,0.9650840677613979,0.9807056183551112,0.8401888038813419,0.9771305470532408,0.9819015001880798,0.3917479041882885
by_roi,training_set_metastatic_roi_017,3,0.437901140909952,0.45651173492867003,3,0.2995920897243758,0.29576624925462136,3,0.7004079102756243,0.7042337507453786,3,6.034169920190529,5.563847343568252,3,0.037290219907407406,0.053385416666666664,3,0.6698152820269266,0.7853903770446777,3,0.7165930221478144,0.992314875125885,3,0.8498107011673285,0.9959372459441682,0.7661775581612482,0.4405625145824575,0.9386445775237824,0.034581371159628574,0.8962751471680718
by_roi,training_set_metastatic_roi_018,1,0.8760563380281691,0.8760563380281691,1,0.7794486215538847,0.7794486215538847,1,0.2829581993569132,0.2829581993569132,1,1.07029420498608,1.07029420498608,1,0.043294270833333336,0.043294270833333336,1,0.8335177898406982,0.8335177898406982,1,0.9993637204170227,0.9993637204170227,1,,,,,,,
by_roi,training_set_metastatic_roi_020,1,0.9622641509433962,0.9622641509433962,1,0.9272727272727272,0.9272727272727272,1,0.0,0.0,1,0.527012413798702,0.527012413798702,1,0.07476128472222222,0.07476128472222222,1,0.8919742107391357,0.8919742107391357,1,0.9999136924743652,0.9999136924743652,1,,,,,,,
by_roi,training_set_metastatic_roi_021,1,0.9272399278412508,0.9272399278412508,1,0.8643497757847534,0.8643497757847534,1,0.07098381070983811,0.07098381070983811,1,1.3093133234000978,1.3093133234000978,1,0.09331597222222222,0.09331597222222222,1,0.818397581577301,0.818397581577301,1,0.9995121955871582,0.9995121955871582,1,,,,,,,
by_roi,training_set_metastatic_roi_022,3,0.8186841461957748,0.8323699421965318,3,0.6973275078081973,0.7128712871287128,3,0.4070736466987885,0.3698630136986301,3,2.706804865967951,1.538627674901922,3,0.03150318287037037,0.021701388888888888,3,0.7669883767763773,0.8170867562294006,3,0.9545426170031229,0.9910424947738647,3,0.9919265060167812,0.9956220901376318,-0.012548924592888191,0.9835475485880185,0.9891156003620116,0.962185697310611,0.9269099377930264
by_roi,training_set_metastatic_roi_023,1,0.8689342403628117,0.8689342403628117,1,0.7682437850842021,0.7682437850842021,1,0.041666666666666664,0.041666666666666664,1,4.028680367493722,4.028680367493722,1,0.1220703125,0.1220703125,1,0.8369271755218506,0.8369271755218506,1,0.9913071990013123,0.9913071990013123,1,,,,,,,
by_roi,training_set_metastatic_roi_024,1,0.8148148148148148,0.8148148148148148,1,0.6875,0.6875,1,0.036637931034482756,0.036637931034482756,1,2.521941233813311,2.521941233813311,1,0.052191840277777776,0.052191840277777776,1,0.8125669956207275,0.8125669956207275,1,0.9998348951339722,0.9998348951339722,1,,,,,,,
by_roi,training_set_metastatic_roi_025,4,0.8564392606719381,0.9024136600920616,4,0.76476544004057,0.8231376435210498,4,0.13743436110708734,0.14561049801924164,4,2.8556983230474104,1.5080985962743403,4,0.060628255208333336,0.05349392361111111,4,0.7012282758951187,0.7504432201385498,4,0.9499054104089737,0.9934380650520325,4,0.9956930274880159,0.9803921304006471,0.19143683551661006,-0.16596162822303945,0.9959305018637291,0.9889932947595045,0.19465062776401532
by_roi,training_set_metastatic_roi_026,6,0.8597688741099372,0.8661703250621782,6,0.7609549222356521,0.7668818621734745,6,0.1264740250126498,0.0942340791738382,6,2.4973264942068765,1.4280057149792926,6,0.0645435474537037,0.05674913194444445,6,0.8161063392957052,0.8379367589950562,6,0.9800576368967692,0.9995504319667816,6,0.990350409563386,0.9883384924233269,0.9492933173775854,0.8344191315763335,0.9895664226053625,0.725921055217264,0.6283071461811
by_roi,training_set_metastatic_roi_027,13,0.8029632200802256,0.8175519630484989,13,0.6776944677210108,0.69140625,13,0.27929742135954216,0.22053231939163498,13,1.3240390611298,0.7859600187546891,13,0.025624332264957268,0.022243923611111112,13,0.647863472883518,0.6884815096855164,13,0.9167165114329412,0.9591098427772522,13,0.9376694417908805,0.9431547004301007,0.9040848121051369,0.7233334180256175,0.8794487769922992,0.8082758542664681,0.7057185742394355
by_roi,training_set_metastatic_roi_028,1,0.6472868217054264,0.6472868217054264,1,0.4785100286532951,0.4785100286532951,1,0.4597014925373134,0.4597014925373134,1,7.85477313490593,7.85477313490593,1,0.03927951388888889,0.03927951388888889,1,0.8187350034713745,0.8187350034713745,1,0.996647298336029,0.996647298336029,1,,,,,,,
by_roi,training_set_metastatic_roi_029,5,0.8995080911150801,0.9021956087824351,5,0.8193143414991212,0.8218181818181818,5,0.14200706883673178,0.13073394495412843,5,1.48379776485111,0.9586501750882361,5,0.04309895833333333,0.043511284722222224,5,0.8238763570785522,0.840929388999939,5,0.9781169056892395,0.9992954730987549,5,0.9803847676867058,0.9599957468527631,0.9937833625033257,0.9802186434197829,0.972915069104513,0.9586412042591463,0.5084165051671403
by_roi,training_set_metastatic_roi_030,4,0.907285870752446,0.9219662032797802,4,0.8343462252136873,0.8556694235718257,4,0.15951617096549725,0.13205536878654334,4,0.9740754162803753,0.34008438952723985,4,0.04201931423611111,0.04031032986111111,4,0.8174410313367844,0.8321524560451508,4,0.9983368664979935,0.9985733032226562,4,0.988928609204252,0.8535064434945921,0.9959682175360597,0.7221973949609538,0.9880291829742456,0.1253879472532258,-0.455607108969313
by_roi,training_set_metastatic_roi_031,1,0.888,0.888,1,0.7985611510791367,0.7985611510791367,1,0.25225225225225223,0.25225225225225223,1,1.009748262090989,1.009748262090989,1,0.06032986111111111,0.06032986111111111,1,0.8911336064338684,0.8911336064338684,1,0.9999769926071167,0.9999769926071167,1,,,,,,,
by_roi,training_set_metastatic_roi_032,1,0.9194499017681729,0.9194499017681729,1,0.850909090909091,0.850909090909091,1,0.14909090909090908,0.14909090909090908,1,0.44766043481482615,0.44766043481482615,1,0.076171875,0.076171875,1,0.8984832763671875,0.8984832763671875,1,0.9990655779838562,0.9990655779838562,1,,,,,,,
by_roi,training_set_metastatic_roi_034,1,0.128680479825518,0.128680479825518,1,0.06876456876456877,0.06876456876456877,1,0.9312354312354313,0.9312354312354313,1,12.025585426755267,12.025585426755267,1,0.006401909722222222,0.006401909722222222,1,0.2957911789417267,0.2957911789417267,1,0.3583014905452728,0.3583014905452728,1,,,,,,,
by_roi,training_set_metastatic_roi_035,3,0.6202542257993165,0.9032846715328468,3,0.5806840139071231,0.8236272878535774,3,0.41262676218165834,0.21414141414141413,3,1.203227732578799,1.203227732578799,2,0.046694155092592594,0.0652126736111111,3,0.6860456267992655,0.8397102355957031,3,0.7010657638311386,0.9962722063064575,3,0.9787482773557222,0.9873239217176474,0.9810173630119382,-0.7426148744399276,0.9796465878743802,0.9760193116019797,0.9855079004479801
by_roi,training_set_metastatic_roi_036,1,0.8041462084015275,0.8041462084015275,1,0.6724452554744526,0.6724452554744526,1,0.32755474452554745,0.32755474452554745,1,1.21033610295309,1.21033610295309,1,0.07996961805555555,0.07996961805555555,1,0.6485465168952942,0.6485465168952942,1,0.7989119291305542,0.7989119291305542,1,,,,,,,
by_roi,training_set_metastatic_roi_037,2,0.8968200961021131,0.8968200961021131,2,0.812991645832063,0.812991645832063,2,0.21832942097026603,0.21832942097026603,2,0.7574753507569826,0.7574753507569826,2,0.052029079861111105,0.052029079861111105,2,0.8457269072532654,0.8457269072532654,2,0.9891596436500549,0.9891596436500549,2,,,,,,,
by_roi,training_set_metastatic_roi_039,1,0.9741060419235512,0.9741060419235512,1,0.9495192307692307,0.9495192307692307,1,0.05048076923076923,0.05048076923076923,1,0.16849281253456524,0.16849281253456524,1,0.04286024305555555,0.04286024305555555,1,0.8903817534446716,0.8903817534446716,1,0.9999022483825684,0.9999022483825684,1,,,,,,,
by_roi,training_set_metastatic_roi_040,1,0.9208117787504975,0.9208117787504975,1,0.8532448377581121,0.8532448377581121,1,0.17199654278305965,0.17199654278305965,1,1.1512179503775273,1.1512179503775273,1,0.14713541666666666,0.14713541666666666,1,0.9094200730323792,0.9094200730323792,1,0.9999277591705322,0.9999277591705322,1,,,,,,,
by_roi,training_set_metastatic_roi_041,5,0.8609204905889646,0.8896925858951176,5,0.7642536358838826,0.8013029315960912,5,0.12503193917857341,0.13897280966767372,5,1.5442114865616705,0.9731644757835531,5,0.03383246527777777,0.028754340277777776,5,0.6931880593299866,0.7363907098770142,5,0.987716817855835,0.9957274198532104,5,0.9862495612675626,0.8731823066754074,0.5064780567931462,0.1204358593445793,0.9778412572401078,0.8960542383291298,0.854825974985847
by_roi,training_set_metastatic_roi_042,2,0.816433687440959,0.816433687440959,2,0.6983535007344198,0.6983535007344198,2,0.3216904478795085,0.3216904478795085,2,2.2153546643073394,2.2153546643073394,2,0.09554036458333333,0.09554036458333333,2,0.663161039352417,0.663161039352417,2,0.8702354729175568,0.8702354729175568,2,,,,,,,
by_roi,training_set_metastatic_roi_043,5,0.8069359440734558,0.9377791009228937,5,0.7389458009633513,0.882847533632287,5,0.2582149976626685,0.11715246636771301,5,1.034991231775288,0.9545483606694715,5,0.06276041666666667,0.047526041666666664,5,0.7664331436157227,0.8364606499671936,5,0.81293775588274,0.9973606467247009,5,0.9964873589022647,0.9915669369934416,0.9677600495250983,0.9012653340810661,0.9895289900063098,0.9692837520678242,0.9354807212823715
by_roi,training_set_metastatic_roi_045,1,0.8298507462686567,0.8298507462686567,1,0.7091836734693877,0.7091836734693877,1,0.39285714285714285,0.39285714285714285,1,0.6578207195955483,0.6578207195955483,1,0.021158854166666668,0.021158854166666668,1,0.8107597827911377,0.8107597827911377,1,0.9995837807655334,0.9995837807655334,1,,,,,,,
by_roi,training_set_metastatic_roi_046,2,0.8059135037418501,0.8059135037418501,2,0.6901814025514342,0.6901814025514342,2,0.3073897452959225,0.3073897452959225,2,1.0181272153224767,1.0181272153224767,2,0.027886284722222224,0.027886284722222224,2,0.6741723418235779,0.6741723418235779,2,0.7725892066955566,0.7725892066955566,2,,,,,,,
by_roi,training_set_metastatic_roi_047,3,0.7230983369712453,0.7038883349950149,3,0.5676343292568721,0.5430769230769231,3,0.4443340068573023,0.4726775956284153,3,4.109112646658676,3.766922996898702,3,0.04578993055555555,0.05002170138888889,3,0.6760965784390768,0.7338021993637085,3,0.9627737005551656,0.9798851013183594,3,0.23601924153560808,0.8434971150649981,-0.7038105702213362,0.8820008394133727,0.7912102635895366,0.9577851621154376,-0.9605226319160101
by_roi,training_set_metastatic_roi_048,2,0.8392465192465193,0.8392465192465193,2,0.7299514195737618,0.7299514195737618,2,0.20498324958123953,0.20498324958123953,2,1.4016331204783692,1.4016331204783692,2,0.061089409722222224,0.061089409722222224,2,0.7449847757816315,0.7449847757816315,2,0.991415411233902,0.991415411233902,2,,,,,,,
by_roi,training_set_metastatic_roi_049,2,0.8937278824692332,0.8937278824692332,2,0.8079335815809969,0.8079335815809969,2,0.16006942937730528,0.16006942937730528,2,1.0802164795882923,1.0802164795882923,2,0.04416232638888889,0.04416232638888889,2,0.8475799560546875,0.8475799560546875,2,0.9943895041942596,0.9943895041942596,2,,,,,,,
by_roi,training_set_metastatic_roi_051,1,0.699724517906336,0.699724517906336,1,0.538135593220339,0.538135593220339,1,0.8582677165354331,0.8582677165354331,1,0.7581401327734737,0.7581401327734737,1,0.025607638888888888,0.025607638888888888,1,0.8631525635719299,0.8631525635719299,1,0.9978037476539612,0.9978037476539612,1,,,,,,,
by_roi,training_set_metastatic_roi_052,4,0.9121550261395817,0.9021142109851787,4,0.8404194434219475,0.8220522911753216,4,0.15114263459286567,0.131081708660772,4,0.9388256063529468,0.9591078557450234,4,0.1366916232638889,0.05582682291666667,4,0.8377398550510406,0.852328360080719,4,0.9724839478731155,0.9731788039207458,4,0.9996739777633504,0.9992475012656722,0.9970621817004006,0.7625369184321483,0.9988218108297852,0.9795114681725253,-0.7244274951031724
by_roi,training_set_metastatic_roi_053,1,0.7538556446637877,0.7538556446637877,1,0.6049504950495049,0.6049504950495049,1,0.39345887016848363,0.39345887016848363,1,3.8462657549853905,3.8462657549853905,1,0.06640625,0.06640625,1,0.8822757601737976,0.8822757601737976,1,0.9992654919624329,0.9992654919624329,1,,,,,,,
by_roi,training_set_metastatic_roi_054,1,0.8770571151984511,0.8770571151984511,1,0.7810344827586206,0.7810344827586206,1,0.2803532008830022,0.2803532008830022,1,0.5216736193963918,0.5216736193963918,1,0.06293402777777778,0.06293402777777778,1,0.8932954668998718,0.8932954668998718,1,0.9992995262145996,0.9992995262145996,1,,,,,,,
by_roi,training_set_metastatic_roi_055,5,0.946163386124345,0.9681528662420382,5,0.8997724113966283,0.9382716049382716,5,0.10239766373373475,0.06172839506172839,5,0.3939118321954278,0.2225762984653243,5,0.04071180555555556,0.037651909722222224,5,0.8762368798255921,0.882743775844574,5,0.9988808989524841,0.9995624423027039,5,0.9787467238319864,0.9307680590052115,0.9886118911208861,0.8965472881188616,0.9524182588395448,0.9489677425419112,0.8699363760202447
by_roi,training_set_metastatic_roi_056,4,0.6563357007780021,0.8403586979729424,4,0.5869897905791538,0.7264487169607767,4,0.3578762812954563,0.21250580934415922,4,1.2947983223712536,1.1336360438180033,3,0.025851779513888888,0.0146484375,4,0.6951354369521141,0.7329210638999939,4,0.7133632972836494,0.8465657234191895,4,0.9506711374584367,0.9245754704531317,0.2127448911694952,0.7056009480356524,0.8642180064273618,-0.1934229562809342,0.9347644491250477
by_roi,training_set_metastatic_roi_057,3,0.8604031701286182,0.9037037037037037,3,0.7675943270002676,0.8243243243243243,3,0.1616838543150407,0.21311475409836064,3,2.769997285331996,0.6486544801921071,3,0.03439670138888889,0.03602430555555555,3,0.8242735266685486,0.8220909833908081,3,0.9949028491973877,0.9987849593162537,3,0.8457150786892178,0.24582586356386987,0.9849427198879476,0.2593572193731939,0.3957111746338873,0.15091806999178384,0.8080174837150754
by_roi,training_set_metastatic_roi_058,2,0.9744124195942603,0.9744124195942603,2,0.9501917060663797,0.9501917060663797,2,0.04849865047233468,0.04849865047233468,2,0.3065563289045105,0.3065563289045105,2,0.07150607638888888,0.07150607638888888,2,0.9083483219146729,0.9083483219146729,2,0.9998876452445984,0.9998876452445984,2,,,,,,,
by_roi,training_set_metastatic_roi_059,2,0.7981688311688312,0.7981688311688312,2,0.685659119473943,0.685659119473943,2,0.32309099602918856,0.32309099602918856,2,0.7726868965533169,0.7726868965533169,2,0.031684027777777776,0.031684027777777776,2,0.8000315427780151,0.8000315427780151,2,0.5922403857111931,0.5922403857111931,2,,,,,,,
by_roi,training_set_metastatic_roi_060,1,0.8583333333333333,0.8583333333333333,1,0.7518248175182481,0.7518248175182481,1,0.11023622047244094,0.11023622047244094,1,2.3645042070067,2.3645042070067,1,0.024522569444444444,0.024522569444444444,1,0.7272771596908569,0.7272771596908569,1,0.9207650423049927,0.9207650423049927,1,,,,,,,
by_roi,training_set_metastatic_roi_061,2,0.870121870320881,0.870121870320881,2,0.7705227205227205,0.7705227205227205,2,0.2932752179327522,0.2932752179327522,2,1.4600919075228036,1.4600919075228036,2,0.0732421875,0.0732421875,2,0.8721511662006378,0.8721511662006378,2,0.9980399906635284,0.9980399906635284,2,,,,,,,
by_roi,training_set_metastatic_roi_062,1,0.5699873896595208,0.5699873896595208,1,0.3985890652557319,0.3985890652557319,1,0.5889679715302492,0.5889679715302492,1,2.024840398381146,2.024840398381146,1,0.025065104166666668,0.025065104166666668,1,0.6778390407562256,0.6778390407562256,1,0.9983964562416077,0.9983964562416077,1,,,,,,,
by_roi,training_set_metastatic_roi_063,2,0.942701429854587,0.942701429854587,2,0.8921080526882841,0.8921080526882841,2,0.10652342460049677,0.10652342460049677,2,0.9323202952618819,0.9323202952618819,2,0.06342230902777778,0.06342230902777778,2,0.8769743740558624,0.8769743740558624,2,0.9982303082942963,0.9982303082942963,2,,,,,,,
by_roi,training_set_metastatic_roi_064,5,0.8801907331988306,0.8711276332094176,5,0.7876364325856027,0.7716794731064764,5,0.15498967856879511,0.11616161616161616,5,1.8696976894456785,2.0064046142260517,5,0.0748046875,0.06608072916666667,5,0.8389492630958557,0.8727814555168152,5,0.9903051614761352,0.9996370077133179,5,0.7075468479357755,0.7373600588474148,0.7089645402766582,0.8674913336495207,0.6093402297281603,0.5923711839301576,0.5979139902013093
by_roi,training_set_metastatic_roi_065,3,0.7931427899226032,0.8634984833164813,3,0.677517787133306,0.7597864768683275,3,0.2995528431773367,0.3161592505854801,3,3.4352521942552436,1.4059592321758985,3,0.05078125,0.06043836805555555,3,0.8302507797876993,0.9004312753677368,3,0.9656917651494344,0.9992874264717102,3,-0.64080695523897,-0.8900531844118633,0.9888920765456973,0.4440573957282427,-0.9056405505716936,-0.17873253395064653,0.9743598102867992
by_roi,training_set_metastatic_roi_066,2,0.8868772009075696,0.8868772009075696,2,0.804769038701623,0.804769038701623,2,0.19406810035842292,0.19406810035842292,2,1.1269769094901183,1.1269769094901183,2,0.03721788194444445,0.03721788194444445,2,0.800131618976593,0.800131618976593,2,0.9502611756324768,0.9502611756324768,2,,,,,,,
by_roi,training_set_metastatic_roi_067,1,0.8881987577639752,0.8881987577639752,1,0.7988826815642458,0.7988826815642458,1,0.07761194029850746,0.07761194029850746,1,1.9219818608234949,1.9219818608234949,1,0.033528645833333336,0.033528645833333336,1,0.8058414459228516,0.8058414459228516,1,0.9990342855453491,0.9990342855453491,1,,,,,,,
by_roi,training_set_metastatic_roi_068,1,0.9485232067510548,0.9485232067510548,1,0.9020866773675762,0.9020866773675762,1,0.025,0.025,1,1.3967424404999635,1.3967424404999635,1,0.1904296875,0.1904296875,1,0.8743771910667419,0.8743771910667419,1,0.9768359661102295,0.9768359661102295,1,,,,,,,
by_roi,training_set_metastatic_roi_069,2,0.636477531736328,0.636477531736328,2,0.5695536841617533,0.5695536841617533,2,0.40621091871091874,0.40621091871091874,2,7.373571098416417,7.373571098416417,2,0.04334852430555555,0.04334852430555555,2,0.540726438164711,0.540726438164711,2,0.6236261948943138,0.6236261948943138,2,,,,,,,
by_roi,training_set_metastatic_roi_070,3,0.911913160949266,0.9140845070422535,3,0.8381110376305775,0.8417639429312581,3,0.1636824549435404,0.1780821917808219,3,1.1007310137169146,0.9374126199304561,3,0.08166956018518519,0.08355034722222222,3,0.9051771362622579,0.9106658101081848,3,0.9996202985445658,0.9998319149017334,3,0.9737624696634045,0.9990606863213651,0.9809094491649599,0.9842471849279226,0.9954057038737814,0.9999339122187572,0.9903703960228165
by_roi,training_set_metastatic_roi_071,2,0.8354547236175721,0.8354547236175721,2,0.740695343817453,0.740695343817453,2,0.18870498454599455,0.18870498454599455,2,3.476590370097077,3.476590370097077,2,0.048773871527777776,0.048773871527777776,2,0.7614311873912811,0.7614311873912811,2,0.981532633304596,0.981532633304596,2,,,,,,,
by_roi,training_set_metastatic_roi_072,4,0.7679013556907942,0.7960348678663054,4,0.637006195109133,0.6611821239491182,4,0.47090130399718877,0.21322159598313295,4,3.4732339802355745,2.9784674320683644,4,0.0683322482638889,0.054361979166666664,4,0.8169157952070236,0.8257105350494385,4,0.9947765618562698,0.9983354806900024,4,0.9879156734093675,0.9808514479262254,0.6748136863833054,0.9925527056470521,0.9742972185206623,0.962337470140607,-0.4569890477332752
by_roi,training_set_metastatic_roi_073,2,0.8054262706855793,0.8054262706855793,2,0.6857757216394084,0.6857757216394084,2,0.3327279905250691,0.3327279905250691,2,1.317654344196174,1.317654344196174,2,0.07237413194444445,0.07237413194444445,2,0.9204639196395874,0.9204639196395874,2,0.9996343553066254,0.9996343553066254,2,,,,,,,
by_roi,training_set_metastatic_roi_075,2,0.8591763499658236,0.8591763499658236,2,0.7570533740393726,0.7570533740393726,2,0.25027327834641755,0.25027327834641755,2,1.4977393324512485,1.4977393324512485,2,0.034342447916666664,0.034342447916666664,2,0.8759159445762634,0.8759159445762634,2,0.9796777069568634,0.9796777069568634,2,,,,,,,
by_roi,training_set_metastatic_roi_076,2,0.8369881710646042,0.8369881710646042,2,0.721182332345812,0.721182332345812,2,0.39357272963830336,0.39357272963830336,2,0.47241448612649123,0.47241448612649123,2,0.017957899305555556,0.017957899305555556,2,0.8018919229507446,0.8018919229507446,2,0.8866118788719177,0.8866118788719177,2,,,,,,,
by_roi,training_set_metastatic_roi_078,2,0.9209191817945577,0.9209191817945577,2,0.8536336504859321,0.8536336504859321,2,0.12444708799678306,0.12444708799678306,2,1.2785033093843263,1.2785033093843263,2,0.09505208333333334,0.09505208333333334,2,0.8719339668750763,0.8719339668750763,2,0.9983446598052979,0.9983446598052979,2,,,,,,,
by_roi,training_set_metastatic_roi_079,3,0.945379034994167,0.95565988523735,3,0.8970371624212544,0.9150849150849151,3,0.016304872087161682,0.01092896174863388,3,1.1591796058992883,1.0538925512973099,3,0.09013310185185186,0.1047092013888889,3,0.864371140797933,0.8489729166030884,3,0.9979436000188192,0.9984277486801147,3,0.9992635064492822,0.8332061056206328,0.9955868632934507,0.9177548131947516,0.998686121326937,0.9995167145076274,0.5607788100969107
by_roi,training_set_metastatic_roi_080,6,0.8427730095792804,0.9306412844113534,6,0.7550528439128773,0.8707510402625565,6,0.21191487151918656,0.07775078903397488,6,2.401552341630577,0.7367523560882813,6,0.03982204861111111,0.032660590277777776,6,0.7227389415105184,0.7726784646511078,6,0.8995835284392039,0.9942063987255096,6,0.8050630168321069,0.8272763248981624,0.736736549686826,-0.124709959978446,0.886624222020455,-0.1532650074724592,0.601278414417131
by_roi,training_set_metastatic_roi_081,1,0.9304274937133278,0.9304274937133278,1,0.8699059561128527,0.8699059561128527,1,0.14954954954954955,0.14954954954954955,1,0.3544572654451098,0.3544572654451098,1,0.06922743055555555,0.06922743055555555,1,0.8887448906898499,0.8887448906898499,1,0.9994674324989319,0.9994674324989319,1,,,,,,,
by_roi,training_set_metastatic_roi_083,1,0.9678842853640598,0.9678842853640598,1,0.9377672209026128,0.9377672209026128,1,0.0344139650872818,0.0344139650872818,1,1.0629286222535033,1.0629286222535033,1,0.2250434027777778,0.2250434027777778,1,0.6739785671234131,0.6739785671234131,1,0.9844949841499329,0.9844949841499329,1,,,,,,,
by_roi,training_set_metastatic_roi_084,1,0.9408450704225352,0.9408450704225352,1,0.8882978723404256,0.8882978723404256,1,0.0943952802359882,0.0943952802359882,1,0.7511552772292632,0.7511552772292632,1,0.04025607638888889,0.04025607638888889,1,0.8625392317771912,0.8625392317771912,1,0.9993942975997925,0.9993942975997925,1,,,,,,,
by_roi,training_set_metastatic_roi_085,2,0.8670649808408657,0.8670649808408657,2,0.7659066598407565,0.7659066598407565,2,0.2445666027180402,0.2445666027180402,2,2.805477860874076,2.805477860874076,2,0.054144965277777776,0.054144965277777776,2,0.7119353115558624,0.7119353115558624,2,0.9771425724029541,0.9771425724029541,2,,,,,,,
by_roi,training_set_metastatic_roi_086,2,0.8141482199103262,0.8141482199103262,2,0.6992228919024499,0.6992228919024499,2,0.21698232323232322,0.21698232323232322,2,1.208697006533562,1.208697006533562,2,0.03152126736111111,0.03152126736111111,2,0.6650578677654266,0.6650578677654266,2,0.8964973986148834,0.8964973986148834,2,,,,,,,
by_roi,training_set_metastatic_roi_087,2,0.9253591724179959,0.9253591724179959,2,0.8613884901199123,0.8613884901199123,2,0.1003645514082008,0.1003645514082008,2,1.18492458304382,1.18492458304382,2,0.07649739583333333,0.07649739583333333,2,0.8116843402385712,0.8116843402385712,2,0.9433235228061676,0.9433235228061676,2,,,,,,,
by_roi,training_set_metastatic_roi_088,1,0.9215358931552587,0.9215358931552587,1,0.8544891640866873,0.8544891640866873,1,0.1624548736462094,0.1624548736462094,1,0.5089924175741817,0.5089924175741817,1,0.03493923611111111,0.03493923611111111,1,0.8659989833831787,0.8659989833831787,1,0.9997122883796692,0.9997122883796692,1,,,,,,,
by_roi,training_set_metastatic_roi_089,1,0.9512727272727273,0.9512727272727273,1,0.9070735090152566,0.9070735090152566,1,0.06064880112834979,0.06064880112834979,1,0.4803406387657686,0.4803406387657686,1,0.072265625,0.072265625,1,0.8643970489501953,0.8643970489501953,1,0.9992362260818481,0.9992362260818481,1,,,,,,,
by_roi,training_set_metastatic_roi_090,2,0.8736933282629822,0.8736933282629822,2,0.7792929899742347,0.7792929899742347,2,0.21688734849742652,0.21688734849742652,2,1.2053709231753107,1.2053709231753107,2,0.030490451388888888,0.030490451388888888,2,0.866425633430481,0.866425633430481,2,0.9968730807304382,0.9968730807304382,2,,,,,,,
by_roi,training_set_metastatic_roi_091,2,0.46908859145952836,0.46908859145952836,2,0.4417767106842737,0.4417767106842737,2,0.5644504748982361,0.5644504748982361,2,0.7913646039275825,0.7913646039275825,1,0.04513888888888889,0.04513888888888889,2,0.661277174949646,0.661277174949646,2,0.5873448103666306,0.5873448103666306,2,,,,,,,
by_roi,training_set_metastatic_roi_092,2,0.8786756804591598,0.8786756804591598,2,0.7844500663903754,0.7844500663903754,2,0.25059143222506397,0.25059143222506397,2,1.5265324613566902,1.5265324613566902,2,0.07112630208333334,0.07112630208333334,2,0.8458674848079681,0.8458674848079681,2,0.9976239204406738,0.9976239204406738,2,,,,,,,
by_roi,training_set_metastatic_roi_093,1,0.9380863039399625,0.9380863039399625,1,0.8833922261484098,0.8833922261484098,1,0.003745318352059925,0.003745318352059925,1,0.025104249521309102,0.025104249521309102,1,0.028862847222222224,0.028862847222222224,1,0.866753339767456,0.866753339767456,1,0.9994938373565674,0.9994938373565674,1,,,,,,,
by_roi,training_set_metastatic_roi_094,2,0.8200588634820014,0.8200588634820014,2,0.7058785022257135,0.7058785022257135,2,0.25593002849432944,0.25593002849432944,2,3.4119462681284225,3.4119462681284225,2,0.05159505208333333,0.05159505208333333,2,0.726787656545639,0.726787656545639,2,0.9692108929157257,0.9692108929157257,2,,,,,,,
by_roi,training_set_metastatic_roi_095,1,0.9303482587064676,0.9303482587064676,1,0.8697674418604651,0.8697674418604651,1,0.009900990099009901,0.009900990099009901,1,0.7353544865972682,0.7353544865972682,1,0.021701388888888888,0.021701388888888888,1,0.8007519841194153,0.8007519841194153,1,0.9955276846885681,0.9955276846885681,1,,,,,,,
by_roi,training_set_metastatic_roi_097,2,0.9352055660974068,0.9352055660974068,2,0.8790741699855339,0.8790741699855339,2,0.13356511328053047,0.13356511328053047,2,0.7018555973168448,0.7018555973168448,2,0.037163628472222224,0.037163628472222224,2,0.876523345708847,0.876523345708847,2,0.9850991666316986,0.9850991666316986,2,,,,,,,
by_roi,training_set_metastatic_roi_098,3,0.8589466089466088,0.875,3,0.7564441122737087,0.7777777777777778,3,0.337484303736524,0.2857142857142857,3,0.7824926080095759,0.885897629333452,3,0.04466869212962963,0.033203125,3,0.8465330799420675,0.8880574107170105,3,0.9965957204500834,0.9987323880195618,3,0.9980865298483681,0.9718468037392184,0.9978529439010856,0.995145880068576,0.990614997387932,0.9857036959025905,0.929420181507302
by_roi,training_set_metastatic_roi_099,1,0.5611940298507463,0.5611940298507463,1,0.3900414937759336,0.3900414937759336,1,1.1904761904761905,1.1904761904761905,1,10.662246904719336,10.662246904719336,1,0.07486979166666667,0.07486979166666667,1,0.7726491093635559,0.7726491093635559,1,0.9987818598747253,0.9987818598747253,1,,,,,,,
by_roi,training_set_metastatic_roi_100,1,0.9566854990583804,0.9566854990583804,1,0.9169675090252708,0.9169675090252708,1,0.06614785992217899,0.06614785992217899,1,0.37038354356436837,0.37038354356436837,1,0.029730902777777776,0.029730902777777776,1,0.7826822400093079,0.7826822400093079,1,0.9941020607948303,0.9941020607948303,1,,,,,,,
by_roi,training_set_metastatic_roi_101,3,0.8173344104691468,0.9363957597173145,3,0.7284440441813697,0.8803986710963455,3,0.25304662442704556,0.07860262008733625,3,1.5430459014252873,1.1921689662827004,3,0.03381799768518518,0.029622395833333332,3,0.8314871788024902,0.8303025364875793,3,0.9994893670082092,0.9994280934333801,3,-0.16317855537831685,0.8414669211616475,-0.03295743765288994,0.9909573127809872,-0.051758714986479624,0.9637558025979738,0.8656323623415577
by_roi,training_set_metastatic_roi_102,1,0.9647630619684082,0.9647630619684082,1,0.931924882629108,0.931924882629108,1,0.04513064133016627,0.04513064133016627,1,0.6289927507241782,0.6289927507241782,1,0.043619791666666664,0.043619791666666664,1,0.8696161508560181,0.8696161508560181,1,0.9998362064361572,0.9998362064361572,1,,,,,,,
by_roi,training_set_primary_roi_001,1,0.43010752688172044,0.43010752688172044,1,0.273972602739726,0.273972602739726,1,2.292307692307692,2.292307692307692,1,12.292182970182886,12.292182970182886,1,0.023220486111111112,0.023220486111111112,1,0.5380460619926453,0.5380460619926453,1,0.6316657066345215,0.6316657066345215,1,,,,,,,
by_roi,training_set_primary_roi_002,1,0.9605609114811569,0.9605609114811569,1,0.924114671163575,0.924114671163575,1,0.04114490161001789,0.04114490161001789,1,0.2965512740177644,0.2965512740177644,1,0.06315104166666667,0.06315104166666667,1,0.7924321889877319,0.7924321889877319,1,0.9938545227050781,0.9938545227050781,1,,,,,,,
by_roi,training_set_primary_roi_004,2,0.6330093353379252,0.6330093353379252,2,0.5602223570162976,0.5602223570162976,2,0.42064551755969304,0.42064551755969304,2,2.9927983502517805,2.9927983502517805,2,0.04258897569444445,0.04258897569444445,2,0.7282359302043915,0.7282359302043915,2,0.6335982382297516,0.6335982382297516,2,,,,,,,
by_roi,training_set_primary_roi_005,2,0.9332063703668436,0.9332063703668436,2,0.8779906211104639,0.8779906211104639,2,0.026937294633077768,0.026937294633077768,2,0.813426101576448,0.813426101576448,2,0.05224609375,0.05224609375,2,0.7828349471092224,0.7828349471092224,2,0.9692312777042389,0.9692312777042389,2,,,,,,,
by_roi,training_set_primary_roi_006,4,0.9328989619607754,0.9365501454363953,4,0.8750329704580236,0.8807835139413125,4,0.09273722215601196,0.06289128422886385,4,0.601937396212718,0.6737429195174598,4,0.03561740451388889,0.03700086805555555,4,0.8459123969078064,0.867309957742691,4,0.9686696976423264,0.9989581108093262,4,0.9896118431664832,0.9767490497578407,0.987873621694972,0.9865177837005363,0.986067187259059,0.9393530472613286,0.8391457946280894
by_roi,training_set_primary_roi_007,5,0.5550567207105288,0.9155521589606419,5,0.5164982513819723,0.8442565186751233,5,0.45685341313990496,0.15574348132487667,5,4.437083664108414,1.367655784517438,4,0.04963107638888889,0.042643229166666664,5,0.608598816394806,0.8287593722343445,5,0.6464596940204501,0.97453373670578,5,0.9594093345049841,0.9100915791757319,0.9511991125813132,0.03587760634464929,0.9072733105509591,0.3494722723430927,0.9850894169611717
by_roi,training_set_primary_roi_009,2,0.9722485343437188,0.9722485343437188,2,0.9461411673453558,0.9461411673453558,2,0.03909971263236626,0.03909971263236626,2,0.19034822762584186,0.19034822762584186,2,0.04074435763888889,0.04074435763888889,2,0.8884872794151306,0.8884872794151306,2,0.9972042143344879,0.9972042143344879,2,,,,,,,
by_roi,training_set_primary_roi_010,2,0.9271587556985788,0.9271587556985788,2,0.8652744050509956,0.8652744050509956,2,0.11529680365296803,0.11529680365296803,2,1.1410938433659465,1.1410938433659465,2,0.09651692708333334,0.09651692708333334,2,0.7610085308551788,0.7610085308551788,2,0.985958069562912,0.985958069562912,2,,,,,,,
by_roi,training_set_primary_roi_011,3,0.9171583756959575,0.9479166666666666,3,0.8524826288794505,0.900990099009901,3,0.08454066972659724,0.04680851063829787,3,0.7443193045944027,0.4168881949871354,3,0.05367476851851852,0.05284288194444445,3,0.7884425322214762,0.8748177289962769,3,0.9144353667894999,0.9964621663093567,3,0.9710841792474808,0.9950698582586118,0.9941838379395737,0.9992699702454304,0.999781473443935,0.9835893511646848,0.9802610324333677
by_roi,training_set_primary_roi_012,2,0.8940324214966402,0.8940324214966402,2,0.8189583380436667,0.8189583380436667,2,0.2102811131280497,0.2102811131280497,2,1.7454632200538505,1.7454632200538505,2,0.0783962673611111,0.0783962673611111,2,0.8591095805168152,0.8591095805168152,2,0.9817502200603485,0.9817502200603485,2,,,,,,,
by_roi,training_set_primary_roi_013,3,0.8051815647407216,0.9127906976744186,3,0.7059064653370913,0.839572192513369,3,0.2917027062264529,0.16042780748663102,3,0.7658764468203098,0.3582418110751867,3,0.05099826388888889,0.042426215277777776,3,0.8360742330551147,0.8333803415298462,3,0.9907441139221191,0.9976007342338562,3,0.3665568160016723,0.6854431804014646,0.34242025659471054,0.9809045114477318,0.582415492878901,0.7010735616793109,-0.9062662179615656
by_roi,training_set_primary_roi_014,2,0.9675864212275551,0.9675864212275551,2,0.9373578176209755,0.9373578176209755,2,0.02711736237144586,0.02711736237144586,2,0.39024117340022835,0.39024117340022835,2,0.08235677083333334,0.08235677083333334,2,0.8956884741783142,0.8956884741783142,2,0.9996113479137421,0.9996113479137421,2,,,,,,,
by_roi,training_set_primary_roi_015,2,0.9022414050038359,0.9022414050038359,2,0.8271873736816961,0.8271873736816961,2,0.17281262631830374,0.17281262631830374,2,1.870072295650301,1.870072295650301,2,0.06537543402777778,0.06537543402777778,2,0.8869594931602478,0.8869594931602478,2,0.9996800422668457,0.9996800422668457,2,,,,,,,
by_roi,training_set_primary_roi_016,4,0.9185975230032666,0.9117565400366044,4,0.8502086634006902,0.8378329189519338,4,0.12192173940649034,0.1509269361514116,4,1.0865176029333536,1.1937324404017509,4,0.05666775173611112,0.04345703125,4,0.8069770336151123,0.8275511860847473,4,0.9445202052593231,0.9762483835220337,4,0.9990536305308486,0.9926561619043741,0.9996722831197803,0.8394767756944663,0.9985505166942955,0.7056818348342175,0.3105233383498111
by_roi,training_set_primary_roi_017,1,0.9354005167958657,0.9354005167958657,1,0.8786407766990292,0.8786407766990292,1,0.025510204081632654,0.025510204081632654,1,0.8357846487100188,0.8357846487100188,1,0.020724826388888888,0.020724826388888888,1,0.7943660020828247,0.7943660020828247,1,0.9970281720161438,0.9970281720161438,1,,,,,,,
by_roi,training_set_primary_roi_018,1,0.9788732394366197,0.9788732394366197,1,0.9586206896551724,0.9586206896551724,1,0.003527336860670194,0.003527336860670194,1,0.17302534463182365,0.17302534463182365,1,0.06174045138888889,0.06174045138888889,1,0.88114333152771,0.88114333152771,1,0.9998558759689331,0.9998558759689331,1,,,,,,,
by_roi,training_set_primary_roi_020,2,0.7448306865200598,0.7448306865200598,2,0.6296427176077835,0.6296427176077835,2,0.348869793880153,0.348869793880153,2,6.774511330886118,6.774511330886118,2,0.07845052083333334,0.07845052083333334,2,0.6838915348052979,0.6838915348052979,2,0.9249736368656158,0.9249736368656158,2,,,,,,,
by_roi,training_set_primary_roi_021,2,0.8802810715854195,0.8802810715854195,2,0.793656464416103,0.793656464416103,2,0.21495327102803738,0.21495327102803738,2,2.2814186591187804,2.2814186591187804,2,0.06673177083333334,0.06673177083333334,2,0.8335369825363159,0.8335369825363159,2,0.9986851513385773,0.9986851513385773,2,,,,,,,
by_roi,training_set_primary_roi_022,3,0.9179450303611377,0.9181208053691275,3,0.8510983095695025,0.8486352357320099,3,0.14582831514249742,0.14214463840399003,3,0.6394657177765111,0.3485646949354443,3,0.043149594907407406,0.04416232638888889,3,0.8165188431739807,0.8546220660209656,3,0.9885666966438293,0.9959523677825928,3,0.8694912755548453,0.8261873983312527,0.9100672120238693,0.9608156412303027,0.8688437677553492,0.8562705789369633,0.23760534048236476
by_roi,training_set_primary_roi_023,3,0.9692978256899183,0.97911227154047,3,0.9413056925701729,0.959079283887468,3,0.04911816933775032,0.032534246575342464,3,0.579943129148436,0.4982442806031306,3,0.06821469907407408,0.04958767361111111,3,0.8924499352773031,0.8834598660469055,3,0.9989342093467712,0.9995653033256531,3,0.999961656308035,0.999571449563197,0.9996141025916803,0.875570577650556,0.9941290237621924,0.7105639335994492,0.581373968723628
by_roi,training_set_primary_roi_024,3,0.9703893466538339,0.9709794437726723,3,0.9426124858256074,0.9435957696827262,3,0.05318390644851919,0.05411764705882353,3,0.3445414113304804,0.35796278017329025,3,0.060763888888888895,0.060112847222222224,3,0.8862100839614868,0.8996370434761047,3,0.9988597830136617,0.9996316432952881,3,0.9989269848491923,0.9993811828207378,0.9963069584652848,0.9999870102800837,0.9995553987267529,0.9999997046129334,0.08105608300139719
by_roi,training_set_primary_roi_025,3,0.8458928009635874,0.7985246657445828,3,0.7445512880972694,0.6646201074443592,3,0.2491653749893529,0.3289676425269646,3,3.201364098612712,4.3654238373285565,3,0.0611255787037037,0.049153645833333336,3,0.8041698535283407,0.8134379982948303,3,0.9960267345110575,0.9964759945869446,3,0.9602601117088353,0.9041945159839584,0.9228720614621223,0.7425567576779607,0.8382273077609614,0.997166540244015,0.863922224402232
by_roi,training_set_primary_roi_026,5,0.8671793514029403,0.9079861111111112,5,0.7814848997059133,0.8314785373608903,5,0.24637656070160804,0.1568,5,2.7490018380133834,1.63880961167888,5,0.057486979166666674,0.057183159722222224,5,0.8623619198799133,0.8707311153411865,5,0.9932593107223511,0.995873749256134,5,-0.010339563666633713,0.1295488293785455,0.8642715136161979,0.9252455096116844,-0.2923780303394335,0.8109625777293995,0.24356099470431822
by_roi,training_set_primary_roi_027,1,0.9687162891046386,0.9687162891046386,1,0.9393305439330544,0.9393305439330544,1,0.04842105263157895,0.04842105263157895,1,0.37339711921886953,0.37339711921886953,1,0.04904513888888889,0.04904513888888889,1,0.8674638867378235,0.8674638867378235,1,0.9980582594871521,0.9980582594871521,1,,,,,,,
by_roi,training_set_primary_roi_028,1,0.9672830725462305,0.9672830725462305,1,0.9366391184573003,0.9366391184573003,1,0.014326647564469915,0.014326647564469915,1,0.4212226522724964,0.4212226522724964,1,0.038411458333333336,0.038411458333333336,1,0.7712188959121704,0.7712188959121704,1,0.9798269271850586,0.9798269271850586,1,,,,,,,
by_roi,training_set_primary_roi_029,3,0.9753933759060774,0.975,3,0.9519820614792392,0.9512195121951219,3,0.03180923716829397,0.022508038585209004,3,0.2749104888136887,0.23435462624381015,3,0.06011284722222222,0.05588107638888889,3,0.8626946012179056,0.8552011251449585,3,0.9957865476608276,0.9996472597122192,3,0.9996750982812316,0.9982749432517043,0.999807202343691,0.9999220798637107,0.9974952047760385,0.9671767950556247,-0.9625011893651113
by_roi,training_set_primary_roi_030,2,0.9611600091598212,0.9611600091598212,2,0.9258479557626159,0.9258479557626159,2,0.07084596632561228,0.07084596632561228,2,0.367334503615418,0.367334503615418,2,0.08089192708333333,0.08089192708333333,2,0.8766970038414001,0.8766970038414001,2,0.9931015074253082,0.9931015074253082,2,,,,,,,
by_roi,training_set_primary_roi_031,2,0.9815467936737605,0.9815467936737605,2,0.9637792071918472,0.9637792071918472,2,0.02356306049961734,0.02356306049961734,2,0.14889422996989232,0.14889422996989232,2,0.061848958333333336,0.061848958333333336,2,0.8772711753845215,0.8772711753845215,2,0.9995825290679932,0.9995825290679932,2,,,,,,,
by_roi,training_set_primary_roi_032,5,0.9672409966243173,0.9646153846153847,5,0.9367267003307955,0.9316493313521546,5,0.05274860625119841,0.04504504504504504,5,0.3363094869019302,0.20503032227020576,5,0.05740017361111112,0.06901041666666667,5,0.8849735736846924,0.8897848129272461,5,0.998661458492279,0.9994854927062988,5,0.9994907011475443,0.9954220139016046,0.9971162609721145,0.9660918455080705,0.9987495178491903,0.9969970865745442,0.049885358679975206
by_roi,training_set_primary_roi_033,5,0.7943044243267705,0.963265306122449,5,0.7635917672189745,0.9291338582677166,5,0.22228893859496401,0.0443213296398892,5,1.2276766968985908,0.37109595010712076,5,0.059136284722222224,0.06727430555555555,5,0.7837936043739319,0.8610569834709167,5,0.8713946104049682,0.9974187612533569,5,0.7796457018068121,0.7208318075703108,0.5704697471814949,0.9275109049385049,0.6419610139309729,0.7546523377687013,0.959704202463912
by_roi,training_set_primary_roi_034,2,0.9725359670051796,0.9725359670051796,2,0.9465467575522701,0.9465467575522701,2,0.04959922815208604,0.04959922815208604,2,0.24342826178108504,0.24342826178108504,2,0.09505208333333333,0.09505208333333333,2,0.9238584637641907,0.9238584637641907,2,0.9996529519557953,0.9996529519557953,2,,,,,,,
by_roi,training_set_primary_roi_036,4,0.893741274369125,0.9174255828624688,4,0.8142386108916722,0.8479552889858233,4,0.19733110724228878,0.10673624503686897,4,2.2960062553611813,2.1924720271039733,4,0.082763671875,0.06890190972222222,4,0.7854779362678528,0.7672697603702545,4,0.9719353169202805,0.9681225717067719,4,0.9892706553378271,0.9888319179453134,0.9973026885822992,0.925133005473456,0.9887248783919258,0.9872307289284223,0.6276730303482887
by_roi,training_set_primary_roi_037,3,0.9739848057334773,0.9788434414668548,3,0.9495807395951689,0.9585635359116023,3,0.03779292928240186,0.027586206896551724,3,0.34859428690616,0.3895802992622503,3,0.04137731481481482,0.038411458333333336,3,0.8707384268442789,0.8773283362388611,3,0.9859793186187744,0.998497486114502,3,0.9990833253762406,0.9994517308841973,0.9998999881287777,0.9959546470019639,0.9949491837436903,0.9896747226768289,-0.7665795848554641
by_roi,training_set_primary_roi_038,2,0.7880300471610684,0.7880300471610684,2,0.6503905154523528,0.6503905154523528,2,0.45606081740828563,0.45606081740828563,2,4.817141132955328,4.817141132955328,2,0.041937934027777776,0.041937934027777776,2,0.7464297711849213,0.7464297711849213,2,0.9440459609031677,0.9440459609031677,2,,,,,,,
by_roi,training_set_primary_roi_039,1,0.9833110814419226,0.9833110814419226,1,0.9671700590938936,0.9671700590938936,1,0.004013377926421404,0.004013377926421404,1,0.11834287301883803,0.11834287301883803,1,0.1628689236111111,0.1628689236111111,1,0.8405645489692688,0.8405645489692688,1,0.9982814788818359,0.9982814788818359,1,,,,,,,
by_roi,training_set_primary_roi_040,1,0.9654135338345865,0.9654135338345865,1,0.9331395348837209,0.9331395348837209,1,0.06686046511627906,0.06686046511627906,1,0.2774536020836556,0.2774536020836556,1,0.06966145833333333,0.06966145833333333,1,0.8612858653068542,0.8612858653068542,1,0.9972568154335022,0.9972568154335022,1,,,,,,,
by_roi,training_set_primary_roi_041,2,0.7166244919868108,0.7166244919868108,2,0.6171201015915082,0.6171201015915082,2,0.8429633867276888,0.8429633867276888,2,6.013206745291207,6.013206745291207,2,0.05056423611111111,0.05056423611111111,2,0.7007901668548584,0.7007901668548584,2,0.8906411528587341,0.8906411528587341,2,,,,,,,
by_roi,training_set_primary_roi_042,4,0.9162123511750364,0.939293532168143,4,0.8517057997390524,0.8855499061386108,4,0.15876178303245803,0.09994211846420992,4,1.4344980747635867,0.8213053614826913,4,0.04380967881944445,0.045735677083333336,4,0.7610033005475998,0.774738222360611,4,0.9499729573726654,0.9962606132030487,4,0.9964409853678335,0.8747897957963282,0.9968951617549331,-0.40002437777063476,0.9466444827772593,-0.5647448379195524,0.9793772423114814
by_roi,training_set_primary_roi_043,1,0.5263157894736842,0.5263157894736842,1,0.35714285714285715,0.35714285714285715,1,0.6428571428571429,0.6428571428571429,1,3.8899130164044067,3.8899130164044067,1,0.018446180555555556,0.018446180555555556,1,0.5069131851196289,0.5069131851196289,1,0.5283311009407043,0.5283311009407043,1,,,,,,,
by_roi,training_set_primary_roi_044,4,0.8631743592158249,0.9066896551724137,4,0.7755005938671109,0.8293095711263543,4,0.2743446128306152,0.16621787025703794,4,3.1932868601904234,0.978921268967025,4,0.0742458767361111,0.05989583333333333,4,0.8133255392313004,0.8265775740146637,4,0.9834929406642914,0.9910169839859009,4,0.6455098622991812,0.8314816182461109,0.4595548080482965,0.9816232250337431,0.5756116655215648,0.5103723353650301,-0.37963381426289966
by_roi,training_set_primary_roi_045,2,0.6964171565617142,0.6964171565617142,2,0.5347125531375909,0.5347125531375909,2,0.6194085487077534,0.6194085487077534,2,6.090236838027627,6.090236838027627,2,0.12017144097222222,0.12017144097222222,2,0.7267044484615326,0.7267044484615326,2,0.8069617748260498,0.8069617748260498,2,,,,,,,
by_roi,training_set_primary_roi_046,5,0.9343113801159827,0.9210526315789473,5,0.878061365695998,0.8536585365853658,5,0.09937344143170283,0.05787781350482315,5,0.9437782638492049,0.8460619337983186,5,0.04084201388888889,0.03515625,5,0.842373251914978,0.8429524898529053,5,0.9490706086158752,0.9924103021621704,5,0.9717389671342479,0.9759842095140632,0.979698619428421,0.921796082335898,0.9713809056306837,0.9023274689583894,0.48181892341299115
by_roi,training_set_primary_roi_047,3,0.9657867932340306,0.9656146961846443,3,0.9339649395089289,0.9335154826958105,3,0.02786076480814988,0.021844660194174758,3,0.28282019097471384,0.2584387448889956,3,0.0685763888888889,0.047309027777777776,3,0.8650834163029989,0.8943302035331726,3,0.9994147022565206,0.9998564720153809,3,0.999751457054388,0.9999636095529865,0.9979921767102227,0.9990696401947748,0.9998020809222244,0.9999857847008837,-0.003997428547819711
by_roi,training_set_primary_roi_048,5,0.9061590417201704,0.9517241379310345,5,0.8417571381001114,0.9078947368421053,5,0.12089949915938802,0.04225352112676056,5,1.0062557443430773,0.5765462873562321,5,0.03975694444444444,0.03211805555555555,5,0.8575558543205262,0.8416268229484558,5,0.9538426756858825,0.99815434217453,5,0.8795563893644757,0.9503107248896981,0.8756923795299179,0.9728135706086634,0.9172998468711145,0.9284927324939707,0.3223603385642273
by_roi,training_set_primary_roi_049,2,0.8626194211660863,0.8626194211660863,2,0.7599474993092015,0.7599474993092015,2,0.3117446808510638,0.3117446808510638,2,1.5863156740897881,1.5863156740897881,2,0.03445095486111111,0.03445095486111111,2,0.8709069192409515,0.8709069192409515,2,0.994271457195282,0.994271457195282,2,,,,,,,
by_roi,training_set_primary_roi_051,1,0.9640449438202248,0.9640449438202248,1,0.93058568329718,0.93058568329718,1,0.0045045045045045045,0.0045045045045045045,1,0.6661372952946392,0.6661372952946392,1,0.048394097222222224,0.048394097222222224,1,0.9228475689888,0.9228475689888,1,0.9996713399887085,0.9996713399887085,1,,,,,,,
by_roi,training_set_primary_roi_052,4,0.8800326324448395,0.9370291082212352,4,0.8045352882289334,0.8815777566625944,4,0.18543492464134181,0.11830824372759857,4,1.9494918668816865,0.4262775111342868,4,0.03561740451388889,0.025390625,4,0.8232510536909103,0.8336730301380157,4,0.9942580759525299,0.9951767325401306,4,0.9538919554325015,0.730972023102344,0.9913078562489843,0.8669177524483637,0.8586428943274443,0.6890386750137818,0.7797041982438012
by_roi,training_set_primary_roi_053,3,0.9557862689340562,0.9661921708185054,3,0.915822634532382,0.9345955249569707,3,0.054311147694852006,0.027538726333907058,3,0.42523072210381435,0.23339569922661954,3,0.05638744212962962,0.06174045138888889,3,0.8743235468864441,0.8590495586395264,3,0.9936010638872782,0.9937393665313721,3,0.999755666711979,0.9954983242250874,0.9998343544677233,0.999955716721456,0.9800554449631669,0.9788213411176763,0.23678536799909364
by_roi,training_set_primary_roi_054,2,0.9311460674157304,0.9311460674157304,2,0.8731884057971016,0.8731884057971016,2,0.06716417910447761,0.06716417910447761,2,0.5528705022058114,0.5528705022058114,2,0.0224609375,0.0224609375,2,0.7420836091041565,0.7420836091041565,2,0.6139715984463692,0.6139715984463692,2,,,,,,,
by_roi,training_set_primary_roi_055,1,0.93359375,0.93359375,1,0.8754578754578755,0.8754578754578755,1,0.007782101167315175,0.007782101167315175,1,0.8173375115366786,0.8173375115366786,1,0.027669270833333332,0.027669270833333332,1,0.7482842206954956,0.7482842206954956,1,0.9708254933357239,0.9708254933357239,1,,,,,,,
by_roi,training_set_primary_roi_056,4,0.9172098671155982,0.9356398069341587,4,0.852279923259105,0.8800184827245098,4,0.0721662486663639,0.042035788916031436,4,1.2301409558161225,0.7204836155486433,4,0.0712619357638889,0.0641818576388889,4,0.8256355375051498,0.8162768185138702,4,0.9363721162080765,0.9525614380836487,4,0.979543039565972,0.9985695702791793,0.9376832464805642,0.7878599685901835,0.9968738921162462,0.4065448798578997,0.00047109114367925245
by_roi,training_set_primary_roi_057,6,0.9076758367512415,0.9106758035405387,6,0.8336765044852541,0.8370472166963074,6,0.10180900398183607,0.0859144176814139,6,0.4991817835863308,0.4618270864256492,6,0.030870225694444448,0.032063802083333336,6,0.7904056708017985,0.8050822019577026,6,0.9777381221453348,0.9942374527454376,6,0.9005327694996288,0.9757680383830706,0.9162905099428226,0.9812786794691398,0.930101493700609,0.5551358981303988,0.7574930370526248
by_roi,training_set_primary_roi_058,2,0.954702728071577,0.954702728071577,2,0.9140131464670013,0.9140131464670013,2,0.069652094149243,0.069652094149243,2,0.478613993312929,0.478613993312929,2,0.03369140625,0.03369140625,2,0.8890670537948608,0.8890670537948608,2,0.9959373772144318,0.9959373772144318,2,,,,,,,
by_roi,training_set_primary_roi_059,3,0.8308987652199421,0.9063291139240506,3,0.7376134977429079,0.8287037037037037,3,0.2524019046204287,0.13679245283018868,3,0.6824106157837715,0.51622211201556,3,0.04213686342592592,0.039713541666666664,3,0.8079018592834473,0.7757038474082947,3,0.9925369819005331,0.9974657297134399,3,0.971559355535526,0.9999654744346034,0.9904772808583346,0.7777626304118984,0.9874658735771625,0.9745442052724009,-0.941746733570614
by_roi,training_set_primary_roi_060,3,0.9125929023599543,0.9622641509433962,3,0.8466861526836128,0.9272727272727272,3,0.13453684116258804,0.07334963325183375,3,1.0538657211292042,0.7117721887183212,3,0.05034722222222222,0.05067274305555555,3,0.8592796127001444,0.881051242351532,3,0.98578941822052,0.9952096343040466,3,0.9101920324116416,0.7892787335325381,0.8209329986433199,0.9431422812311254,0.7853463660847251,0.9791366453369366,-0.3407329060078126
by_roi,training_set_primary_roi_061,1,0.9521367521367521,0.9521367521367521,1,0.9086460032626428,0.9086460032626428,1,0.09135399673735727,0.09135399673735727,1,0.22092698135692207,0.22092698135692207,1,0.06043836805555555,0.06043836805555555,1,0.9059950113296509,0.9059950113296509,1,0.9998737573623657,0.9998737573623657,1,,,,,,,
by_roi,training_set_primary_roi_062,1,0.9667673716012085,0.9667673716012085,1,0.935672514619883,0.935672514619883,1,0.052941176470588235,0.052941176470588235,1,0.6056259740722294,0.6056259740722294,1,0.052408854166666664,0.052408854166666664,1,0.8685584664344788,0.8685584664344788,1,0.997994065284729,0.997994065284729,1,,,,,,,
by_roi,training_set_primary_roi_063,2,0.9726163192549747,0.9726163192549747,2,0.946699982767534,0.946699982767534,2,0.04472858866103739,0.04472858866103739,2,0.5397223557070434,0.5397223557070434,2,0.054036458333333336,0.054036458333333336,2,0.8570818305015564,0.8570818305015564,2,0.9928007423877716,0.9928007423877716,2,,,,,,,
by_roi,training_set_primary_roi_064,1,0.9651162790697675,0.9651162790697675,1,0.9325842696629213,0.9325842696629213,1,0.01675041876046901,0.01675041876046901,1,0.8751106665807021,0.8751106665807021,1,0.06586371527777778,0.06586371527777778,1,0.9165338277816772,0.9165338277816772,1,0.9999148845672607,0.9999148845672607,1,,,,,,,
by_roi,training_set_primary_roi_065,1,0.9066305818673883,0.9066305818673883,1,0.8292079207920792,0.8292079207920792,1,0.19287833827893175,0.19287833827893175,1,0.6591464511041506,0.6591464511041506,1,0.043619791666666664,0.043619791666666664,1,0.7809159159660339,0.7809159159660339,1,0.9797347187995911,0.9797347187995911,1,,,,,,,
by_roi,training_set_primary_roi_067,1,0.9078014184397163,0.9078014184397163,1,0.8311688311688312,0.8311688311688312,1,0.16883116883116883,0.16883116883116883,1,0.900531813899896,0.900531813899896,1,0.05555555555555555,0.05555555555555555,1,0.8568976521492004,0.8568976521492004,1,0.9961320161819458,0.9961320161819458,1,,,,,,,
by_roi,training_set_primary_roi_068,6,0.7426370071804548,0.8203242370563042,6,0.6368398237343601,0.7022584611402316,6,0.8112981974095598,0.29774153885976834,6,4.27523033954428,1.8661680604361974,6,0.03917100694444444,0.03971354166666667,6,0.7660121619701385,0.8070058822631836,6,0.9086373448371887,0.9530707895755768,6,0.31394926013282803,0.2745392353848149,0.41294118236698096,-0.006282676223982441,0.22281701070785734,-0.16938374097332579,0.5684906505059587
by_roi,training_set_primary_roi_069,1,0.9739413680781759,0.9739413680781759,1,0.9492063492063492,0.9492063492063492,1,0.050793650793650794,0.050793650793650794,1,0.47536203818081846,0.47536203818081846,1,0.03244357638888889,0.03244357638888889,1,0.8360923528671265,0.8360923528671265,1,0.9996806383132935,0.9996806383132935,1,,,,,,,
by_roi,training_set_primary_roi_070,9,0.875577878347138,0.8914525432616676,9,0.7823437381532843,0.804162724692526,9,0.2647225160539315,0.22780373831775702,9,0.8471499493926432,0.9015828832091967,9,0.06628568672839506,0.08192274305555555,9,0.8494364553027682,0.8567068576812744,9,0.9868035780058967,0.9990547299385071,9,0.9838561499518568,0.9762321582800751,0.9890180563559299,0.9365640623931419,0.9834595881039713,0.9233962331779644,0.21114016405554537
by_roi,training_set_primary_roi_073,2,0.837991718426501,0.837991718426501,2,0.7216257668711656,0.7216257668711656,2,0.33826021464884204,0.33826021464884204,2,1.725463335247917,1.725463335247917,2,0.052300347222222224,0.052300347222222224,2,0.7144534587860107,0.7144534587860107,2,0.9479990601539612,0.9479990601539612,2,,,,,,,
by_roi,training_set_primary_roi_074,2,0.46880570409982175,0.46880570409982175,2,0.4412751677852349,0.4412751677852349,2,0.90586262954684,0.90586262954684,2,9.426035205460156,9.426035205460156,2,0.04286024305555555,0.04286024305555555,2,0.6980157196521759,0.6980157196521759,2,0.9232927560806274,0.9232927560806274,2,,,,,,,
by_roi,training_set_primary_roi_075,1,0.9723032069970845,0.9723032069970845,1,0.9460992907801419,0.9460992907801419,1,0.05697151424287856,0.05697151424287856,1,0.5296252850361639,0.5296252850361639,1,0.07649739583333333,0.07649739583333333,1,0.9254251718521118,0.9254251718521118,1,0.9992132186889648,0.9992132186889648,1,,,,,,,
by_roi,training_set_primary_roi_076,2,0.7098445595854922,0.7098445595854922,2,0.5519390581717452,0.5519390581717452,2,0.6775568181818181,0.6775568181818181,2,3.4890970381714856,3.4890970381714856,2,0.018174913194444444,0.018174913194444444,2,0.7182079553604126,0.7182079553604126,2,0.8783815801143646,0.8783815801143646,2,,,,,,,
by_roi,training_set_primary_roi_079,3,0.8013838212814042,0.9550475211918829,3,0.724027373140133,0.9139626352015733,3,0.24886116450401263,0.047869542346133616,3,3.1500810565907202,0.8143791377000704,3,0.09678819444444446,0.05935329861111111,3,0.7645841836929321,0.8409649729728699,3,0.9123147130012512,0.9994844198226929,3,0.9938777002838931,0.860479970216787,0.9996024788590897,-0.31271092811212375,0.9701909958027144,0.6737272581370115,0.9882601982636064
by_roi,training_set_primary_roi_080,3,0.6016060623661932,0.7688564476885644,3,0.5201537809554979,0.6245059288537549,3,0.38394128156840024,0.3418803418803419,3,4.826279451111757,2.244107931245298,3,0.02716290509259259,0.021701388888888888,3,0.6614976127942404,0.7979518175125122,3,0.8050250013669332,0.9803975820541382,3,0.7417110486065788,0.9861998495811186,-0.9164388401083068,0.5991200986107738,0.9621832538199669,0.8458940074120782,0.9629338976420511
by_roi,training_set_primary_roi_081,2,0.8948325453530364,0.8948325453530364,2,0.813350974148707,0.813350974148707,2,0.1563833993083879,0.1563833993083879,2,2.1093157599972496,2.1093157599972496,2,0.060112847222222224,0.060112847222222224,2,0.7973070442676544,0.7973070442676544,2,0.7993549704551697,0.7993549704551697,2,,,,,,,
by_roi,training_set_primary_roi_082,4,0.8907952974598812,0.887659455038734,4,0.8079379645284859,0.8021948739010962,4,0.16774333119110607,0.16253778437715438,4,1.1645887821280991,1.1427746144170396,4,0.05661349826388889,0.062445746527777776,4,0.8001758009195328,0.7878103852272034,4,0.9922423809766769,0.994645893573761,4,0.9658089886902351,0.9905560943500538,0.9886537882291015,0.9934733520873474,0.9980271227238212,0.2770940996027567,0.2664020725647402
by_roi,training_set_primary_roi_083,6,0.9395364860509887,0.9669383794274624,6,0.8899259778132668,0.9360042191023497,6,0.099137665359672,0.0525283347863993,6,1.05976847034999,0.3207031721882942,6,0.055193865740740734,0.051215277777777776,6,0.8676170706748962,0.861742228269577,6,0.9966157476107279,0.9983676373958588,6,0.9844163209183312,0.9230117497063971,0.9812819358787458,0.9684306546984799,0.9924718445291204,0.9911606512835066,0.6239138887444275
by_roi,training_set_primary_roi_084,3,0.9227584181729362,0.964527027027027,3,0.8625702097537814,0.9314845024469821,3,0.119003183841341,0.06016042780748663,3,1.8402859799269795,0.6264163406038951,3,0.0718677662037037,0.0744357638888889,3,0.8733593821525574,0.8850616216659546,3,0.9981334408124288,0.9995119571685791,3,0.7414771145275043,0.8695191597394327,0.07190842216585788,0.9877240388466774,0.8591997067687194,0.9981112565705575,0.9557595015893249
by_roi,training_set_primary_roi_086,3,0.7133737030594326,0.8393782383419689,3,0.599564538621856,0.7232142857142857,3,0.39452342333746787,0.26905829596412556,3,3.083876647292801,1.542884896594271,3,0.02958622685185185,0.017686631944444444,3,0.62956436475118,0.5184392333030701,3,0.4762953023115794,0.22125741839408875,3,0.1166666047753944,0.4621911405648415,-0.1907312275553953,0.455361619074952,0.11202503126025273,-0.14985220253904213,0.6779992293680165
by_roi,training_set_primary_roi_087,4,0.9404742506486349,0.9452040132272003,4,0.8879679441944012,0.8961012658227848,4,0.11076467612645441,0.10136397481892642,4,0.4300834273705587,0.4711845930908056,4,0.04568142361111112,0.026258680555555552,4,0.8159979581832886,0.8387638628482819,4,0.8673932999372482,0.9139525890350342,4,0.9999391264121913,0.9995789630783871,0.9990125773272522,0.9961169843158225,0.9988144367522376,0.9675064209822487,0.7591931113426206
by_roi,training_set_primary_roi_089,1,0.8148148148148148,0.8148148148148148,1,0.6875,0.6875,1,0.34183673469387754,0.34183673469387754,1,2.5216688084277648,2.5216688084277648,1,0.028537326388888888,0.028537326388888888,1,0.6517246961593628,0.6517246961593628,1,0.7505829334259033,0.7505829334259033,1,,,,,,,
by_roi,training_set_primary_roi_090,5,0.8329346585951818,0.850415512465374,5,0.72461401346107,0.7397590361445783,5,0.32079448487841977,0.3517915309446254,5,1.1184887355577058,0.669575860000197,5,0.03676215277777778,0.042426215277777776,5,0.7741891622543335,0.8281035423278809,5,0.8819849550724029,0.9961366057395935,5,0.7961195330028794,0.9713466748059031,0.49536957131462794,0.8501302956962294,0.9248684480813629,0.9750908819141453,0.9459204719284797
by_roi,training_set_primary_roi_091,3,0.9570668704415787,0.9543624161073826,3,0.9181403494950734,0.9127086007702182,3,0.027770228353760532,0.018617021276595744,3,0.49222687186422887,0.5864784629210946,3,0.06589988425925926,0.07747395833333333,3,0.8040517965952555,0.7793393731117249,3,0.9885807633399963,0.9875017404556274,3,0.9991421309085512,0.998263238801403,0.9843270462612637,0.9951760084761138,0.9946219092330253,0.883508937234028,0.7786592259255942
by_roi,training_set_primary_roi_093,1,0.9479258605472197,0.9479258605472197,1,0.9010067114093959,0.9010067114093959,1,0.10986964618249534,0.10986964618249534,1,0.17492956346257335,0.17492956346257335,1,0.0646701388888889,0.0646701388888889,1,0.9301626682281494,0.9301626682281494,1,0.9999035596847534,0.9999035596847534,1,,,,,,,
by_roi,training_set_primary_roi_094,4,0.8859979209230597,0.9512270170748316,4,0.8144891619955106,0.9070130060719461,4,0.1738189784462665,0.09157297178130511,4,0.13793457766676243,0.10699645495652002,4,0.035183376736111105,0.030436197916666664,4,0.8239835649728775,0.8232109546661377,4,0.9743241667747498,0.9722495377063751,4,0.8744435969332347,0.999727489542339,0.4208648148263853,0.9050864018792406,0.9793364717464146,0.7966675949264789,0.3932576350262509
by_roi,training_set_primary_roi_095,2,0.902477571700832,0.902477571700832,2,0.8257810083513765,0.8257810083513765,2,0.12171220017195698,0.12171220017195698,2,0.8668493272323301,0.8668493272323301,2,0.03933376736111111,0.03933376736111111,2,0.8069178760051727,0.8069178760051727,2,0.9977392256259918,0.9977392256259918,2,,,,,,,
by_roi,training_set_primary_roi_096,3,0.9286859032491567,0.9084628670120898,3,0.8684666227652983,0.8322784810126582,3,0.10011677948272113,0.14323890967397113,3,1.1170508044615008,0.3259514008243629,3,0.09465422453703703,0.07335069444444445,3,0.8145708044370016,0.8650082945823669,3,0.9632061322530111,0.9972319006919861,3,0.9995487972789147,0.9999897877838784,0.9999726982302134,0.9805415729097439,0.9991672794470938,0.7569716835728671,0.6615997593725697
by_roi,training_set_primary_roi_097,1,0.9571068124474348,0.9571068124474348,1,0.917741935483871,0.917741935483871,1,0.008375209380234505,0.008375209380234505,1,0.42323737450831755,0.42323737450831755,1,0.0642361111111111,0.0642361111111111,1,0.9147374629974365,0.9147374629974365,1,0.9995245933532715,0.9995245933532715,1,,,,,,,
by_roi,training_set_primary_roi_098,1,0.9102773246329527,0.9102773246329527,1,0.8353293413173652,0.8353293413173652,1,0.16607773851590105,0.16607773851590105,1,1.572060473165113,1.572060473165113,1,0.035807291666666664,0.035807291666666664,1,0.8104902505874634,0.8104902505874634,1,0.9895873069763184,0.9895873069763184,1,,,,,,,
by_roi,training_set_primary_roi_099,3,0.8985748024710448,0.8797564687975646,3,0.8181788605816895,0.7853260869565217,3,0.22167822929838601,0.27335640138408307,3,1.1512717490156381,1.03567607846015,3,0.06264467592592592,0.055230034722222224,3,0.8390282193819681,0.8457187414169312,3,0.9959970116615295,0.9966189861297607,3,0.9165607169016947,0.9998580205446115,0.3881810332256888,0.8495956481778797,0.9914503295922588,0.6792158846879952,-0.9999945558336777
by_roi,training_set_primary_roi_100,8,0.9630266990212963,0.9591776167157688,8,0.929024107140892,0.9215589100804019,8,0.028450435900657912,0.018878934541585145,8,0.40005784382530446,0.3853105971351699,8,0.042426215277777776,0.039225260416666664,8,0.8606063053011894,0.8539899289608002,8,0.983407586812973,0.9966393411159515,8,0.9965333652837473,0.9967068357141851,0.996182886872162,0.9291318350545671,0.9974964124379908,0.981175269200704,0.6407047285703679
by_roi,training_set_primary_roi_101,2,0.6345077859919556,0.6345077859919556,2,0.5579269855919602,0.5579269855919602,2,2.3430193129883534,2.3430193129883534,2,6.246115482477309,6.246115482477309,2,0.06179470486111111,0.06179470486111111,2,0.6975086629390717,0.6975086629390717,2,0.8013867735862732,0.8013867735862732,2,,,,,,,
by_roi,training_set_primary_roi_102,2,0.9138765517453473,0.9138765517453473,2,0.8421811944051216,0.8421811944051216,2,0.11548129718599863,0.11548129718599863,2,1.0877732321073057,1.0877732321073057,2,0.08506944444444445,0.08506944444444445,2,0.9021620452404022,0.9021620452404022,2,0.9992017447948456,0.9992017447948456,2,,,,,,,
by_roi,training_set_primary_roi_103,10,0.798180715783714,0.8076003619219962,10,0.6870879555848227,0.6798067892123978,10,0.23575222225086728,0.15684377199155525,10,1.8684287607775978,1.3580730614963823,10,0.039116753472222224,0.03331163194444445,10,0.7007312655448914,0.7359517216682434,10,0.7664785087108612,0.7858209908008575,10,0.8785836418309495,0.9730053444048993,0.7786307601010848,0.7445905980660138,0.9692311235158408,0.186031501699968,0.5742830058506836
