"SHA256","Bytes","Category","Subtype","CanonicalPath","AppearanceCount","ExplorationCount"
"322DA9AB3A15FB7799E946A8AF15363D31A05D2E641DE29BCE524AB9C99F4741","16639","CODE","ANALYSIS","Exploration_5_A5_Failure_Analysis_and_Next_Experiment\CODE\ANALYSIS\src\analyze.py","1","1"
"CB31644009DE8B69D4F6DAA3072B75D819FC1313ECFAAA4F85B21E913A1FB8EA","4113","CODE","ANALYSIS","Exploration_5_A5_Failure_Analysis_and_Next_Experiment\CODE\ANALYSIS\src\figures.py","1","1"
"B8C7B212E15D41C8D200ED0E78AFFF11D7062EA40A84AE87B934FB7DD48448AC","7189","CODE","ANALYSIS","Exploration_5_A5_Failure_Analysis_and_Next_Experiment\CODE\ANALYSIS\src\finalize.py","1","1"
"EF878326731A09FE997D619D0371E70A87C4033CB6126CDFD9A2D8B10E8A7EAD","2920","CODE","ANALYSIS","Exploration_5_A5_Failure_Analysis_and_Next_Experiment\CODE\ANALYSIS\src\verify_and_localize.py","1","1"
"CADA74F065926865CAFBA5D796E50FA3D6B86D8B962DDB2FAD5B3737246F9EE0","38","CODE","COMMON","Exploration_5_A5_Failure_Analysis_and_Next_Experiment\CODE\COMMON\.gitignore","1","1"
"653B87AF7EC2EA81F127F1432E8082F9814BAEBDA2239630A9C250F97FEF27C3","31","CODE","COMMON","Exploration_5_A5_Failure_Analysis_and_Next_Experiment\CODE\COMMON\requirements.txt","1","1"
"C9C8F0CC28608AD6DD633033AF52633027F983B08ABBE62E8AF9CE7A9F801F14","1414","CODE","COMMON","Exploration_5_A5_Failure_Analysis_and_Next_Experiment\CODE\COMMON\src\inspect_artifacts.py","1","1"
"A08DD5FF587282A0F83CE96A7A310B1910A4CD7FF51964ABFA7245EC2784DA16","8094","CODE","COMMON","Exploration_5_A5_Failure_Analysis_and_Next_Experiment\CODE\COMMON\src\supplement.py","1","1"
"66B47B76114E3B4BDF05F3948E3F7ECB23BDC2BA85B6980B5421AD722B83DFF6","1101","CODE","CONFIGS","Exploration_5_A5_Failure_Analysis_and_Next_Experiment\CODE\CONFIGS\baseline_config.json","1","1"
"3A4338F103F7E330F33A9C1B245D85C0AE5C32E9E4E5E1881CCE895E46F83DEC","217562","IMAGES","FIGURES","Exploration_5_A5_Failure_Analysis_and_Next_Experiment\IMAGES\FIGURES\confusion_changes.png","1","1"
"FE7BB742E22A07BBEA0F89FEB118151B000CEFC2AF5B1E25D5280512FDACE61E","238435","IMAGES","FIGURES","Exploration_5_A5_Failure_Analysis_and_Next_Experiment\IMAGES\FIGURES\loss.png","1","1"
"AAC4DE79B3FADC9F12FA649E8A53307B0CFB9C4A0A313D1F20DEE1EA2BC9DE40","218581","IMAGES","FIGURES","Exploration_5_A5_Failure_Analysis_and_Next_Experiment\IMAGES\FIGURES\macro_f1.png","1","1"
"3C0A65E2B1A619FA6C95509360822712DBFBD3B755EFF5D07205DDA87F9D51FE","92823","IMAGES","FIGURES","Exploration_5_A5_Failure_Analysis_and_Next_Experiment\IMAGES\FIGURES\peak_vs_final.png","1","1"
"27C84F00C2BFF01E746E910BB14F4D55A0BCF0290C6A1C6D07ECBB951101A04B","114181","IMAGES","FIGURES","Exploration_5_A5_Failure_Analysis_and_Next_Experiment\IMAGES\FIGURES\per_class_recall_variance.png","1","1"
"862FEFC409C06817ADA6A115970387ACFFBBA5CE21A0EEE34D6CDC32DFC33A3E","114377","IMAGES","FIGURES","Exploration_5_A5_Failure_Analysis_and_Next_Experiment\IMAGES\FIGURES\representation_geometry.png","1","1"
"56F1352A2938E0F948A0B736A7AE3CC437C55BF09476A031F1571C4A6B79F117","234822","IMAGES","FIGURES","Exploration_5_A5_Failure_Analysis_and_Next_Experiment\IMAGES\FIGURES\roi_f1_epochs.png","1","1"
"2C61459C34100F2D0C9EDEA3CC692E3DA3C339A9FCB4092861326BD83B41DC9F","121798","IMAGES","FIGURES","Exploration_5_A5_Failure_Analysis_and_Next_Experiment\IMAGES\FIGURES\seed_fold_variance.png","1","1"
"B108A0147803E1D86AEFD4A0D1526671608E48298CFED694218E6F8512929064","704","REPORTS","LITERATURE","Exploration_5_A5_Failure_Analysis_and_Next_Experiment\REPORTS\LITERATURE\cawley_talbot_2010.md","1","1"
"EDC12B1D8D18D2A85637C448560166FB80724F6D95339FEDC9E008854CF18F18","716","REPORTS","LITERATURE","Exploration_5_A5_Failure_Analysis_and_Next_Experiment\REPORTS\LITERATURE\chen_2024_uni.md","1","1"
"FCC8FACEA1503D0732AE4C7CB995C37A4ED1FD452AC8939E07EE51D73FB76AAB","728","REPORTS","LITERATURE","Exploration_5_A5_Failure_Analysis_and_Next_Experiment\REPORTS\LITERATURE\kang_2019_decoupling.md","1","1"
"A65FEA5B038FC9B87A13F5F7296913574D20E4B6F3CA4D5D0DAACD7319F98166","583","REPORTS","LITERATURE","Exploration_5_A5_Failure_Analysis_and_Next_Experiment\REPORTS\LITERATURE\survey.md","1","1"
"5417B0D0A179CF78E18ED5BC5442FAC1D385991C9E121101D1591F76EFE95535","6194","REPORTS","METHODS","Exploration_5_A5_Failure_Analysis_and_Next_Experiment\REPORTS\METHODS\FULL_DATA_A5_PROTOCOL.md","1","1"
"7E3EAABA1A9F1E606E05A20B3C3BCEAFDBF3D80C5246B013CBC8AE9301D5408C","1898","REPORTS","METHODS","Exploration_5_A5_Failure_Analysis_and_Next_Experiment\REPORTS\METHODS\protocol.md","1","1"
"C63D00339CBD7176A56422DD9D8EC790F44A0FA3BFC75458418714ED476100AD","1410","REPORTS","METHODS","Exploration_5_A5_Failure_Analysis_and_Next_Experiment\REPORTS\METHODS\README.md","1","1"
"9721C1954B50F384F2B51D0D663054320A17D93CC9D6E09FBD20ADA1914D4D60","21169","REPORTS","SUPPORTING","Exploration_5_A5_Failure_Analysis_and_Next_Experiment\REPORTS\SUPPORTING\confusion_changes.pdf","1","1"
"A9AA3C937F6A25F73D68EE98FA115D3E572841D6330D2DA082709062A527AAA4","15834","REPORTS","SUPPORTING","Exploration_5_A5_Failure_Analysis_and_Next_Experiment\REPORTS\SUPPORTING\loss.pdf","1","1"
"A34E38AB03404096BD960CBD6A5F8BDBC60ACEB36FABD09D6385CFC9B1A89C70","15898","REPORTS","SUPPORTING","Exploration_5_A5_Failure_Analysis_and_Next_Experiment\REPORTS\SUPPORTING\macro_f1.pdf","1","1"
"1AAF8BFCC9B98C9982AD7D5E83A631C378A20F18FDFA9C58B150F89AFF64B67F","6040","REPORTS","SUPPORTING","Exploration_5_A5_Failure_Analysis_and_Next_Experiment\REPORTS\SUPPORTING\NEGATIVE_EVIDENCE_LEDGER.md","1","1"
"EFACC69B401FB1DF41A8939CF085D8DBEEEDD30454D1A6F87263628A4C7365D1","13281","REPORTS","SUPPORTING","Exploration_5_A5_Failure_Analysis_and_Next_Experiment\REPORTS\SUPPORTING\peak_vs_final.pdf","1","1"
"73CCDABD8DF71401620435AC832EAD106EDD980A664CE4CFB895A9AFC3DAF7D3","14277","REPORTS","SUPPORTING","Exploration_5_A5_Failure_Analysis_and_Next_Experiment\REPORTS\SUPPORTING\per_class_recall_variance.pdf","1","1"
"3959435F5F28C05CA63FE4B85CF44F0EF5CEE3A59FC63E86C226C0BC04E2BFFB","14566","REPORTS","SUPPORTING","Exploration_5_A5_Failure_Analysis_and_Next_Experiment\REPORTS\SUPPORTING\representation_geometry.pdf","1","1"
"B420E3D7F213BB575523B62529130A1E8EFC0B36A703CE547D5A8B2EDDA985FF","14663","REPORTS","SUPPORTING","Exploration_5_A5_Failure_Analysis_and_Next_Experiment\REPORTS\SUPPORTING\roi_f1_epochs.pdf","1","1"
"A4A1E601C75B92559A2DB0ED548C5B055F5A785A83BCC8C404503CDE7A03D369","14548","REPORTS","SUPPORTING","Exploration_5_A5_Failure_Analysis_and_Next_Experiment\REPORTS\SUPPORTING\seed_fold_variance.pdf","1","1"
"604383BD3F075297ED737BB944BBFEE57EF83C31D376BA2A7D736A55A01774E0","62133","RESULTS","EPOCH_HISTORY","Exploration_5_A5_Failure_Analysis_and_Next_Experiment\RESULTS\EPOCH_HISTORY\NEGATIVE_EVIDENCE_LEDGER.csv","1","1"
"D8E5B45D8C6BC2F0378B1B8A91EB12078660A31B7F74174AE119339F9427F688","1468","RESULTS","METRICS","Exploration_5_A5_Failure_Analysis_and_Next_Experiment\RESULTS\METRICS\A5_CLASS_ENDPOINT_SUMMARY.csv","1","1"
"C3498B2D702FD4FEC074D72CF749F390C58A3EC4B46E5714D055424407D880DA","114046","RESULTS","METRICS","Exploration_5_A5_Failure_Analysis_and_Next_Experiment\RESULTS\METRICS\A5_ENDPOINTS.csv","1","1"
"A350B87A4E18A07BB78BF1D06EC158A8783CA7F4A084A29589462230A8F96E35","1146599","RESULTS","METRICS","Exploration_5_A5_Failure_Analysis_and_Next_Experiment\RESULTS\METRICS\A5_LEARNING_DYNAMICS.csv","1","1"
"42FB7F8F5D64B63CAD96F23BE0E0B9EE9F879FA3F3CF0570495C975A719887F7","2974","RESULTS","METRICS","Exploration_5_A5_Failure_Analysis_and_Next_Experiment\RESULTS\METRICS\A5_PEAK_VS_FINAL.csv","1","1"
"556F874FBCE6A0FC09BFC7F1A3EC576BB4F82B1AB422B04BAF687EB5EAFB66AF","339039","RESULTS","METRICS","Exploration_5_A5_Failure_Analysis_and_Next_Experiment\RESULTS\METRICS\A5_PER_CLASS_STABILITY.csv","1","1"
"EC6A86BE845C1DF8C30F963ED0D222E3834DD51DECA8F407CECF1F87B97064E5","268771","RESULTS","METRICS","Exploration_5_A5_Failure_Analysis_and_Next_Experiment\RESULTS\METRICS\A5_SAMPLING_EXPOSURE.csv","1","1"
"A21AE30CD17D66E08304328124E68723EE319A65FCE0DD5ECAA8120022BA351B","5022","RESULTS","METRICS","Exploration_5_A5_Failure_Analysis_and_Next_Experiment\RESULTS\METRICS\ANALYSIS_SUMMARY.json","1","1"
"9ED7E1FCDF6C45BC0B8971D3D7A2A9A8C78A8EE049218BF9A9D44D1059A969B0","1241168","RESULTS","METRICS","Exploration_5_A5_Failure_Analysis_and_Next_Experiment\RESULTS\METRICS\ARCHIVE_INVENTORY.csv","1","1"
"F224E4D924A56A83B61CCE31A1017FE5DEB1466B191726EEB2EDC97A25F9FA2C","1180","RESULTS","METRICS","Exploration_5_A5_Failure_Analysis_and_Next_Experiment\RESULTS\METRICS\CACHE_IDENTITY_AUDIT.csv","1","1"
"F083337CC6D0E6AF5E085DDF5F31ECACAB3ECEB435BD87283E5BA013B95F69CF","38166","RESULTS","METRICS","Exploration_5_A5_Failure_Analysis_and_Next_Experiment\RESULTS\METRICS\CONFIRMATION_CELL_EVENTS.csv","1","1"
"1BC23168455988B326FC1E72AE222A1509551FC218D38BC95C7E01B6769400E9","6001","RESULTS","METRICS","Exploration_5_A5_Failure_Analysis_and_Next_Experiment\RESULTS\METRICS\CONFIRMATION_ROI_HARM.csv","1","1"
"A520D09BEB7726AE53E09A35F6F82A12B2EA4B2F9983D5C8F2089D64337FD4D6","10250","RESULTS","METRICS","Exploration_5_A5_Failure_Analysis_and_Next_Experiment\RESULTS\METRICS\CONFUSION_CHANGES.csv","1","1"
"161D3BBEB4D181B9E05673A9B875A2DEF2967B9EF270BC2CF8A5CDC6EB3F9607","8247","RESULTS","METRICS","Exploration_5_A5_Failure_Analysis_and_Next_Experiment\RESULTS\METRICS\DATA_DIVERSITY_AUDIT.csv","1","1"
"91E97FCEE9B48F697B4A8211038565C58258BAA1885B6F8AA0CCB78A4BF8D021","460","RESULTS","METRICS","Exploration_5_A5_Failure_Analysis_and_Next_Experiment\RESULTS\METRICS\DELIVERABLE_CHECK.json","1","1"
"6360714A9EB00410BDDD9E03B5794552B60201C6CED29B98E55D70696ADE7A57","628","RESULTS","METRICS","Exploration_5_A5_Failure_Analysis_and_Next_Experiment\RESULTS\METRICS\ENVIRONMENT.json","1","1"
"ACEC59586D124F2464208DEE2E46BBA7D5223B01E565F832D129D98F51B698AD","722","RESULTS","METRICS","Exploration_5_A5_Failure_Analysis_and_Next_Experiment\RESULTS\METRICS\FULL_BASELINE_ADMISSION.json","1","1"
"5247B83BEDF78CC7865AD7C97CC8426D46D9F3FF39BAB959963E7D2B7D402F20","49021","RESULTS","METRICS","Exploration_5_A5_Failure_Analysis_and_Next_Experiment\RESULTS\METRICS\FULL_CENSUS_ROI_CLASS_COUNTS.csv","1","1"
"16211315007B827FDB81D0DF3AEF42446AE13D7F13CAF5A5501E3EA9D0174D0F","281710","RESULTS","METRICS","Exploration_5_A5_Failure_Analysis_and_Next_Experiment\RESULTS\METRICS\HISTORICAL_RUN_ENDPOINTS.csv","1","1"
"52FDB126FE1E9E697FB23ABCC63701960E516211A746CF1B66A6648D517F7C44","218010","RESULTS","METRICS","Exploration_5_A5_Failure_Analysis_and_Next_Experiment\RESULTS\METRICS\MISSED_GT_COMPONENTS.csv","1","1"
"8331E5FD755BE48A344102FD493F2E809D696A1BF25E3604C05DA15D9537B580","2751","RESULTS","METRICS","Exploration_5_A5_Failure_Analysis_and_Next_Experiment\RESULTS\METRICS\PROMPT5_EXPERIMENT_REGISTRY.csv","1","1"
"9EFE735B7E05108B7555159F894224FD10689531F1A85850C67BD9A754093971","1477","RESULTS","METRICS","Exploration_5_A5_Failure_Analysis_and_Next_Experiment\RESULTS\METRICS\PROMPT5_FINAL_DECISION.json","1","1"
"4216F70FBA691423DF1FA01B6C9AC4B0CCCC6DA9DEA4D02ECDA78BD59C87A256","26985","RESULTS","METRICS","Exploration_5_A5_Failure_Analysis_and_Next_Experiment\RESULTS\METRICS\REPRESENTATION_CENTROIDS.csv","1","1"
"DB94EEA8D60B2634DD9A3FB3C9EF302689DE8A675DE601D404E9515931A6B4BC","16284","RESULTS","METRICS","Exploration_5_A5_Failure_Analysis_and_Next_Experiment\RESULTS\METRICS\REPRESENTATION_GEOMETRY.csv","1","1"
"7D6CE6E8DAC810AD94835144AA3B6BFE0AF52C296CFF5A2914A84C055A78C671","310200","RESULTS","METRICS","Exploration_5_A5_Failure_Analysis_and_Next_Experiment\RESULTS\METRICS\SOURCE_HASHES.json","1","1"
"76C6194024C3EFE1E591DBB6199B3123DEE7268AFD57136C0BEA1B5534338089","185021","RESULTS","METRICS","Exploration_5_A5_Failure_Analysis_and_Next_Experiment\RESULTS\METRICS\SPLIT_MANIFEST_AUDIT.csv","1","1"
"CE6638010421010E6082368268DF73556B859490AA573649E1077CB1468BAE96","18931","RESULTS","METRICS","Exploration_5_A5_Failure_Analysis_and_Next_Experiment\RESULTS\METRICS\STAGE1_PROPOSAL_COUNTS.csv","1","1"
"D3E6E47DD715EE8486DFA04D41F6EE07ADFF8EC6BC4B25FF14A28CA284D32001","4494","RESULTS","METRICS","Exploration_5_A5_Failure_Analysis_and_Next_Experiment\RESULTS\METRICS\TIER_A_CONFOUNDING_AUDIT.csv","1","1"
"38BDCA4E1E82FE5CD7E5B21E182CD1C946C1411E0EC95975B9789F0E8F1EBBD5","956","RESULTS","METRICS","Exploration_5_A5_Failure_Analysis_and_Next_Experiment\RESULTS\METRICS\TIER_A_CORRECTNESS_AUDIT.csv","1","1"
"E62773825121BC5C737BE2FCB7B5B037323F96641596A1B5E5CFD8C09D92C3C6","3002","RESULTS","METRICS","Exploration_5_A5_Failure_Analysis_and_Next_Experiment\RESULTS\METRICS\TIER_A_ROI_PERMUTATION.csv","1","1"
"053E76DF59F76E2BDF50BED0A1BD5A4E1DF8FE2E68E78433F76344EFE1883CD3","287","RESULTS","METRICS","Exploration_5_A5_Failure_Analysis_and_Next_Experiment\RESULTS\METRICS\VERIFICATION.json","1","1"
