prompt,run_id,phase,epoch,split,evaluation_contract_id,class_name,roi_precision,roi_recall,roi_f1,pooled_precision,pooled_recall,pooled_f1,pooled_TP,pooled_FP,pooled_FN,source_sha256
1,LORA_EXCLUDED_frozen,joint,1,train,NOT RECORDED IN ORIGINAL RUN,tumor,NOT RECORDED IN ORIGINAL RUN,NOT RECORDED IN ORIGINAL RUN,NOT RECORDED IN ORIGINAL RUN,NOT RECORDED IN ORIGINAL RUN,NOT RECORDED IN ORIGINAL RUN,NOT RECORDED IN ORIGINAL RUN,NOT RECORDED IN ORIGINAL RUN,NOT RECORDED IN ORIGINAL RUN,NOT RECORDED IN ORIGINAL RUN,8d8259c73debe285ceae3423ea2ac5d745c410bfd0b2d596ef0f9588d55dc658
1,LORA_EXCLUDED_frozen,joint,1,train,NOT RECORDED IN ORIGINAL RUN,lymphocyte,NOT RECORDED IN ORIGINAL RUN,NOT RECORDED IN ORIGINAL RUN,NOT RECORDED IN ORIGINAL RUN,NOT RECORDED IN ORIGINAL RUN,NOT RECORDED IN ORIGINAL RUN,NOT RECORDED IN ORIGINAL RUN,NOT RECORDED IN ORIGINAL RUN,NOT RECORDED IN ORIGINAL RUN,NOT RECORDED IN ORIGINAL RUN,8d8259c73debe285ceae3423ea2ac5d745c410bfd0b2d596ef0f9588d55dc658
1,LORA_EXCLUDED_frozen,joint,1,train,NOT RECORDED IN ORIGINAL RUN,plasma_cell,NOT RECORDED IN ORIGINAL RUN,NOT RECORDED IN ORIGINAL RUN,NOT RECORDED IN ORIGINAL RUN,NOT RECORDED IN ORIGINAL RUN,NOT RECORDED IN ORIGINAL RUN,NOT RECORDED IN ORIGINAL RUN,NOT RECORDED IN ORIGINAL RUN,NOT RECORDED IN ORIGINAL RUN,NOT RECORDED IN ORIGINAL RUN,8d8259c73debe285ceae3423ea2ac5d745c410bfd0b2d596ef0f9588d55dc658
1,LORA_EXCLUDED_frozen,joint,1,train,NOT RECORDED IN ORIGINAL RUN,histiocyte,NOT RECORDED IN ORIGINAL RUN,NOT RECORDED IN ORIGINAL RUN,NOT RECORDED IN ORIGINAL RUN,NOT RECORDED IN ORIGINAL RUN,NOT RECORDED IN ORIGINAL RUN,NOT RECORDED IN ORIGINAL RUN,NOT RECORDED IN ORIGINAL RUN,NOT RECORDED IN ORIGINAL RUN,NOT RECORDED IN ORIGINAL RUN,8d8259c73debe285ceae3423ea2ac5d745c410bfd0b2d596ef0f9588d55dc658
1,LORA_EXCLUDED_frozen,joint,1,train,NOT RECORDED IN ORIGINAL RUN,melanophage,NOT RECORDED IN ORIGINAL RUN,NOT RECORDED IN ORIGINAL RUN,NOT RECORDED IN ORIGINAL RUN,NOT RECORDED IN ORIGINAL RUN,NOT RECORDED IN ORIGINAL RUN,NOT RECORDED IN ORIGINAL RUN,NOT RECORDED IN ORIGINAL RUN,NOT RECORDED IN ORIGINAL RUN,NOT RECORDED IN ORIGINAL RUN,8d8259c73debe285ceae3423ea2ac5d745c410bfd0b2d596ef0f9588d55dc658
1,LORA_EXCLUDED_frozen,joint,1,train,NOT RECORDED IN ORIGINAL RUN,neutrophil,NOT RECORDED IN ORIGINAL RUN,NOT RECORDED IN ORIGINAL RUN,NOT RECORDED IN ORIGINAL RUN,NOT RECORDED IN ORIGINAL RUN,NOT RECORDED IN ORIGINAL RUN,NOT RECORDED IN ORIGINAL RUN,NOT RECORDED IN ORIGINAL RUN,NOT RECORDED IN ORIGINAL RUN,NOT RECORDED IN ORIGINAL RUN,8d8259c73debe285ceae3423ea2ac5d745c410bfd0b2d596ef0f9588d55dc658
1,LORA_EXCLUDED_frozen,joint,1,train,NOT RECORDED IN ORIGINAL RUN,stroma,NOT RECORDED IN ORIGINAL RUN,NOT RECORDED IN ORIGINAL RUN,NOT RECORDED IN ORIGINAL RUN,NOT RECORDED IN ORIGINAL RUN,NOT RECORDED IN ORIGINAL RUN,NOT RECORDED IN ORIGINAL RUN,NOT RECORDED IN ORIGINAL RUN,NOT RECORDED IN ORIGINAL RUN,NOT RECORDED IN ORIGINAL RUN,8d8259c73debe285ceae3423ea2ac5d745c410bfd0b2d596ef0f9588d55dc658
1,LORA_EXCLUDED_frozen,joint,1,train,NOT RECORDED IN ORIGINAL RUN,epithelium,NOT RECORDED IN ORIGINAL RUN,NOT RECORDED IN ORIGINAL RUN,NOT RECORDED IN ORIGINAL RUN,NOT RECORDED IN ORIGINAL RUN,NOT RECORDED IN ORIGINAL RUN,NOT RECORDED IN ORIGINAL RUN,NOT RECORDED IN ORIGINAL RUN,NOT RECORDED IN ORIGINAL RUN,NOT RECORDED IN ORIGINAL RUN,8d8259c73debe285ceae3423ea2ac5d745c410bfd0b2d596ef0f9588d55dc658
1,LORA_EXCLUDED_frozen,joint,1,train,NOT RECORDED IN ORIGINAL RUN,endothelium,NOT RECORDED IN ORIGINAL RUN,NOT RECORDED IN ORIGINAL RUN,NOT RECORDED IN ORIGINAL RUN,NOT RECORDED IN ORIGINAL RUN,NOT RECORDED IN ORIGINAL RUN,NOT RECORDED IN ORIGINAL RUN,NOT RECORDED IN ORIGINAL RUN,NOT RECORDED IN ORIGINAL RUN,NOT RECORDED IN ORIGINAL RUN,8d8259c73debe285ceae3423ea2ac5d745c410bfd0b2d596ef0f9588d55dc658
1,LORA_EXCLUDED_frozen,joint,1,train,NOT RECORDED IN ORIGINAL RUN,apoptosis,NOT RECORDED IN ORIGINAL RUN,NOT RECORDED IN ORIGINAL RUN,NOT RECORDED IN ORIGINAL RUN,NOT RECORDED IN ORIGINAL RUN,NOT RECORDED IN ORIGINAL RUN,NOT RECORDED IN ORIGINAL RUN,NOT RECORDED IN ORIGINAL RUN,NOT RECORDED IN ORIGINAL RUN,NOT RECORDED IN ORIGINAL RUN,8d8259c73debe285ceae3423ea2ac5d745c410bfd0b2d596ef0f9588d55dc658
1,LORA_EXCLUDED_frozen,joint,1,val,NOT RECORDED IN ORIGINAL RUN,tumor,NOT RECORDED IN ORIGINAL RUN,NOT RECORDED IN ORIGINAL RUN,NOT RECORDED IN ORIGINAL RUN,NOT RECORDED IN ORIGINAL RUN,NOT RECORDED IN ORIGINAL RUN,NOT RECORDED IN ORIGINAL RUN,NOT RECORDED IN ORIGINAL RUN,NOT RECORDED IN ORIGINAL RUN,NOT RECORDED IN ORIGINAL RUN,8d8259c73debe285ceae3423ea2ac5d745c410bfd0b2d596ef0f9588d55dc658
1,LORA_EXCLUDED_frozen,joint,1,val,NOT RECORDED IN ORIGINAL RUN,lymphocyte,NOT RECORDED IN ORIGINAL RUN,NOT RECORDED IN ORIGINAL RUN,NOT RECORDED IN ORIGINAL RUN,NOT RECORDED IN ORIGINAL RUN,NOT RECORDED IN ORIGINAL RUN,NOT RECORDED IN ORIGINAL RUN,NOT RECORDED IN ORIGINAL RUN,NOT RECORDED IN ORIGINAL RUN,NOT RECORDED IN ORIGINAL RUN,8d8259c73debe285ceae3423ea2ac5d745c410bfd0b2d596ef0f9588d55dc658
1,LORA_EXCLUDED_frozen,joint,1,val,NOT RECORDED IN ORIGINAL RUN,plasma_cell,NOT RECORDED IN ORIGINAL RUN,NOT RECORDED IN ORIGINAL RUN,NOT RECORDED IN ORIGINAL RUN,NOT RECORDED IN ORIGINAL RUN,NOT RECORDED IN ORIGINAL RUN,NOT RECORDED IN ORIGINAL RUN,NOT RECORDED IN ORIGINAL RUN,NOT RECORDED IN ORIGINAL RUN,NOT RECORDED IN ORIGINAL RUN,8d8259c73debe285ceae3423ea2ac5d745c410bfd0b2d596ef0f9588d55dc658
1,LORA_EXCLUDED_frozen,joint,1,val,NOT RECORDED IN ORIGINAL RUN,histiocyte,NOT RECORDED IN ORIGINAL RUN,NOT RECORDED IN ORIGINAL RUN,NOT RECORDED IN ORIGINAL RUN,NOT RECORDED IN ORIGINAL RUN,NOT RECORDED IN ORIGINAL RUN,NOT RECORDED IN ORIGINAL RUN,NOT RECORDED IN ORIGINAL RUN,NOT RECORDED IN ORIGINAL RUN,NOT RECORDED IN ORIGINAL RUN,8d8259c73debe285ceae3423ea2ac5d745c410bfd0b2d596ef0f9588d55dc658
1,LORA_EXCLUDED_frozen,joint,1,val,NOT RECORDED IN ORIGINAL RUN,melanophage,NOT RECORDED IN ORIGINAL RUN,NOT RECORDED IN ORIGINAL RUN,NOT RECORDED IN ORIGINAL RUN,NOT RECORDED IN ORIGINAL RUN,NOT RECORDED IN ORIGINAL RUN,NOT RECORDED IN ORIGINAL RUN,NOT RECORDED IN ORIGINAL RUN,NOT RECORDED IN ORIGINAL RUN,NOT RECORDED IN ORIGINAL RUN,8d8259c73debe285ceae3423ea2ac5d745c410bfd0b2d596ef0f9588d55dc658
1,LORA_EXCLUDED_frozen,joint,1,val,NOT RECORDED IN ORIGINAL RUN,neutrophil,NOT RECORDED IN ORIGINAL RUN,NOT RECORDED IN ORIGINAL RUN,NOT RECORDED IN ORIGINAL RUN,NOT RECORDED IN ORIGINAL RUN,NOT RECORDED IN ORIGINAL RUN,NOT RECORDED IN ORIGINAL RUN,NOT RECORDED IN ORIGINAL RUN,NOT RECORDED IN ORIGINAL RUN,NOT RECORDED IN ORIGINAL RUN,8d8259c73debe285ceae3423ea2ac5d745c410bfd0b2d596ef0f9588d55dc658
1,LORA_EXCLUDED_frozen,joint,1,val,NOT RECORDED IN ORIGINAL RUN,stroma,NOT RECORDED IN ORIGINAL RUN,NOT RECORDED IN ORIGINAL RUN,NOT RECORDED IN ORIGINAL RUN,NOT RECORDED IN ORIGINAL RUN,NOT RECORDED IN ORIGINAL RUN,NOT RECORDED IN ORIGINAL RUN,NOT RECORDED IN ORIGINAL RUN,NOT RECORDED IN ORIGINAL RUN,NOT RECORDED IN ORIGINAL RUN,8d8259c73debe285ceae3423ea2ac5d745c410bfd0b2d596ef0f9588d55dc658
1,LORA_EXCLUDED_frozen,joint,1,val,NOT RECORDED IN ORIGINAL RUN,epithelium,NOT RECORDED IN ORIGINAL RUN,NOT RECORDED IN ORIGINAL RUN,NOT RECORDED IN ORIGINAL RUN,NOT RECORDED IN ORIGINAL RUN,NOT RECORDED IN ORIGINAL RUN,NOT RECORDED IN ORIGINAL RUN,NOT RECORDED IN ORIGINAL RUN,NOT RECORDED IN ORIGINAL RUN,NOT RECORDED IN ORIGINAL RUN,8d8259c73debe285ceae3423ea2ac5d745c410bfd0b2d596ef0f9588d55dc658
1,LORA_EXCLUDED_frozen,joint,1,val,NOT RECORDED IN ORIGINAL RUN,endothelium,NOT RECORDED IN ORIGINAL RUN,NOT RECORDED IN ORIGINAL RUN,NOT RECORDED IN ORIGINAL RUN,NOT RECORDED IN ORIGINAL RUN,NOT RECORDED IN ORIGINAL RUN,NOT RECORDED IN ORIGINAL RUN,NOT RECORDED IN ORIGINAL RUN,NOT RECORDED IN ORIGINAL RUN,NOT RECORDED IN ORIGINAL RUN,8d8259c73debe285ceae3423ea2ac5d745c410bfd0b2d596ef0f9588d55dc658
1,LORA_EXCLUDED_frozen,joint,1,val,NOT RECORDED IN ORIGINAL RUN,apoptosis,NOT RECORDED IN ORIGINAL RUN,NOT RECORDED IN ORIGINAL RUN,NOT RECORDED IN ORIGINAL RUN,NOT RECORDED IN ORIGINAL RUN,NOT RECORDED IN ORIGINAL RUN,NOT RECORDED IN ORIGINAL RUN,NOT RECORDED IN ORIGINAL RUN,NOT RECORDED IN ORIGINAL RUN,NOT RECORDED IN ORIGINAL RUN,8d8259c73debe285ceae3423ea2ac5d745c410bfd0b2d596ef0f9588d55dc658
1,LORA_EXCLUDED_frozen,joint,2,train,NOT RECORDED IN ORIGINAL RUN,tumor,NOT RECORDED IN ORIGINAL RUN,NOT RECORDED IN ORIGINAL RUN,NOT RECORDED IN ORIGINAL RUN,NOT RECORDED IN ORIGINAL RUN,NOT RECORDED IN ORIGINAL RUN,NOT RECORDED IN ORIGINAL RUN,NOT RECORDED IN ORIGINAL RUN,NOT RECORDED IN ORIGINAL RUN,NOT RECORDED IN ORIGINAL RUN,8d8259c73debe285ceae3423ea2ac5d745c410bfd0b2d596ef0f9588d55dc658
1,LORA_EXCLUDED_frozen,joint,2,train,NOT RECORDED IN ORIGINAL RUN,lymphocyte,NOT RECORDED IN ORIGINAL RUN,NOT RECORDED IN ORIGINAL RUN,NOT RECORDED IN ORIGINAL RUN,NOT RECORDED IN ORIGINAL RUN,NOT RECORDED IN ORIGINAL RUN,NOT RECORDED IN ORIGINAL RUN,NOT RECORDED IN ORIGINAL RUN,NOT RECORDED IN ORIGINAL RUN,NOT RECORDED IN ORIGINAL RUN,8d8259c73debe285ceae3423ea2ac5d745c410bfd0b2d596ef0f9588d55dc658
1,LORA_EXCLUDED_frozen,joint,2,train,NOT RECORDED IN ORIGINAL RUN,plasma_cell,NOT RECORDED IN ORIGINAL RUN,NOT RECORDED IN ORIGINAL RUN,NOT RECORDED IN ORIGINAL RUN,NOT RECORDED IN ORIGINAL RUN,NOT RECORDED IN ORIGINAL RUN,NOT RECORDED IN ORIGINAL RUN,NOT RECORDED IN ORIGINAL RUN,NOT RECORDED IN ORIGINAL RUN,NOT RECORDED IN ORIGINAL RUN,8d8259c73debe285ceae3423ea2ac5d745c410bfd0b2d596ef0f9588d55dc658
1,LORA_EXCLUDED_frozen,joint,2,train,NOT RECORDED IN ORIGINAL RUN,histiocyte,NOT RECORDED IN ORIGINAL RUN,NOT RECORDED IN ORIGINAL RUN,NOT RECORDED IN ORIGINAL RUN,NOT RECORDED IN ORIGINAL RUN,NOT RECORDED IN ORIGINAL RUN,NOT RECORDED IN ORIGINAL RUN,NOT RECORDED IN ORIGINAL RUN,NOT RECORDED IN ORIGINAL RUN,NOT RECORDED IN ORIGINAL RUN,8d8259c73debe285ceae3423ea2ac5d745c410bfd0b2d596ef0f9588d55dc658
1,LORA_EXCLUDED_frozen,joint,2,train,NOT RECORDED IN ORIGINAL RUN,melanophage,NOT RECORDED IN ORIGINAL RUN,NOT RECORDED IN ORIGINAL RUN,NOT RECORDED IN ORIGINAL RUN,NOT RECORDED IN ORIGINAL RUN,NOT RECORDED IN ORIGINAL RUN,NOT RECORDED IN ORIGINAL RUN,NOT RECORDED IN ORIGINAL RUN,NOT RECORDED IN ORIGINAL RUN,NOT RECORDED IN ORIGINAL RUN,8d8259c73debe285ceae3423ea2ac5d745c410bfd0b2d596ef0f9588d55dc658
1,LORA_EXCLUDED_frozen,joint,2,train,NOT RECORDED IN ORIGINAL RUN,neutrophil,NOT RECORDED IN ORIGINAL RUN,NOT RECORDED IN ORIGINAL RUN,NOT RECORDED IN ORIGINAL RUN,NOT RECORDED IN ORIGINAL RUN,NOT RECORDED IN ORIGINAL RUN,NOT RECORDED IN ORIGINAL RUN,NOT RECORDED IN ORIGINAL RUN,NOT RECORDED IN ORIGINAL RUN,NOT RECORDED IN ORIGINAL RUN,8d8259c73debe285ceae3423ea2ac5d745c410bfd0b2d596ef0f9588d55dc658
1,LORA_EXCLUDED_frozen,joint,2,train,NOT RECORDED IN ORIGINAL RUN,stroma,NOT RECORDED IN ORIGINAL RUN,NOT RECORDED IN ORIGINAL RUN,NOT RECORDED IN ORIGINAL RUN,NOT RECORDED IN ORIGINAL RUN,NOT RECORDED IN ORIGINAL RUN,NOT RECORDED IN ORIGINAL RUN,NOT RECORDED IN ORIGINAL RUN,NOT RECORDED IN ORIGINAL RUN,NOT RECORDED IN ORIGINAL RUN,8d8259c73debe285ceae3423ea2ac5d745c410bfd0b2d596ef0f9588d55dc658
1,LORA_EXCLUDED_frozen,joint,2,train,NOT RECORDED IN ORIGINAL RUN,epithelium,NOT RECORDED IN ORIGINAL RUN,NOT RECORDED IN ORIGINAL RUN,NOT RECORDED IN ORIGINAL RUN,NOT RECORDED IN ORIGINAL RUN,NOT RECORDED IN ORIGINAL RUN,NOT RECORDED IN ORIGINAL RUN,NOT RECORDED IN ORIGINAL RUN,NOT RECORDED IN ORIGINAL RUN,NOT RECORDED IN ORIGINAL RUN,8d8259c73debe285ceae3423ea2ac5d745c410bfd0b2d596ef0f9588d55dc658
1,LORA_EXCLUDED_frozen,joint,2,train,NOT RECORDED IN ORIGINAL RUN,endothelium,NOT RECORDED IN ORIGINAL RUN,NOT RECORDED IN ORIGINAL RUN,NOT RECORDED IN ORIGINAL RUN,NOT RECORDED IN ORIGINAL RUN,NOT RECORDED IN ORIGINAL RUN,NOT RECORDED IN ORIGINAL RUN,NOT RECORDED IN ORIGINAL RUN,NOT RECORDED IN ORIGINAL RUN,NOT RECORDED IN ORIGINAL RUN,8d8259c73debe285ceae3423ea2ac5d745c410bfd0b2d596ef0f9588d55dc658
1,LORA_EXCLUDED_frozen,joint,2,train,NOT RECORDED IN ORIGINAL RUN,apoptosis,NOT RECORDED IN ORIGINAL RUN,NOT RECORDED IN ORIGINAL RUN,NOT RECORDED IN ORIGINAL RUN,NOT RECORDED IN ORIGINAL RUN,NOT RECORDED IN ORIGINAL RUN,NOT RECORDED IN ORIGINAL RUN,NOT RECORDED IN ORIGINAL RUN,NOT RECORDED IN ORIGINAL RUN,NOT RECORDED IN ORIGINAL RUN,8d8259c73debe285ceae3423ea2ac5d745c410bfd0b2d596ef0f9588d55dc658
1,LORA_EXCLUDED_frozen,joint,2,val,NOT RECORDED IN ORIGINAL RUN,tumor,NOT RECORDED IN ORIGINAL RUN,NOT RECORDED IN ORIGINAL RUN,NOT RECORDED IN ORIGINAL RUN,NOT RECORDED IN ORIGINAL RUN,NOT RECORDED IN ORIGINAL RUN,NOT RECORDED IN ORIGINAL RUN,NOT RECORDED IN ORIGINAL RUN,NOT RECORDED IN ORIGINAL RUN,NOT RECORDED IN ORIGINAL RUN,8d8259c73debe285ceae3423ea2ac5d745c410bfd0b2d596ef0f9588d55dc658
1,LORA_EXCLUDED_frozen,joint,2,val,NOT RECORDED IN ORIGINAL RUN,lymphocyte,NOT RECORDED IN ORIGINAL RUN,NOT RECORDED IN ORIGINAL RUN,NOT RECORDED IN ORIGINAL RUN,NOT RECORDED IN ORIGINAL RUN,NOT RECORDED IN ORIGINAL RUN,NOT RECORDED IN ORIGINAL RUN,NOT RECORDED IN ORIGINAL RUN,NOT RECORDED IN ORIGINAL RUN,NOT RECORDED IN ORIGINAL RUN,8d8259c73debe285ceae3423ea2ac5d745c410bfd0b2d596ef0f9588d55dc658
1,LORA_EXCLUDED_frozen,joint,2,val,NOT RECORDED IN ORIGINAL RUN,plasma_cell,NOT RECORDED IN ORIGINAL RUN,NOT RECORDED IN ORIGINAL RUN,NOT RECORDED IN ORIGINAL RUN,NOT RECORDED IN ORIGINAL RUN,NOT RECORDED IN ORIGINAL RUN,NOT RECORDED IN ORIGINAL RUN,NOT RECORDED IN ORIGINAL RUN,NOT RECORDED IN ORIGINAL RUN,NOT RECORDED IN ORIGINAL RUN,8d8259c73debe285ceae3423ea2ac5d745c410bfd0b2d596ef0f9588d55dc658
1,LORA_EXCLUDED_frozen,joint,2,val,NOT RECORDED IN ORIGINAL RUN,histiocyte,NOT RECORDED IN ORIGINAL RUN,NOT RECORDED IN ORIGINAL RUN,NOT RECORDED IN ORIGINAL RUN,NOT RECORDED IN ORIGINAL RUN,NOT RECORDED IN ORIGINAL RUN,NOT RECORDED IN ORIGINAL RUN,NOT RECORDED IN ORIGINAL RUN,NOT RECORDED IN ORIGINAL RUN,NOT RECORDED IN ORIGINAL RUN,8d8259c73debe285ceae3423ea2ac5d745c410bfd0b2d596ef0f9588d55dc658
1,LORA_EXCLUDED_frozen,joint,2,val,NOT RECORDED IN ORIGINAL RUN,melanophage,NOT RECORDED IN ORIGINAL RUN,NOT RECORDED IN ORIGINAL RUN,NOT RECORDED IN ORIGINAL RUN,NOT RECORDED IN ORIGINAL RUN,NOT RECORDED IN ORIGINAL RUN,NOT RECORDED IN ORIGINAL RUN,NOT RECORDED IN ORIGINAL RUN,NOT RECORDED IN ORIGINAL RUN,NOT RECORDED IN ORIGINAL RUN,8d8259c73debe285ceae3423ea2ac5d745c410bfd0b2d596ef0f9588d55dc658
1,LORA_EXCLUDED_frozen,joint,2,val,NOT RECORDED IN ORIGINAL RUN,neutrophil,NOT RECORDED IN ORIGINAL RUN,NOT RECORDED IN ORIGINAL RUN,NOT RECORDED IN ORIGINAL RUN,NOT RECORDED IN ORIGINAL RUN,NOT RECORDED IN ORIGINAL RUN,NOT RECORDED IN ORIGINAL RUN,NOT RECORDED IN ORIGINAL RUN,NOT RECORDED IN ORIGINAL RUN,NOT RECORDED IN ORIGINAL RUN,8d8259c73debe285ceae3423ea2ac5d745c410bfd0b2d596ef0f9588d55dc658
1,LORA_EXCLUDED_frozen,joint,2,val,NOT RECORDED IN ORIGINAL RUN,stroma,NOT RECORDED IN ORIGINAL RUN,NOT RECORDED IN ORIGINAL RUN,NOT RECORDED IN ORIGINAL RUN,NOT RECORDED IN ORIGINAL RUN,NOT RECORDED IN ORIGINAL RUN,NOT RECORDED IN ORIGINAL RUN,NOT RECORDED IN ORIGINAL RUN,NOT RECORDED IN ORIGINAL RUN,NOT RECORDED IN ORIGINAL RUN,8d8259c73debe285ceae3423ea2ac5d745c410bfd0b2d596ef0f9588d55dc658
1,LORA_EXCLUDED_frozen,joint,2,val,NOT RECORDED IN ORIGINAL RUN,epithelium,NOT RECORDED IN ORIGINAL RUN,NOT RECORDED IN ORIGINAL RUN,NOT RECORDED IN ORIGINAL RUN,NOT RECORDED IN ORIGINAL RUN,NOT RECORDED IN ORIGINAL RUN,NOT RECORDED IN ORIGINAL RUN,NOT RECORDED IN ORIGINAL RUN,NOT RECORDED IN ORIGINAL RUN,NOT RECORDED IN ORIGINAL RUN,8d8259c73debe285ceae3423ea2ac5d745c410bfd0b2d596ef0f9588d55dc658
1,LORA_EXCLUDED_frozen,joint,2,val,NOT RECORDED IN ORIGINAL RUN,endothelium,NOT RECORDED IN ORIGINAL RUN,NOT RECORDED IN ORIGINAL RUN,NOT RECORDED IN ORIGINAL RUN,NOT RECORDED IN ORIGINAL RUN,NOT RECORDED IN ORIGINAL RUN,NOT RECORDED IN ORIGINAL RUN,NOT RECORDED IN ORIGINAL RUN,NOT RECORDED IN ORIGINAL RUN,NOT RECORDED IN ORIGINAL RUN,8d8259c73debe285ceae3423ea2ac5d745c410bfd0b2d596ef0f9588d55dc658
1,LORA_EXCLUDED_frozen,joint,2,val,NOT RECORDED IN ORIGINAL RUN,apoptosis,NOT RECORDED IN ORIGINAL RUN,NOT RECORDED IN ORIGINAL RUN,NOT RECORDED IN ORIGINAL RUN,NOT RECORDED IN ORIGINAL RUN,NOT RECORDED IN ORIGINAL RUN,NOT RECORDED IN ORIGINAL RUN,NOT RECORDED IN ORIGINAL RUN,NOT RECORDED IN ORIGINAL RUN,NOT RECORDED IN ORIGINAL RUN,8d8259c73debe285ceae3423ea2ac5d745c410bfd0b2d596ef0f9588d55dc658
1,LORA_EXCLUDED_frozen,joint,3,train,NOT RECORDED IN ORIGINAL RUN,tumor,NOT RECORDED IN ORIGINAL RUN,NOT RECORDED IN ORIGINAL RUN,NOT RECORDED IN ORIGINAL RUN,NOT RECORDED IN ORIGINAL RUN,NOT RECORDED IN ORIGINAL RUN,NOT RECORDED IN ORIGINAL RUN,NOT RECORDED IN ORIGINAL RUN,NOT RECORDED IN ORIGINAL RUN,NOT RECORDED IN ORIGINAL RUN,8d8259c73debe285ceae3423ea2ac5d745c410bfd0b2d596ef0f9588d55dc658
1,LORA_EXCLUDED_frozen,joint,3,train,NOT RECORDED IN ORIGINAL RUN,lymphocyte,NOT RECORDED IN ORIGINAL RUN,NOT RECORDED IN ORIGINAL RUN,NOT RECORDED IN ORIGINAL RUN,NOT RECORDED IN ORIGINAL RUN,NOT RECORDED IN ORIGINAL RUN,NOT RECORDED IN ORIGINAL RUN,NOT RECORDED IN ORIGINAL RUN,NOT RECORDED IN ORIGINAL RUN,NOT RECORDED IN ORIGINAL RUN,8d8259c73debe285ceae3423ea2ac5d745c410bfd0b2d596ef0f9588d55dc658
1,LORA_EXCLUDED_frozen,joint,3,train,NOT RECORDED IN ORIGINAL RUN,plasma_cell,NOT RECORDED IN ORIGINAL RUN,NOT RECORDED IN ORIGINAL RUN,NOT RECORDED IN ORIGINAL RUN,NOT RECORDED IN ORIGINAL RUN,NOT RECORDED IN ORIGINAL RUN,NOT RECORDED IN ORIGINAL RUN,NOT RECORDED IN ORIGINAL RUN,NOT RECORDED IN ORIGINAL RUN,NOT RECORDED IN ORIGINAL RUN,8d8259c73debe285ceae3423ea2ac5d745c410bfd0b2d596ef0f9588d55dc658
1,LORA_EXCLUDED_frozen,joint,3,train,NOT RECORDED IN ORIGINAL RUN,histiocyte,NOT RECORDED IN ORIGINAL RUN,NOT RECORDED IN ORIGINAL RUN,NOT RECORDED IN ORIGINAL RUN,NOT RECORDED IN ORIGINAL RUN,NOT RECORDED IN ORIGINAL RUN,NOT RECORDED IN ORIGINAL RUN,NOT RECORDED IN ORIGINAL RUN,NOT RECORDED IN ORIGINAL RUN,NOT RECORDED IN ORIGINAL RUN,8d8259c73debe285ceae3423ea2ac5d745c410bfd0b2d596ef0f9588d55dc658
1,LORA_EXCLUDED_frozen,joint,3,train,NOT RECORDED IN ORIGINAL RUN,melanophage,NOT RECORDED IN ORIGINAL RUN,NOT RECORDED IN ORIGINAL RUN,NOT RECORDED IN ORIGINAL RUN,NOT RECORDED IN ORIGINAL RUN,NOT RECORDED IN ORIGINAL RUN,NOT RECORDED IN ORIGINAL RUN,NOT RECORDED IN ORIGINAL RUN,NOT RECORDED IN ORIGINAL RUN,NOT RECORDED IN ORIGINAL RUN,8d8259c73debe285ceae3423ea2ac5d745c410bfd0b2d596ef0f9588d55dc658
1,LORA_EXCLUDED_frozen,joint,3,train,NOT RECORDED IN ORIGINAL RUN,neutrophil,NOT RECORDED IN ORIGINAL RUN,NOT RECORDED IN ORIGINAL RUN,NOT RECORDED IN ORIGINAL RUN,NOT RECORDED IN ORIGINAL RUN,NOT RECORDED IN ORIGINAL RUN,NOT RECORDED IN ORIGINAL RUN,NOT RECORDED IN ORIGINAL RUN,NOT RECORDED IN ORIGINAL RUN,NOT RECORDED IN ORIGINAL RUN,8d8259c73debe285ceae3423ea2ac5d745c410bfd0b2d596ef0f9588d55dc658
1,LORA_EXCLUDED_frozen,joint,3,train,NOT RECORDED IN ORIGINAL RUN,stroma,NOT RECORDED IN ORIGINAL RUN,NOT RECORDED IN ORIGINAL RUN,NOT RECORDED IN ORIGINAL RUN,NOT RECORDED IN ORIGINAL RUN,NOT RECORDED IN ORIGINAL RUN,NOT RECORDED IN ORIGINAL RUN,NOT RECORDED IN ORIGINAL RUN,NOT RECORDED IN ORIGINAL RUN,NOT RECORDED IN ORIGINAL RUN,8d8259c73debe285ceae3423ea2ac5d745c410bfd0b2d596ef0f9588d55dc658
1,LORA_EXCLUDED_frozen,joint,3,train,NOT RECORDED IN ORIGINAL RUN,epithelium,NOT RECORDED IN ORIGINAL RUN,NOT RECORDED IN ORIGINAL RUN,NOT RECORDED IN ORIGINAL RUN,NOT RECORDED IN ORIGINAL RUN,NOT RECORDED IN ORIGINAL RUN,NOT RECORDED IN ORIGINAL RUN,NOT RECORDED IN ORIGINAL RUN,NOT RECORDED IN ORIGINAL RUN,NOT RECORDED IN ORIGINAL RUN,8d8259c73debe285ceae3423ea2ac5d745c410bfd0b2d596ef0f9588d55dc658
1,LORA_EXCLUDED_frozen,joint,3,train,NOT RECORDED IN ORIGINAL RUN,endothelium,NOT RECORDED IN ORIGINAL RUN,NOT RECORDED IN ORIGINAL RUN,NOT RECORDED IN ORIGINAL RUN,NOT RECORDED IN ORIGINAL RUN,NOT RECORDED IN ORIGINAL RUN,NOT RECORDED IN ORIGINAL RUN,NOT RECORDED IN ORIGINAL RUN,NOT RECORDED IN ORIGINAL RUN,NOT RECORDED IN ORIGINAL RUN,8d8259c73debe285ceae3423ea2ac5d745c410bfd0b2d596ef0f9588d55dc658
1,LORA_EXCLUDED_frozen,joint,3,train,NOT RECORDED IN ORIGINAL RUN,apoptosis,NOT RECORDED IN ORIGINAL RUN,NOT RECORDED IN ORIGINAL RUN,NOT RECORDED IN ORIGINAL RUN,NOT RECORDED IN ORIGINAL RUN,NOT RECORDED IN ORIGINAL RUN,NOT RECORDED IN ORIGINAL RUN,NOT RECORDED IN ORIGINAL RUN,NOT RECORDED IN ORIGINAL RUN,NOT RECORDED IN ORIGINAL RUN,8d8259c73debe285ceae3423ea2ac5d745c410bfd0b2d596ef0f9588d55dc658
1,LORA_EXCLUDED_frozen,joint,3,val,NOT RECORDED IN ORIGINAL RUN,tumor,NOT RECORDED IN ORIGINAL RUN,NOT RECORDED IN ORIGINAL RUN,NOT RECORDED IN ORIGINAL RUN,NOT RECORDED IN ORIGINAL RUN,NOT RECORDED IN ORIGINAL RUN,NOT RECORDED IN ORIGINAL RUN,NOT RECORDED IN ORIGINAL RUN,NOT RECORDED IN ORIGINAL RUN,NOT RECORDED IN ORIGINAL RUN,8d8259c73debe285ceae3423ea2ac5d745c410bfd0b2d596ef0f9588d55dc658
1,LORA_EXCLUDED_frozen,joint,3,val,NOT RECORDED IN ORIGINAL RUN,lymphocyte,NOT RECORDED IN ORIGINAL RUN,NOT RECORDED IN ORIGINAL RUN,NOT RECORDED IN ORIGINAL RUN,NOT RECORDED IN ORIGINAL RUN,NOT RECORDED IN ORIGINAL RUN,NOT RECORDED IN ORIGINAL RUN,NOT RECORDED IN ORIGINAL RUN,NOT RECORDED IN ORIGINAL RUN,NOT RECORDED IN ORIGINAL RUN,8d8259c73debe285ceae3423ea2ac5d745c410bfd0b2d596ef0f9588d55dc658
1,LORA_EXCLUDED_frozen,joint,3,val,NOT RECORDED IN ORIGINAL RUN,plasma_cell,NOT RECORDED IN ORIGINAL RUN,NOT RECORDED IN ORIGINAL RUN,NOT RECORDED IN ORIGINAL RUN,NOT RECORDED IN ORIGINAL RUN,NOT RECORDED IN ORIGINAL RUN,NOT RECORDED IN ORIGINAL RUN,NOT RECORDED IN ORIGINAL RUN,NOT RECORDED IN ORIGINAL RUN,NOT RECORDED IN ORIGINAL RUN,8d8259c73debe285ceae3423ea2ac5d745c410bfd0b2d596ef0f9588d55dc658
1,LORA_EXCLUDED_frozen,joint,3,val,NOT RECORDED IN ORIGINAL RUN,histiocyte,NOT RECORDED IN ORIGINAL RUN,NOT RECORDED IN ORIGINAL RUN,NOT RECORDED IN ORIGINAL RUN,NOT RECORDED IN ORIGINAL RUN,NOT RECORDED IN ORIGINAL RUN,NOT RECORDED IN ORIGINAL RUN,NOT RECORDED IN ORIGINAL RUN,NOT RECORDED IN ORIGINAL RUN,NOT RECORDED IN ORIGINAL RUN,8d8259c73debe285ceae3423ea2ac5d745c410bfd0b2d596ef0f9588d55dc658
1,LORA_EXCLUDED_frozen,joint,3,val,NOT RECORDED IN ORIGINAL RUN,melanophage,NOT RECORDED IN ORIGINAL RUN,NOT RECORDED IN ORIGINAL RUN,NOT RECORDED IN ORIGINAL RUN,NOT RECORDED IN ORIGINAL RUN,NOT RECORDED IN ORIGINAL RUN,NOT RECORDED IN ORIGINAL RUN,NOT RECORDED IN ORIGINAL RUN,NOT RECORDED IN ORIGINAL RUN,NOT RECORDED IN ORIGINAL RUN,8d8259c73debe285ceae3423ea2ac5d745c410bfd0b2d596ef0f9588d55dc658
1,LORA_EXCLUDED_frozen,joint,3,val,NOT RECORDED IN ORIGINAL RUN,neutrophil,NOT RECORDED IN ORIGINAL RUN,NOT RECORDED IN ORIGINAL RUN,NOT RECORDED IN ORIGINAL RUN,NOT RECORDED IN ORIGINAL RUN,NOT RECORDED IN ORIGINAL RUN,NOT RECORDED IN ORIGINAL RUN,NOT RECORDED IN ORIGINAL RUN,NOT RECORDED IN ORIGINAL RUN,NOT RECORDED IN ORIGINAL RUN,8d8259c73debe285ceae3423ea2ac5d745c410bfd0b2d596ef0f9588d55dc658
1,LORA_EXCLUDED_frozen,joint,3,val,NOT RECORDED IN ORIGINAL RUN,stroma,NOT RECORDED IN ORIGINAL RUN,NOT RECORDED IN ORIGINAL RUN,NOT RECORDED IN ORIGINAL RUN,NOT RECORDED IN ORIGINAL RUN,NOT RECORDED IN ORIGINAL RUN,NOT RECORDED IN ORIGINAL RUN,NOT RECORDED IN ORIGINAL RUN,NOT RECORDED IN ORIGINAL RUN,NOT RECORDED IN ORIGINAL RUN,8d8259c73debe285ceae3423ea2ac5d745c410bfd0b2d596ef0f9588d55dc658
1,LORA_EXCLUDED_frozen,joint,3,val,NOT RECORDED IN ORIGINAL RUN,epithelium,NOT RECORDED IN ORIGINAL RUN,NOT RECORDED IN ORIGINAL RUN,NOT RECORDED IN ORIGINAL RUN,NOT RECORDED IN ORIGINAL RUN,NOT RECORDED IN ORIGINAL RUN,NOT RECORDED IN ORIGINAL RUN,NOT RECORDED IN ORIGINAL RUN,NOT RECORDED IN ORIGINAL RUN,NOT RECORDED IN ORIGINAL RUN,8d8259c73debe285ceae3423ea2ac5d745c410bfd0b2d596ef0f9588d55dc658
1,LORA_EXCLUDED_frozen,joint,3,val,NOT RECORDED IN ORIGINAL RUN,endothelium,NOT RECORDED IN ORIGINAL RUN,NOT RECORDED IN ORIGINAL RUN,NOT RECORDED IN ORIGINAL RUN,NOT RECORDED IN ORIGINAL RUN,NOT RECORDED IN ORIGINAL RUN,NOT RECORDED IN ORIGINAL RUN,NOT RECORDED IN ORIGINAL RUN,NOT RECORDED IN ORIGINAL RUN,NOT RECORDED IN ORIGINAL RUN,8d8259c73debe285ceae3423ea2ac5d745c410bfd0b2d596ef0f9588d55dc658
1,LORA_EXCLUDED_frozen,joint,3,val,NOT RECORDED IN ORIGINAL RUN,apoptosis,NOT RECORDED IN ORIGINAL RUN,NOT RECORDED IN ORIGINAL RUN,NOT RECORDED IN ORIGINAL RUN,NOT RECORDED IN ORIGINAL RUN,NOT RECORDED IN ORIGINAL RUN,NOT RECORDED IN ORIGINAL RUN,NOT RECORDED IN ORIGINAL RUN,NOT RECORDED IN ORIGINAL RUN,NOT RECORDED IN ORIGINAL RUN,8d8259c73debe285ceae3423ea2ac5d745c410bfd0b2d596ef0f9588d55dc658
1,LORA_EXCLUDED_frozen,joint,4,train,NOT RECORDED IN ORIGINAL RUN,tumor,NOT RECORDED IN ORIGINAL RUN,NOT RECORDED IN ORIGINAL RUN,NOT RECORDED IN ORIGINAL RUN,NOT RECORDED IN ORIGINAL RUN,NOT RECORDED IN ORIGINAL RUN,NOT RECORDED IN ORIGINAL RUN,NOT RECORDED IN ORIGINAL RUN,NOT RECORDED IN ORIGINAL RUN,NOT RECORDED IN ORIGINAL RUN,8d8259c73debe285ceae3423ea2ac5d745c410bfd0b2d596ef0f9588d55dc658
1,LORA_EXCLUDED_frozen,joint,4,train,NOT RECORDED IN ORIGINAL RUN,lymphocyte,NOT RECORDED IN ORIGINAL RUN,NOT RECORDED IN ORIGINAL RUN,NOT RECORDED IN ORIGINAL RUN,NOT RECORDED IN ORIGINAL RUN,NOT RECORDED IN ORIGINAL RUN,NOT RECORDED IN ORIGINAL RUN,NOT RECORDED IN ORIGINAL RUN,NOT RECORDED IN ORIGINAL RUN,NOT RECORDED IN ORIGINAL RUN,8d8259c73debe285ceae3423ea2ac5d745c410bfd0b2d596ef0f9588d55dc658
1,LORA_EXCLUDED_frozen,joint,4,train,NOT RECORDED IN ORIGINAL RUN,plasma_cell,NOT RECORDED IN ORIGINAL RUN,NOT RECORDED IN ORIGINAL RUN,NOT RECORDED IN ORIGINAL RUN,NOT RECORDED IN ORIGINAL RUN,NOT RECORDED IN ORIGINAL RUN,NOT RECORDED IN ORIGINAL RUN,NOT RECORDED IN ORIGINAL RUN,NOT RECORDED IN ORIGINAL RUN,NOT RECORDED IN ORIGINAL RUN,8d8259c73debe285ceae3423ea2ac5d745c410bfd0b2d596ef0f9588d55dc658
1,LORA_EXCLUDED_frozen,joint,4,train,NOT RECORDED IN ORIGINAL RUN,histiocyte,NOT RECORDED IN ORIGINAL RUN,NOT RECORDED IN ORIGINAL RUN,NOT RECORDED IN ORIGINAL RUN,NOT RECORDED IN ORIGINAL RUN,NOT RECORDED IN ORIGINAL RUN,NOT RECORDED IN ORIGINAL RUN,NOT RECORDED IN ORIGINAL RUN,NOT RECORDED IN ORIGINAL RUN,NOT RECORDED IN ORIGINAL RUN,8d8259c73debe285ceae3423ea2ac5d745c410bfd0b2d596ef0f9588d55dc658
1,LORA_EXCLUDED_frozen,joint,4,train,NOT RECORDED IN ORIGINAL RUN,melanophage,NOT RECORDED IN ORIGINAL RUN,NOT RECORDED IN ORIGINAL RUN,NOT RECORDED IN ORIGINAL RUN,NOT RECORDED IN ORIGINAL RUN,NOT RECORDED IN ORIGINAL RUN,NOT RECORDED IN ORIGINAL RUN,NOT RECORDED IN ORIGINAL RUN,NOT RECORDED IN ORIGINAL RUN,NOT RECORDED IN ORIGINAL RUN,8d8259c73debe285ceae3423ea2ac5d745c410bfd0b2d596ef0f9588d55dc658
1,LORA_EXCLUDED_frozen,joint,4,train,NOT RECORDED IN ORIGINAL RUN,neutrophil,NOT RECORDED IN ORIGINAL RUN,NOT RECORDED IN ORIGINAL RUN,NOT RECORDED IN ORIGINAL RUN,NOT RECORDED IN ORIGINAL RUN,NOT RECORDED IN ORIGINAL RUN,NOT RECORDED IN ORIGINAL RUN,NOT RECORDED IN ORIGINAL RUN,NOT RECORDED IN ORIGINAL RUN,NOT RECORDED IN ORIGINAL RUN,8d8259c73debe285ceae3423ea2ac5d745c410bfd0b2d596ef0f9588d55dc658
1,LORA_EXCLUDED_frozen,joint,4,train,NOT RECORDED IN ORIGINAL RUN,stroma,NOT RECORDED IN ORIGINAL RUN,NOT RECORDED IN ORIGINAL RUN,NOT RECORDED IN ORIGINAL RUN,NOT RECORDED IN ORIGINAL RUN,NOT RECORDED IN ORIGINAL RUN,NOT RECORDED IN ORIGINAL RUN,NOT RECORDED IN ORIGINAL RUN,NOT RECORDED IN ORIGINAL RUN,NOT RECORDED IN ORIGINAL RUN,8d8259c73debe285ceae3423ea2ac5d745c410bfd0b2d596ef0f9588d55dc658
1,LORA_EXCLUDED_frozen,joint,4,train,NOT RECORDED IN ORIGINAL RUN,epithelium,NOT RECORDED IN ORIGINAL RUN,NOT RECORDED IN ORIGINAL RUN,NOT RECORDED IN ORIGINAL RUN,NOT RECORDED IN ORIGINAL RUN,NOT RECORDED IN ORIGINAL RUN,NOT RECORDED IN ORIGINAL RUN,NOT RECORDED IN ORIGINAL RUN,NOT RECORDED IN ORIGINAL RUN,NOT RECORDED IN ORIGINAL RUN,8d8259c73debe285ceae3423ea2ac5d745c410bfd0b2d596ef0f9588d55dc658
1,LORA_EXCLUDED_frozen,joint,4,train,NOT RECORDED IN ORIGINAL RUN,endothelium,NOT RECORDED IN ORIGINAL RUN,NOT RECORDED IN ORIGINAL RUN,NOT RECORDED IN ORIGINAL RUN,NOT RECORDED IN ORIGINAL RUN,NOT RECORDED IN ORIGINAL RUN,NOT RECORDED IN ORIGINAL RUN,NOT RECORDED IN ORIGINAL RUN,NOT RECORDED IN ORIGINAL RUN,NOT RECORDED IN ORIGINAL RUN,8d8259c73debe285ceae3423ea2ac5d745c410bfd0b2d596ef0f9588d55dc658
1,LORA_EXCLUDED_frozen,joint,4,train,NOT RECORDED IN ORIGINAL RUN,apoptosis,NOT RECORDED IN ORIGINAL RUN,NOT RECORDED IN ORIGINAL RUN,NOT RECORDED IN ORIGINAL RUN,NOT RECORDED IN ORIGINAL RUN,NOT RECORDED IN ORIGINAL RUN,NOT RECORDED IN ORIGINAL RUN,NOT RECORDED IN ORIGINAL RUN,NOT RECORDED IN ORIGINAL RUN,NOT RECORDED IN ORIGINAL RUN,8d8259c73debe285ceae3423ea2ac5d745c410bfd0b2d596ef0f9588d55dc658
1,LORA_EXCLUDED_frozen,joint,4,val,NOT RECORDED IN ORIGINAL RUN,tumor,NOT RECORDED IN ORIGINAL RUN,NOT RECORDED IN ORIGINAL RUN,NOT RECORDED IN ORIGINAL RUN,NOT RECORDED IN ORIGINAL RUN,NOT RECORDED IN ORIGINAL RUN,NOT RECORDED IN ORIGINAL RUN,NOT RECORDED IN ORIGINAL RUN,NOT RECORDED IN ORIGINAL RUN,NOT RECORDED IN ORIGINAL RUN,8d8259c73debe285ceae3423ea2ac5d745c410bfd0b2d596ef0f9588d55dc658
1,LORA_EXCLUDED_frozen,joint,4,val,NOT RECORDED IN ORIGINAL RUN,lymphocyte,NOT RECORDED IN ORIGINAL RUN,NOT RECORDED IN ORIGINAL RUN,NOT RECORDED IN ORIGINAL RUN,NOT RECORDED IN ORIGINAL RUN,NOT RECORDED IN ORIGINAL RUN,NOT RECORDED IN ORIGINAL RUN,NOT RECORDED IN ORIGINAL RUN,NOT RECORDED IN ORIGINAL RUN,NOT RECORDED IN ORIGINAL RUN,8d8259c73debe285ceae3423ea2ac5d745c410bfd0b2d596ef0f9588d55dc658
1,LORA_EXCLUDED_frozen,joint,4,val,NOT RECORDED IN ORIGINAL RUN,plasma_cell,NOT RECORDED IN ORIGINAL RUN,NOT RECORDED IN ORIGINAL RUN,NOT RECORDED IN ORIGINAL RUN,NOT RECORDED IN ORIGINAL RUN,NOT RECORDED IN ORIGINAL RUN,NOT RECORDED IN ORIGINAL RUN,NOT RECORDED IN ORIGINAL RUN,NOT RECORDED IN ORIGINAL RUN,NOT RECORDED IN ORIGINAL RUN,8d8259c73debe285ceae3423ea2ac5d745c410bfd0b2d596ef0f9588d55dc658
1,LORA_EXCLUDED_frozen,joint,4,val,NOT RECORDED IN ORIGINAL RUN,histiocyte,NOT RECORDED IN ORIGINAL RUN,NOT RECORDED IN ORIGINAL RUN,NOT RECORDED IN ORIGINAL RUN,NOT RECORDED IN ORIGINAL RUN,NOT RECORDED IN ORIGINAL RUN,NOT RECORDED IN ORIGINAL RUN,NOT RECORDED IN ORIGINAL RUN,NOT RECORDED IN ORIGINAL RUN,NOT RECORDED IN ORIGINAL RUN,8d8259c73debe285ceae3423ea2ac5d745c410bfd0b2d596ef0f9588d55dc658
1,LORA_EXCLUDED_frozen,joint,4,val,NOT RECORDED IN ORIGINAL RUN,melanophage,NOT RECORDED IN ORIGINAL RUN,NOT RECORDED IN ORIGINAL RUN,NOT RECORDED IN ORIGINAL RUN,NOT RECORDED IN ORIGINAL RUN,NOT RECORDED IN ORIGINAL RUN,NOT RECORDED IN ORIGINAL RUN,NOT RECORDED IN ORIGINAL RUN,NOT RECORDED IN ORIGINAL RUN,NOT RECORDED IN ORIGINAL RUN,8d8259c73debe285ceae3423ea2ac5d745c410bfd0b2d596ef0f9588d55dc658
1,LORA_EXCLUDED_frozen,joint,4,val,NOT RECORDED IN ORIGINAL RUN,neutrophil,NOT RECORDED IN ORIGINAL RUN,NOT RECORDED IN ORIGINAL RUN,NOT RECORDED IN ORIGINAL RUN,NOT RECORDED IN ORIGINAL RUN,NOT RECORDED IN ORIGINAL RUN,NOT RECORDED IN ORIGINAL RUN,NOT RECORDED IN ORIGINAL RUN,NOT RECORDED IN ORIGINAL RUN,NOT RECORDED IN ORIGINAL RUN,8d8259c73debe285ceae3423ea2ac5d745c410bfd0b2d596ef0f9588d55dc658
1,LORA_EXCLUDED_frozen,joint,4,val,NOT RECORDED IN ORIGINAL RUN,stroma,NOT RECORDED IN ORIGINAL RUN,NOT RECORDED IN ORIGINAL RUN,NOT RECORDED IN ORIGINAL RUN,NOT RECORDED IN ORIGINAL RUN,NOT RECORDED IN ORIGINAL RUN,NOT RECORDED IN ORIGINAL RUN,NOT RECORDED IN ORIGINAL RUN,NOT RECORDED IN ORIGINAL RUN,NOT RECORDED IN ORIGINAL RUN,8d8259c73debe285ceae3423ea2ac5d745c410bfd0b2d596ef0f9588d55dc658
1,LORA_EXCLUDED_frozen,joint,4,val,NOT RECORDED IN ORIGINAL RUN,epithelium,NOT RECORDED IN ORIGINAL RUN,NOT RECORDED IN ORIGINAL RUN,NOT RECORDED IN ORIGINAL RUN,NOT RECORDED IN ORIGINAL RUN,NOT RECORDED IN ORIGINAL RUN,NOT RECORDED IN ORIGINAL RUN,NOT RECORDED IN ORIGINAL RUN,NOT RECORDED IN ORIGINAL RUN,NOT RECORDED IN ORIGINAL RUN,8d8259c73debe285ceae3423ea2ac5d745c410bfd0b2d596ef0f9588d55dc658
1,LORA_EXCLUDED_frozen,joint,4,val,NOT RECORDED IN ORIGINAL RUN,endothelium,NOT RECORDED IN ORIGINAL RUN,NOT RECORDED IN ORIGINAL RUN,NOT RECORDED IN ORIGINAL RUN,NOT RECORDED IN ORIGINAL RUN,NOT RECORDED IN ORIGINAL RUN,NOT RECORDED IN ORIGINAL RUN,NOT RECORDED IN ORIGINAL RUN,NOT RECORDED IN ORIGINAL RUN,NOT RECORDED IN ORIGINAL RUN,8d8259c73debe285ceae3423ea2ac5d745c410bfd0b2d596ef0f9588d55dc658
1,LORA_EXCLUDED_frozen,joint,4,val,NOT RECORDED IN ORIGINAL RUN,apoptosis,NOT RECORDED IN ORIGINAL RUN,NOT RECORDED IN ORIGINAL RUN,NOT RECORDED IN ORIGINAL RUN,NOT RECORDED IN ORIGINAL RUN,NOT RECORDED IN ORIGINAL RUN,NOT RECORDED IN ORIGINAL RUN,NOT RECORDED IN ORIGINAL RUN,NOT RECORDED IN ORIGINAL RUN,NOT RECORDED IN ORIGINAL RUN,8d8259c73debe285ceae3423ea2ac5d745c410bfd0b2d596ef0f9588d55dc658
1,LORA_EXCLUDED_frozen,joint,5,train,NOT RECORDED IN ORIGINAL RUN,tumor,NOT RECORDED IN ORIGINAL RUN,NOT RECORDED IN ORIGINAL RUN,NOT RECORDED IN ORIGINAL RUN,NOT RECORDED IN ORIGINAL RUN,NOT RECORDED IN ORIGINAL RUN,NOT RECORDED IN ORIGINAL RUN,NOT RECORDED IN ORIGINAL RUN,NOT RECORDED IN ORIGINAL RUN,NOT RECORDED IN ORIGINAL RUN,8d8259c73debe285ceae3423ea2ac5d745c410bfd0b2d596ef0f9588d55dc658
1,LORA_EXCLUDED_frozen,joint,5,train,NOT RECORDED IN ORIGINAL RUN,lymphocyte,NOT RECORDED IN ORIGINAL RUN,NOT RECORDED IN ORIGINAL RUN,NOT RECORDED IN ORIGINAL RUN,NOT RECORDED IN ORIGINAL RUN,NOT RECORDED IN ORIGINAL RUN,NOT RECORDED IN ORIGINAL RUN,NOT RECORDED IN ORIGINAL RUN,NOT RECORDED IN ORIGINAL RUN,NOT RECORDED IN ORIGINAL RUN,8d8259c73debe285ceae3423ea2ac5d745c410bfd0b2d596ef0f9588d55dc658
1,LORA_EXCLUDED_frozen,joint,5,train,NOT RECORDED IN ORIGINAL RUN,plasma_cell,NOT RECORDED IN ORIGINAL RUN,NOT RECORDED IN ORIGINAL RUN,NOT RECORDED IN ORIGINAL RUN,NOT RECORDED IN ORIGINAL RUN,NOT RECORDED IN ORIGINAL RUN,NOT RECORDED IN ORIGINAL RUN,NOT RECORDED IN ORIGINAL RUN,NOT RECORDED IN ORIGINAL RUN,NOT RECORDED IN ORIGINAL RUN,8d8259c73debe285ceae3423ea2ac5d745c410bfd0b2d596ef0f9588d55dc658
1,LORA_EXCLUDED_frozen,joint,5,train,NOT RECORDED IN ORIGINAL RUN,histiocyte,NOT RECORDED IN ORIGINAL RUN,NOT RECORDED IN ORIGINAL RUN,NOT RECORDED IN ORIGINAL RUN,NOT RECORDED IN ORIGINAL RUN,NOT RECORDED IN ORIGINAL RUN,NOT RECORDED IN ORIGINAL RUN,NOT RECORDED IN ORIGINAL RUN,NOT RECORDED IN ORIGINAL RUN,NOT RECORDED IN ORIGINAL RUN,8d8259c73debe285ceae3423ea2ac5d745c410bfd0b2d596ef0f9588d55dc658
1,LORA_EXCLUDED_frozen,joint,5,train,NOT RECORDED IN ORIGINAL RUN,melanophage,NOT RECORDED IN ORIGINAL RUN,NOT RECORDED IN ORIGINAL RUN,NOT RECORDED IN ORIGINAL RUN,NOT RECORDED IN ORIGINAL RUN,NOT RECORDED IN ORIGINAL RUN,NOT RECORDED IN ORIGINAL RUN,NOT RECORDED IN ORIGINAL RUN,NOT RECORDED IN ORIGINAL RUN,NOT RECORDED IN ORIGINAL RUN,8d8259c73debe285ceae3423ea2ac5d745c410bfd0b2d596ef0f9588d55dc658
1,LORA_EXCLUDED_frozen,joint,5,train,NOT RECORDED IN ORIGINAL RUN,neutrophil,NOT RECORDED IN ORIGINAL RUN,NOT RECORDED IN ORIGINAL RUN,NOT RECORDED IN ORIGINAL RUN,NOT RECORDED IN ORIGINAL RUN,NOT RECORDED IN ORIGINAL RUN,NOT RECORDED IN ORIGINAL RUN,NOT RECORDED IN ORIGINAL RUN,NOT RECORDED IN ORIGINAL RUN,NOT RECORDED IN ORIGINAL RUN,8d8259c73debe285ceae3423ea2ac5d745c410bfd0b2d596ef0f9588d55dc658
1,LORA_EXCLUDED_frozen,joint,5,train,NOT RECORDED IN ORIGINAL RUN,stroma,NOT RECORDED IN ORIGINAL RUN,NOT RECORDED IN ORIGINAL RUN,NOT RECORDED IN ORIGINAL RUN,NOT RECORDED IN ORIGINAL RUN,NOT RECORDED IN ORIGINAL RUN,NOT RECORDED IN ORIGINAL RUN,NOT RECORDED IN ORIGINAL RUN,NOT RECORDED IN ORIGINAL RUN,NOT RECORDED IN ORIGINAL RUN,8d8259c73debe285ceae3423ea2ac5d745c410bfd0b2d596ef0f9588d55dc658
1,LORA_EXCLUDED_frozen,joint,5,train,NOT RECORDED IN ORIGINAL RUN,epithelium,NOT RECORDED IN ORIGINAL RUN,NOT RECORDED IN ORIGINAL RUN,NOT RECORDED IN ORIGINAL RUN,NOT RECORDED IN ORIGINAL RUN,NOT RECORDED IN ORIGINAL RUN,NOT RECORDED IN ORIGINAL RUN,NOT RECORDED IN ORIGINAL RUN,NOT RECORDED IN ORIGINAL RUN,NOT RECORDED IN ORIGINAL RUN,8d8259c73debe285ceae3423ea2ac5d745c410bfd0b2d596ef0f9588d55dc658
1,LORA_EXCLUDED_frozen,joint,5,train,NOT RECORDED IN ORIGINAL RUN,endothelium,NOT RECORDED IN ORIGINAL RUN,NOT RECORDED IN ORIGINAL RUN,NOT RECORDED IN ORIGINAL RUN,NOT RECORDED IN ORIGINAL RUN,NOT RECORDED IN ORIGINAL RUN,NOT RECORDED IN ORIGINAL RUN,NOT RECORDED IN ORIGINAL RUN,NOT RECORDED IN ORIGINAL RUN,NOT RECORDED IN ORIGINAL RUN,8d8259c73debe285ceae3423ea2ac5d745c410bfd0b2d596ef0f9588d55dc658
1,LORA_EXCLUDED_frozen,joint,5,train,NOT RECORDED IN ORIGINAL RUN,apoptosis,NOT RECORDED IN ORIGINAL RUN,NOT RECORDED IN ORIGINAL RUN,NOT RECORDED IN ORIGINAL RUN,NOT RECORDED IN ORIGINAL RUN,NOT RECORDED IN ORIGINAL RUN,NOT RECORDED IN ORIGINAL RUN,NOT RECORDED IN ORIGINAL RUN,NOT RECORDED IN ORIGINAL RUN,NOT RECORDED IN ORIGINAL RUN,8d8259c73debe285ceae3423ea2ac5d745c410bfd0b2d596ef0f9588d55dc658
1,LORA_EXCLUDED_frozen,joint,5,val,NOT RECORDED IN ORIGINAL RUN,tumor,NOT RECORDED IN ORIGINAL RUN,NOT RECORDED IN ORIGINAL RUN,NOT RECORDED IN ORIGINAL RUN,NOT RECORDED IN ORIGINAL RUN,NOT RECORDED IN ORIGINAL RUN,NOT RECORDED IN ORIGINAL RUN,NOT RECORDED IN ORIGINAL RUN,NOT RECORDED IN ORIGINAL RUN,NOT RECORDED IN ORIGINAL RUN,8d8259c73debe285ceae3423ea2ac5d745c410bfd0b2d596ef0f9588d55dc658
1,LORA_EXCLUDED_frozen,joint,5,val,NOT RECORDED IN ORIGINAL RUN,lymphocyte,NOT RECORDED IN ORIGINAL RUN,NOT RECORDED IN ORIGINAL RUN,NOT RECORDED IN ORIGINAL RUN,NOT RECORDED IN ORIGINAL RUN,NOT RECORDED IN ORIGINAL RUN,NOT RECORDED IN ORIGINAL RUN,NOT RECORDED IN ORIGINAL RUN,NOT RECORDED IN ORIGINAL RUN,NOT RECORDED IN ORIGINAL RUN,8d8259c73debe285ceae3423ea2ac5d745c410bfd0b2d596ef0f9588d55dc658
1,LORA_EXCLUDED_frozen,joint,5,val,NOT RECORDED IN ORIGINAL RUN,plasma_cell,NOT RECORDED IN ORIGINAL RUN,NOT RECORDED IN ORIGINAL RUN,NOT RECORDED IN ORIGINAL RUN,NOT RECORDED IN ORIGINAL RUN,NOT RECORDED IN ORIGINAL RUN,NOT RECORDED IN ORIGINAL RUN,NOT RECORDED IN ORIGINAL RUN,NOT RECORDED IN ORIGINAL RUN,NOT RECORDED IN ORIGINAL RUN,8d8259c73debe285ceae3423ea2ac5d745c410bfd0b2d596ef0f9588d55dc658
1,LORA_EXCLUDED_frozen,joint,5,val,NOT RECORDED IN ORIGINAL RUN,histiocyte,NOT RECORDED IN ORIGINAL RUN,NOT RECORDED IN ORIGINAL RUN,NOT RECORDED IN ORIGINAL RUN,NOT RECORDED IN ORIGINAL RUN,NOT RECORDED IN ORIGINAL RUN,NOT RECORDED IN ORIGINAL RUN,NOT RECORDED IN ORIGINAL RUN,NOT RECORDED IN ORIGINAL RUN,NOT RECORDED IN ORIGINAL RUN,8d8259c73debe285ceae3423ea2ac5d745c410bfd0b2d596ef0f9588d55dc658
1,LORA_EXCLUDED_frozen,joint,5,val,NOT RECORDED IN ORIGINAL RUN,melanophage,NOT RECORDED IN ORIGINAL RUN,NOT RECORDED IN ORIGINAL RUN,NOT RECORDED IN ORIGINAL RUN,NOT RECORDED IN ORIGINAL RUN,NOT RECORDED IN ORIGINAL RUN,NOT RECORDED IN ORIGINAL RUN,NOT RECORDED IN ORIGINAL RUN,NOT RECORDED IN ORIGINAL RUN,NOT RECORDED IN ORIGINAL RUN,8d8259c73debe285ceae3423ea2ac5d745c410bfd0b2d596ef0f9588d55dc658
1,LORA_EXCLUDED_frozen,joint,5,val,NOT RECORDED IN ORIGINAL RUN,neutrophil,NOT RECORDED IN ORIGINAL RUN,NOT RECORDED IN ORIGINAL RUN,NOT RECORDED IN ORIGINAL RUN,NOT RECORDED IN ORIGINAL RUN,NOT RECORDED IN ORIGINAL RUN,NOT RECORDED IN ORIGINAL RUN,NOT RECORDED IN ORIGINAL RUN,NOT RECORDED IN ORIGINAL RUN,NOT RECORDED IN ORIGINAL RUN,8d8259c73debe285ceae3423ea2ac5d745c410bfd0b2d596ef0f9588d55dc658
1,LORA_EXCLUDED_frozen,joint,5,val,NOT RECORDED IN ORIGINAL RUN,stroma,NOT RECORDED IN ORIGINAL RUN,NOT RECORDED IN ORIGINAL RUN,NOT RECORDED IN ORIGINAL RUN,NOT RECORDED IN ORIGINAL RUN,NOT RECORDED IN ORIGINAL RUN,NOT RECORDED IN ORIGINAL RUN,NOT RECORDED IN ORIGINAL RUN,NOT RECORDED IN ORIGINAL RUN,NOT RECORDED IN ORIGINAL RUN,8d8259c73debe285ceae3423ea2ac5d745c410bfd0b2d596ef0f9588d55dc658
1,LORA_EXCLUDED_frozen,joint,5,val,NOT RECORDED IN ORIGINAL RUN,epithelium,NOT RECORDED IN ORIGINAL RUN,NOT RECORDED IN ORIGINAL RUN,NOT RECORDED IN ORIGINAL RUN,NOT RECORDED IN ORIGINAL RUN,NOT RECORDED IN ORIGINAL RUN,NOT RECORDED IN ORIGINAL RUN,NOT RECORDED IN ORIGINAL RUN,NOT RECORDED IN ORIGINAL RUN,NOT RECORDED IN ORIGINAL RUN,8d8259c73debe285ceae3423ea2ac5d745c410bfd0b2d596ef0f9588d55dc658
1,LORA_EXCLUDED_frozen,joint,5,val,NOT RECORDED IN ORIGINAL RUN,endothelium,NOT RECORDED IN ORIGINAL RUN,NOT RECORDED IN ORIGINAL RUN,NOT RECORDED IN ORIGINAL RUN,NOT RECORDED IN ORIGINAL RUN,NOT RECORDED IN ORIGINAL RUN,NOT RECORDED IN ORIGINAL RUN,NOT RECORDED IN ORIGINAL RUN,NOT RECORDED IN ORIGINAL RUN,NOT RECORDED IN ORIGINAL RUN,8d8259c73debe285ceae3423ea2ac5d745c410bfd0b2d596ef0f9588d55dc658
1,LORA_EXCLUDED_frozen,joint,5,val,NOT RECORDED IN ORIGINAL RUN,apoptosis,NOT RECORDED IN ORIGINAL RUN,NOT RECORDED IN ORIGINAL RUN,NOT RECORDED IN ORIGINAL RUN,NOT RECORDED IN ORIGINAL RUN,NOT RECORDED IN ORIGINAL RUN,NOT RECORDED IN ORIGINAL RUN,NOT RECORDED IN ORIGINAL RUN,NOT RECORDED IN ORIGINAL RUN,NOT RECORDED IN ORIGINAL RUN,8d8259c73debe285ceae3423ea2ac5d745c410bfd0b2d596ef0f9588d55dc658
1,LORA_EXCLUDED_lora.partial,joint,1,train,NOT RECORDED IN ORIGINAL RUN,tumor,NOT RECORDED IN ORIGINAL RUN,NOT RECORDED IN ORIGINAL RUN,NOT RECORDED IN ORIGINAL RUN,NOT RECORDED IN ORIGINAL RUN,NOT RECORDED IN ORIGINAL RUN,NOT RECORDED IN ORIGINAL RUN,NOT RECORDED IN ORIGINAL RUN,NOT RECORDED IN ORIGINAL RUN,NOT RECORDED IN ORIGINAL RUN,e97376ed00b5c60e66888de69b51426458531350b2fafed5057b9f3881ae6319
1,LORA_EXCLUDED_lora.partial,joint,1,train,NOT RECORDED IN ORIGINAL RUN,lymphocyte,NOT RECORDED IN ORIGINAL RUN,NOT RECORDED IN ORIGINAL RUN,NOT RECORDED IN ORIGINAL RUN,NOT RECORDED IN ORIGINAL RUN,NOT RECORDED IN ORIGINAL RUN,NOT RECORDED IN ORIGINAL RUN,NOT RECORDED IN ORIGINAL RUN,NOT RECORDED IN ORIGINAL RUN,NOT RECORDED IN ORIGINAL RUN,e97376ed00b5c60e66888de69b51426458531350b2fafed5057b9f3881ae6319
1,LORA_EXCLUDED_lora.partial,joint,1,train,NOT RECORDED IN ORIGINAL RUN,plasma_cell,NOT RECORDED IN ORIGINAL RUN,NOT RECORDED IN ORIGINAL RUN,NOT RECORDED IN ORIGINAL RUN,NOT RECORDED IN ORIGINAL RUN,NOT RECORDED IN ORIGINAL RUN,NOT RECORDED IN ORIGINAL RUN,NOT RECORDED IN ORIGINAL RUN,NOT RECORDED IN ORIGINAL RUN,NOT RECORDED IN ORIGINAL RUN,e97376ed00b5c60e66888de69b51426458531350b2fafed5057b9f3881ae6319
1,LORA_EXCLUDED_lora.partial,joint,1,train,NOT RECORDED IN ORIGINAL RUN,histiocyte,NOT RECORDED IN ORIGINAL RUN,NOT RECORDED IN ORIGINAL RUN,NOT RECORDED IN ORIGINAL RUN,NOT RECORDED IN ORIGINAL RUN,NOT RECORDED IN ORIGINAL RUN,NOT RECORDED IN ORIGINAL RUN,NOT RECORDED IN ORIGINAL RUN,NOT RECORDED IN ORIGINAL RUN,NOT RECORDED IN ORIGINAL RUN,e97376ed00b5c60e66888de69b51426458531350b2fafed5057b9f3881ae6319
1,LORA_EXCLUDED_lora.partial,joint,1,train,NOT RECORDED IN ORIGINAL RUN,melanophage,NOT RECORDED IN ORIGINAL RUN,NOT RECORDED IN ORIGINAL RUN,NOT RECORDED IN ORIGINAL RUN,NOT RECORDED IN ORIGINAL RUN,NOT RECORDED IN ORIGINAL RUN,NOT RECORDED IN ORIGINAL RUN,NOT RECORDED IN ORIGINAL RUN,NOT RECORDED IN ORIGINAL RUN,NOT RECORDED IN ORIGINAL RUN,e97376ed00b5c60e66888de69b51426458531350b2fafed5057b9f3881ae6319
1,LORA_EXCLUDED_lora.partial,joint,1,train,NOT RECORDED IN ORIGINAL RUN,neutrophil,NOT RECORDED IN ORIGINAL RUN,NOT RECORDED IN ORIGINAL RUN,NOT RECORDED IN ORIGINAL RUN,NOT RECORDED IN ORIGINAL RUN,NOT RECORDED IN ORIGINAL RUN,NOT RECORDED IN ORIGINAL RUN,NOT RECORDED IN ORIGINAL RUN,NOT RECORDED IN ORIGINAL RUN,NOT RECORDED IN ORIGINAL RUN,e97376ed00b5c60e66888de69b51426458531350b2fafed5057b9f3881ae6319
1,LORA_EXCLUDED_lora.partial,joint,1,train,NOT RECORDED IN ORIGINAL RUN,stroma,NOT RECORDED IN ORIGINAL RUN,NOT RECORDED IN ORIGINAL RUN,NOT RECORDED IN ORIGINAL RUN,NOT RECORDED IN ORIGINAL RUN,NOT RECORDED IN ORIGINAL RUN,NOT RECORDED IN ORIGINAL RUN,NOT RECORDED IN ORIGINAL RUN,NOT RECORDED IN ORIGINAL RUN,NOT RECORDED IN ORIGINAL RUN,e97376ed00b5c60e66888de69b51426458531350b2fafed5057b9f3881ae6319
1,LORA_EXCLUDED_lora.partial,joint,1,train,NOT RECORDED IN ORIGINAL RUN,epithelium,NOT RECORDED IN ORIGINAL RUN,NOT RECORDED IN ORIGINAL RUN,NOT RECORDED IN ORIGINAL RUN,NOT RECORDED IN ORIGINAL RUN,NOT RECORDED IN ORIGINAL RUN,NOT RECORDED IN ORIGINAL RUN,NOT RECORDED IN ORIGINAL RUN,NOT RECORDED IN ORIGINAL RUN,NOT RECORDED IN ORIGINAL RUN,e97376ed00b5c60e66888de69b51426458531350b2fafed5057b9f3881ae6319
1,LORA_EXCLUDED_lora.partial,joint,1,train,NOT RECORDED IN ORIGINAL RUN,endothelium,NOT RECORDED IN ORIGINAL RUN,NOT RECORDED IN ORIGINAL RUN,NOT RECORDED IN ORIGINAL RUN,NOT RECORDED IN ORIGINAL RUN,NOT RECORDED IN ORIGINAL RUN,NOT RECORDED IN ORIGINAL RUN,NOT RECORDED IN ORIGINAL RUN,NOT RECORDED IN ORIGINAL RUN,NOT RECORDED IN ORIGINAL RUN,e97376ed00b5c60e66888de69b51426458531350b2fafed5057b9f3881ae6319
1,LORA_EXCLUDED_lora.partial,joint,1,train,NOT RECORDED IN ORIGINAL RUN,apoptosis,NOT RECORDED IN ORIGINAL RUN,NOT RECORDED IN ORIGINAL RUN,NOT RECORDED IN ORIGINAL RUN,NOT RECORDED IN ORIGINAL RUN,NOT RECORDED IN ORIGINAL RUN,NOT RECORDED IN ORIGINAL RUN,NOT RECORDED IN ORIGINAL RUN,NOT RECORDED IN ORIGINAL RUN,NOT RECORDED IN ORIGINAL RUN,e97376ed00b5c60e66888de69b51426458531350b2fafed5057b9f3881ae6319
1,LORA_EXCLUDED_lora.partial,joint,1,val,NOT RECORDED IN ORIGINAL RUN,tumor,NOT RECORDED IN ORIGINAL RUN,NOT RECORDED IN ORIGINAL RUN,NOT RECORDED IN ORIGINAL RUN,NOT RECORDED IN ORIGINAL RUN,NOT RECORDED IN ORIGINAL RUN,NOT RECORDED IN ORIGINAL RUN,NOT RECORDED IN ORIGINAL RUN,NOT RECORDED IN ORIGINAL RUN,NOT RECORDED IN ORIGINAL RUN,e97376ed00b5c60e66888de69b51426458531350b2fafed5057b9f3881ae6319
1,LORA_EXCLUDED_lora.partial,joint,1,val,NOT RECORDED IN ORIGINAL RUN,lymphocyte,NOT RECORDED IN ORIGINAL RUN,NOT RECORDED IN ORIGINAL RUN,NOT RECORDED IN ORIGINAL RUN,NOT RECORDED IN ORIGINAL RUN,NOT RECORDED IN ORIGINAL RUN,NOT RECORDED IN ORIGINAL RUN,NOT RECORDED IN ORIGINAL RUN,NOT RECORDED IN ORIGINAL RUN,NOT RECORDED IN ORIGINAL RUN,e97376ed00b5c60e66888de69b51426458531350b2fafed5057b9f3881ae6319
1,LORA_EXCLUDED_lora.partial,joint,1,val,NOT RECORDED IN ORIGINAL RUN,plasma_cell,NOT RECORDED IN ORIGINAL RUN,NOT RECORDED IN ORIGINAL RUN,NOT RECORDED IN ORIGINAL RUN,NOT RECORDED IN ORIGINAL RUN,NOT RECORDED IN ORIGINAL RUN,NOT RECORDED IN ORIGINAL RUN,NOT RECORDED IN ORIGINAL RUN,NOT RECORDED IN ORIGINAL RUN,NOT RECORDED IN ORIGINAL RUN,e97376ed00b5c60e66888de69b51426458531350b2fafed5057b9f3881ae6319
1,LORA_EXCLUDED_lora.partial,joint,1,val,NOT RECORDED IN ORIGINAL RUN,histiocyte,NOT RECORDED IN ORIGINAL RUN,NOT RECORDED IN ORIGINAL RUN,NOT RECORDED IN ORIGINAL RUN,NOT RECORDED IN ORIGINAL RUN,NOT RECORDED IN ORIGINAL RUN,NOT RECORDED IN ORIGINAL RUN,NOT RECORDED IN ORIGINAL RUN,NOT RECORDED IN ORIGINAL RUN,NOT RECORDED IN ORIGINAL RUN,e97376ed00b5c60e66888de69b51426458531350b2fafed5057b9f3881ae6319
1,LORA_EXCLUDED_lora.partial,joint,1,val,NOT RECORDED IN ORIGINAL RUN,melanophage,NOT RECORDED IN ORIGINAL RUN,NOT RECORDED IN ORIGINAL RUN,NOT RECORDED IN ORIGINAL RUN,NOT RECORDED IN ORIGINAL RUN,NOT RECORDED IN ORIGINAL RUN,NOT RECORDED IN ORIGINAL RUN,NOT RECORDED IN ORIGINAL RUN,NOT RECORDED IN ORIGINAL RUN,NOT RECORDED IN ORIGINAL RUN,e97376ed00b5c60e66888de69b51426458531350b2fafed5057b9f3881ae6319
1,LORA_EXCLUDED_lora.partial,joint,1,val,NOT RECORDED IN ORIGINAL RUN,neutrophil,NOT RECORDED IN ORIGINAL RUN,NOT RECORDED IN ORIGINAL RUN,NOT RECORDED IN ORIGINAL RUN,NOT RECORDED IN ORIGINAL RUN,NOT RECORDED IN ORIGINAL RUN,NOT RECORDED IN ORIGINAL RUN,NOT RECORDED IN ORIGINAL RUN,NOT RECORDED IN ORIGINAL RUN,NOT RECORDED IN ORIGINAL RUN,e97376ed00b5c60e66888de69b51426458531350b2fafed5057b9f3881ae6319
1,LORA_EXCLUDED_lora.partial,joint,1,val,NOT RECORDED IN ORIGINAL RUN,stroma,NOT RECORDED IN ORIGINAL RUN,NOT RECORDED IN ORIGINAL RUN,NOT RECORDED IN ORIGINAL RUN,NOT RECORDED IN ORIGINAL RUN,NOT RECORDED IN ORIGINAL RUN,NOT RECORDED IN ORIGINAL RUN,NOT RECORDED IN ORIGINAL RUN,NOT RECORDED IN ORIGINAL RUN,NOT RECORDED IN ORIGINAL RUN,e97376ed00b5c60e66888de69b51426458531350b2fafed5057b9f3881ae6319
1,LORA_EXCLUDED_lora.partial,joint,1,val,NOT RECORDED IN ORIGINAL RUN,epithelium,NOT RECORDED IN ORIGINAL RUN,NOT RECORDED IN ORIGINAL RUN,NOT RECORDED IN ORIGINAL RUN,NOT RECORDED IN ORIGINAL RUN,NOT RECORDED IN ORIGINAL RUN,NOT RECORDED IN ORIGINAL RUN,NOT RECORDED IN ORIGINAL RUN,NOT RECORDED IN ORIGINAL RUN,NOT RECORDED IN ORIGINAL RUN,e97376ed00b5c60e66888de69b51426458531350b2fafed5057b9f3881ae6319
1,LORA_EXCLUDED_lora.partial,joint,1,val,NOT RECORDED IN ORIGINAL RUN,endothelium,NOT RECORDED IN ORIGINAL RUN,NOT RECORDED IN ORIGINAL RUN,NOT RECORDED IN ORIGINAL RUN,NOT RECORDED IN ORIGINAL RUN,NOT RECORDED IN ORIGINAL RUN,NOT RECORDED IN ORIGINAL RUN,NOT RECORDED IN ORIGINAL RUN,NOT RECORDED IN ORIGINAL RUN,NOT RECORDED IN ORIGINAL RUN,e97376ed00b5c60e66888de69b51426458531350b2fafed5057b9f3881ae6319
1,LORA_EXCLUDED_lora.partial,joint,1,val,NOT RECORDED IN ORIGINAL RUN,apoptosis,NOT RECORDED IN ORIGINAL RUN,NOT RECORDED IN ORIGINAL RUN,NOT RECORDED IN ORIGINAL RUN,NOT RECORDED IN ORIGINAL RUN,NOT RECORDED IN ORIGINAL RUN,NOT RECORDED IN ORIGINAL RUN,NOT RECORDED IN ORIGINAL RUN,NOT RECORDED IN ORIGINAL RUN,NOT RECORDED IN ORIGINAL RUN,e97376ed00b5c60e66888de69b51426458531350b2fafed5057b9f3881ae6319
1,LORA_EXCLUDED_lora.partial,joint,2,train,NOT RECORDED IN ORIGINAL RUN,tumor,NOT RECORDED IN ORIGINAL RUN,NOT RECORDED IN ORIGINAL RUN,NOT RECORDED IN ORIGINAL RUN,NOT RECORDED IN ORIGINAL RUN,NOT RECORDED IN ORIGINAL RUN,NOT RECORDED IN ORIGINAL RUN,NOT RECORDED IN ORIGINAL RUN,NOT RECORDED IN ORIGINAL RUN,NOT RECORDED IN ORIGINAL RUN,e97376ed00b5c60e66888de69b51426458531350b2fafed5057b9f3881ae6319
1,LORA_EXCLUDED_lora.partial,joint,2,train,NOT RECORDED IN ORIGINAL RUN,lymphocyte,NOT RECORDED IN ORIGINAL RUN,NOT RECORDED IN ORIGINAL RUN,NOT RECORDED IN ORIGINAL RUN,NOT RECORDED IN ORIGINAL RUN,NOT RECORDED IN ORIGINAL RUN,NOT RECORDED IN ORIGINAL RUN,NOT RECORDED IN ORIGINAL RUN,NOT RECORDED IN ORIGINAL RUN,NOT RECORDED IN ORIGINAL RUN,e97376ed00b5c60e66888de69b51426458531350b2fafed5057b9f3881ae6319
1,LORA_EXCLUDED_lora.partial,joint,2,train,NOT RECORDED IN ORIGINAL RUN,plasma_cell,NOT RECORDED IN ORIGINAL RUN,NOT RECORDED IN ORIGINAL RUN,NOT RECORDED IN ORIGINAL RUN,NOT RECORDED IN ORIGINAL RUN,NOT RECORDED IN ORIGINAL RUN,NOT RECORDED IN ORIGINAL RUN,NOT RECORDED IN ORIGINAL RUN,NOT RECORDED IN ORIGINAL RUN,NOT RECORDED IN ORIGINAL RUN,e97376ed00b5c60e66888de69b51426458531350b2fafed5057b9f3881ae6319
1,LORA_EXCLUDED_lora.partial,joint,2,train,NOT RECORDED IN ORIGINAL RUN,histiocyte,NOT RECORDED IN ORIGINAL RUN,NOT RECORDED IN ORIGINAL RUN,NOT RECORDED IN ORIGINAL RUN,NOT RECORDED IN ORIGINAL RUN,NOT RECORDED IN ORIGINAL RUN,NOT RECORDED IN ORIGINAL RUN,NOT RECORDED IN ORIGINAL RUN,NOT RECORDED IN ORIGINAL RUN,NOT RECORDED IN ORIGINAL RUN,e97376ed00b5c60e66888de69b51426458531350b2fafed5057b9f3881ae6319
1,LORA_EXCLUDED_lora.partial,joint,2,train,NOT RECORDED IN ORIGINAL RUN,melanophage,NOT RECORDED IN ORIGINAL RUN,NOT RECORDED IN ORIGINAL RUN,NOT RECORDED IN ORIGINAL RUN,NOT RECORDED IN ORIGINAL RUN,NOT RECORDED IN ORIGINAL RUN,NOT RECORDED IN ORIGINAL RUN,NOT RECORDED IN ORIGINAL RUN,NOT RECORDED IN ORIGINAL RUN,NOT RECORDED IN ORIGINAL RUN,e97376ed00b5c60e66888de69b51426458531350b2fafed5057b9f3881ae6319
1,LORA_EXCLUDED_lora.partial,joint,2,train,NOT RECORDED IN ORIGINAL RUN,neutrophil,NOT RECORDED IN ORIGINAL RUN,NOT RECORDED IN ORIGINAL RUN,NOT RECORDED IN ORIGINAL RUN,NOT RECORDED IN ORIGINAL RUN,NOT RECORDED IN ORIGINAL RUN,NOT RECORDED IN ORIGINAL RUN,NOT RECORDED IN ORIGINAL RUN,NOT RECORDED IN ORIGINAL RUN,NOT RECORDED IN ORIGINAL RUN,e97376ed00b5c60e66888de69b51426458531350b2fafed5057b9f3881ae6319
1,LORA_EXCLUDED_lora.partial,joint,2,train,NOT RECORDED IN ORIGINAL RUN,stroma,NOT RECORDED IN ORIGINAL RUN,NOT RECORDED IN ORIGINAL RUN,NOT RECORDED IN ORIGINAL RUN,NOT RECORDED IN ORIGINAL RUN,NOT RECORDED IN ORIGINAL RUN,NOT RECORDED IN ORIGINAL RUN,NOT RECORDED IN ORIGINAL RUN,NOT RECORDED IN ORIGINAL RUN,NOT RECORDED IN ORIGINAL RUN,e97376ed00b5c60e66888de69b51426458531350b2fafed5057b9f3881ae6319
1,LORA_EXCLUDED_lora.partial,joint,2,train,NOT RECORDED IN ORIGINAL RUN,epithelium,NOT RECORDED IN ORIGINAL RUN,NOT RECORDED IN ORIGINAL RUN,NOT RECORDED IN ORIGINAL RUN,NOT RECORDED IN ORIGINAL RUN,NOT RECORDED IN ORIGINAL RUN,NOT RECORDED IN ORIGINAL RUN,NOT RECORDED IN ORIGINAL RUN,NOT RECORDED IN ORIGINAL RUN,NOT RECORDED IN ORIGINAL RUN,e97376ed00b5c60e66888de69b51426458531350b2fafed5057b9f3881ae6319
1,LORA_EXCLUDED_lora.partial,joint,2,train,NOT RECORDED IN ORIGINAL RUN,endothelium,NOT RECORDED IN ORIGINAL RUN,NOT RECORDED IN ORIGINAL RUN,NOT RECORDED IN ORIGINAL RUN,NOT RECORDED IN ORIGINAL RUN,NOT RECORDED IN ORIGINAL RUN,NOT RECORDED IN ORIGINAL RUN,NOT RECORDED IN ORIGINAL RUN,NOT RECORDED IN ORIGINAL RUN,NOT RECORDED IN ORIGINAL RUN,e97376ed00b5c60e66888de69b51426458531350b2fafed5057b9f3881ae6319
1,LORA_EXCLUDED_lora.partial,joint,2,train,NOT RECORDED IN ORIGINAL RUN,apoptosis,NOT RECORDED IN ORIGINAL RUN,NOT RECORDED IN ORIGINAL RUN,NOT RECORDED IN ORIGINAL RUN,NOT RECORDED IN ORIGINAL RUN,NOT RECORDED IN ORIGINAL RUN,NOT RECORDED IN ORIGINAL RUN,NOT RECORDED IN ORIGINAL RUN,NOT RECORDED IN ORIGINAL RUN,NOT RECORDED IN ORIGINAL RUN,e97376ed00b5c60e66888de69b51426458531350b2fafed5057b9f3881ae6319
1,LORA_EXCLUDED_lora.partial,joint,2,val,NOT RECORDED IN ORIGINAL RUN,tumor,NOT RECORDED IN ORIGINAL RUN,NOT RECORDED IN ORIGINAL RUN,NOT RECORDED IN ORIGINAL RUN,NOT RECORDED IN ORIGINAL RUN,NOT RECORDED IN ORIGINAL RUN,NOT RECORDED IN ORIGINAL RUN,NOT RECORDED IN ORIGINAL RUN,NOT RECORDED IN ORIGINAL RUN,NOT RECORDED IN ORIGINAL RUN,e97376ed00b5c60e66888de69b51426458531350b2fafed5057b9f3881ae6319
1,LORA_EXCLUDED_lora.partial,joint,2,val,NOT RECORDED IN ORIGINAL RUN,lymphocyte,NOT RECORDED IN ORIGINAL RUN,NOT RECORDED IN ORIGINAL RUN,NOT RECORDED IN ORIGINAL RUN,NOT RECORDED IN ORIGINAL RUN,NOT RECORDED IN ORIGINAL RUN,NOT RECORDED IN ORIGINAL RUN,NOT RECORDED IN ORIGINAL RUN,NOT RECORDED IN ORIGINAL RUN,NOT RECORDED IN ORIGINAL RUN,e97376ed00b5c60e66888de69b51426458531350b2fafed5057b9f3881ae6319
1,LORA_EXCLUDED_lora.partial,joint,2,val,NOT RECORDED IN ORIGINAL RUN,plasma_cell,NOT RECORDED IN ORIGINAL RUN,NOT RECORDED IN ORIGINAL RUN,NOT RECORDED IN ORIGINAL RUN,NOT RECORDED IN ORIGINAL RUN,NOT RECORDED IN ORIGINAL RUN,NOT RECORDED IN ORIGINAL RUN,NOT RECORDED IN ORIGINAL RUN,NOT RECORDED IN ORIGINAL RUN,NOT RECORDED IN ORIGINAL RUN,e97376ed00b5c60e66888de69b51426458531350b2fafed5057b9f3881ae6319
1,LORA_EXCLUDED_lora.partial,joint,2,val,NOT RECORDED IN ORIGINAL RUN,histiocyte,NOT RECORDED IN ORIGINAL RUN,NOT RECORDED IN ORIGINAL RUN,NOT RECORDED IN ORIGINAL RUN,NOT RECORDED IN ORIGINAL RUN,NOT RECORDED IN ORIGINAL RUN,NOT RECORDED IN ORIGINAL RUN,NOT RECORDED IN ORIGINAL RUN,NOT RECORDED IN ORIGINAL RUN,NOT RECORDED IN ORIGINAL RUN,e97376ed00b5c60e66888de69b51426458531350b2fafed5057b9f3881ae6319
1,LORA_EXCLUDED_lora.partial,joint,2,val,NOT RECORDED IN ORIGINAL RUN,melanophage,NOT RECORDED IN ORIGINAL RUN,NOT RECORDED IN ORIGINAL RUN,NOT RECORDED IN ORIGINAL RUN,NOT RECORDED IN ORIGINAL RUN,NOT RECORDED IN ORIGINAL RUN,NOT RECORDED IN ORIGINAL RUN,NOT RECORDED IN ORIGINAL RUN,NOT RECORDED IN ORIGINAL RUN,NOT RECORDED IN ORIGINAL RUN,e97376ed00b5c60e66888de69b51426458531350b2fafed5057b9f3881ae6319
1,LORA_EXCLUDED_lora.partial,joint,2,val,NOT RECORDED IN ORIGINAL RUN,neutrophil,NOT RECORDED IN ORIGINAL RUN,NOT RECORDED IN ORIGINAL RUN,NOT RECORDED IN ORIGINAL RUN,NOT RECORDED IN ORIGINAL RUN,NOT RECORDED IN ORIGINAL RUN,NOT RECORDED IN ORIGINAL RUN,NOT RECORDED IN ORIGINAL RUN,NOT RECORDED IN ORIGINAL RUN,NOT RECORDED IN ORIGINAL RUN,e97376ed00b5c60e66888de69b51426458531350b2fafed5057b9f3881ae6319
1,LORA_EXCLUDED_lora.partial,joint,2,val,NOT RECORDED IN ORIGINAL RUN,stroma,NOT RECORDED IN ORIGINAL RUN,NOT RECORDED IN ORIGINAL RUN,NOT RECORDED IN ORIGINAL RUN,NOT RECORDED IN ORIGINAL RUN,NOT RECORDED IN ORIGINAL RUN,NOT RECORDED IN ORIGINAL RUN,NOT RECORDED IN ORIGINAL RUN,NOT RECORDED IN ORIGINAL RUN,NOT RECORDED IN ORIGINAL RUN,e97376ed00b5c60e66888de69b51426458531350b2fafed5057b9f3881ae6319
1,LORA_EXCLUDED_lora.partial,joint,2,val,NOT RECORDED IN ORIGINAL RUN,epithelium,NOT RECORDED IN ORIGINAL RUN,NOT RECORDED IN ORIGINAL RUN,NOT RECORDED IN ORIGINAL RUN,NOT RECORDED IN ORIGINAL RUN,NOT RECORDED IN ORIGINAL RUN,NOT RECORDED IN ORIGINAL RUN,NOT RECORDED IN ORIGINAL RUN,NOT RECORDED IN ORIGINAL RUN,NOT RECORDED IN ORIGINAL RUN,e97376ed00b5c60e66888de69b51426458531350b2fafed5057b9f3881ae6319
1,LORA_EXCLUDED_lora.partial,joint,2,val,NOT RECORDED IN ORIGINAL RUN,endothelium,NOT RECORDED IN ORIGINAL RUN,NOT RECORDED IN ORIGINAL RUN,NOT RECORDED IN ORIGINAL RUN,NOT RECORDED IN ORIGINAL RUN,NOT RECORDED IN ORIGINAL RUN,NOT RECORDED IN ORIGINAL RUN,NOT RECORDED IN ORIGINAL RUN,NOT RECORDED IN ORIGINAL RUN,NOT RECORDED IN ORIGINAL RUN,e97376ed00b5c60e66888de69b51426458531350b2fafed5057b9f3881ae6319
1,LORA_EXCLUDED_lora.partial,joint,2,val,NOT RECORDED IN ORIGINAL RUN,apoptosis,NOT RECORDED IN ORIGINAL RUN,NOT RECORDED IN ORIGINAL RUN,NOT RECORDED IN ORIGINAL RUN,NOT RECORDED IN ORIGINAL RUN,NOT RECORDED IN ORIGINAL RUN,NOT RECORDED IN ORIGINAL RUN,NOT RECORDED IN ORIGINAL RUN,NOT RECORDED IN ORIGINAL RUN,NOT RECORDED IN ORIGINAL RUN,e97376ed00b5c60e66888de69b51426458531350b2fafed5057b9f3881ae6319
