original_path,archival_path,sha256,experiment_id,seed,fold,type
C:\Users\Hngk\Documents\Codex\2026-09-07\use-the-autoresearch-skill-x20-https\outputs\PUMA_STAGE2_RESEARCH_PROMPTS_1_TO_4\PROMPT_4\RUNS\A0_s17_cv0\batch_history.jsonl,PROMPT_4\ARCHITECTURES\A0\RESULTS\RUNS\A0_s17_cv0\batch_history.jsonl,eb89c8e18d26b69a7bd85342453ed968d0be5ed5681baabbe778c22a9ecd113a,A0_s17_cv0,17,0,.jsonl
C:\Users\Hngk\Documents\Codex\2026-09-07\use-the-autoresearch-skill-x20-https\outputs\PUMA_STAGE2_RESEARCH_PROMPTS_1_TO_4\PROMPT_4\RUNS\A0_s17_cv0\config.json,PROMPT_4\ARCHITECTURES\A0\RESULTS\RUNS\A0_s17_cv0\config.json,db8438a9b16d9bdb6e84298f0e75eeed617a22fd369f4c10826c43f1dcf20392,A0_s17_cv0,17,0,.json
C:\Users\Hngk\Documents\Codex\2026-09-07\use-the-autoresearch-skill-x20-https\outputs\PUMA_STAGE2_RESEARCH_PROMPTS_1_TO_4\PROMPT_4\RUNS\A0_s17_cv0\epoch_01_predictions.npz,PROMPT_4\ARCHITECTURES\A0\RESULTS\RUNS\A0_s17_cv0\epoch_01_predictions.npz,c09e3900dbd6804a1879e6f03b1025d7b96272d21f055799d470dea4284b71d7,A0_s17_cv0,17,0,.npz
C:\Users\Hngk\Documents\Codex\2026-09-07\use-the-autoresearch-skill-x20-https\outputs\PUMA_STAGE2_RESEARCH_PROMPTS_1_TO_4\PROMPT_4\RUNS\A0_s17_cv0\epoch_02_predictions.npz,PROMPT_4\ARCHITECTURES\A0\RESULTS\RUNS\A0_s17_cv0\epoch_02_predictions.npz,36b4c8c7ed3dcc9cf6dd6f53f52636890e91615815d1c5fdc92891cf9b76a7c5,A0_s17_cv0,17,0,.npz
C:\Users\Hngk\Documents\Codex\2026-09-07\use-the-autoresearch-skill-x20-https\outputs\PUMA_STAGE2_RESEARCH_PROMPTS_1_TO_4\PROMPT_4\RUNS\A0_s17_cv0\epoch_03_predictions.npz,PROMPT_4\ARCHITECTURES\A0\RESULTS\RUNS\A0_s17_cv0\epoch_03_predictions.npz,f90af87db6c5f02a4b2edd6dac174ca4823cbda9b619c305ee11c0f097ee0d2a,A0_s17_cv0,17,0,.npz
C:\Users\Hngk\Documents\Codex\2026-09-07\use-the-autoresearch-skill-x20-https\outputs\PUMA_STAGE2_RESEARCH_PROMPTS_1_TO_4\PROMPT_4\RUNS\A0_s17_cv0\epoch_04_predictions.npz,PROMPT_4\ARCHITECTURES\A0\RESULTS\RUNS\A0_s17_cv0\epoch_04_predictions.npz,408fa11638ad2b55266ddce475a198939dce88708d12bc4371d352cb72867426,A0_s17_cv0,17,0,.npz
C:\Users\Hngk\Documents\Codex\2026-09-07\use-the-autoresearch-skill-x20-https\outputs\PUMA_STAGE2_RESEARCH_PROMPTS_1_TO_4\PROMPT_4\RUNS\A0_s17_cv0\epoch_05_predictions.npz,PROMPT_4\ARCHITECTURES\A0\RESULTS\RUNS\A0_s17_cv0\epoch_05_predictions.npz,004cd02141b993d8768c6343c05e91eb08e5ab80bb692f92b41404d431e8c72d,A0_s17_cv0,17,0,.npz
C:\Users\Hngk\Documents\Codex\2026-09-07\use-the-autoresearch-skill-x20-https\outputs\PUMA_STAGE2_RESEARCH_PROMPTS_1_TO_4\PROMPT_4\RUNS\A0_s17_cv0\epoch_06_predictions.npz,PROMPT_4\ARCHITECTURES\A0\RESULTS\RUNS\A0_s17_cv0\epoch_06_predictions.npz,1463b2e1647dd0557ce5eed13f17b4554d831ced0d6d73731b4054bf62c190ad,A0_s17_cv0,17,0,.npz
C:\Users\Hngk\Documents\Codex\2026-09-07\use-the-autoresearch-skill-x20-https\outputs\PUMA_STAGE2_RESEARCH_PROMPTS_1_TO_4\PROMPT_4\RUNS\A0_s17_cv0\epoch_07_predictions.npz,PROMPT_4\ARCHITECTURES\A0\RESULTS\RUNS\A0_s17_cv0\epoch_07_predictions.npz,42f738ca53707ef8b6b1e2b1dec7f90967dcacfbd7bf8f4d7c72aa02d986a163,A0_s17_cv0,17,0,.npz
C:\Users\Hngk\Documents\Codex\2026-09-07\use-the-autoresearch-skill-x20-https\outputs\PUMA_STAGE2_RESEARCH_PROMPTS_1_TO_4\PROMPT_4\RUNS\A0_s17_cv0\epoch_08_predictions.npz,PROMPT_4\ARCHITECTURES\A0\RESULTS\RUNS\A0_s17_cv0\epoch_08_predictions.npz,eb6568c12e1c0c006187a6eab16c16ed6767bdf2747292991fa87e212047f707,A0_s17_cv0,17,0,.npz
C:\Users\Hngk\Documents\Codex\2026-09-07\use-the-autoresearch-skill-x20-https\outputs\PUMA_STAGE2_RESEARCH_PROMPTS_1_TO_4\PROMPT_4\RUNS\A0_s17_cv0\epoch_09_predictions.npz,PROMPT_4\ARCHITECTURES\A0\RESULTS\RUNS\A0_s17_cv0\epoch_09_predictions.npz,4553ab9ebd9b7bd602564deba252312b8c3768e69847b271e97fdd18e8149d67,A0_s17_cv0,17,0,.npz
C:\Users\Hngk\Documents\Codex\2026-09-07\use-the-autoresearch-skill-x20-https\outputs\PUMA_STAGE2_RESEARCH_PROMPTS_1_TO_4\PROMPT_4\RUNS\A0_s17_cv0\epoch_10_predictions.npz,PROMPT_4\ARCHITECTURES\A0\RESULTS\RUNS\A0_s17_cv0\epoch_10_predictions.npz,47cf26043da4b6d73ae7f7852fe28a0d30520befb72230ca9fdb82ccf143c5bc,A0_s17_cv0,17,0,.npz
C:\Users\Hngk\Documents\Codex\2026-09-07\use-the-autoresearch-skill-x20-https\outputs\PUMA_STAGE2_RESEARCH_PROMPTS_1_TO_4\PROMPT_4\RUNS\A0_s17_cv0\final.pt,PROMPT_4\ARCHITECTURES\A0\RESULTS\RUNS\A0_s17_cv0\final.pt,292ba38832aa06fd9b2c736498fe61d626c58aadeeba3e8403fd268906b7e6c4,A0_s17_cv0,17,0,.pt
C:\Users\Hngk\Documents\Codex\2026-09-07\use-the-autoresearch-skill-x20-https\outputs\PUMA_STAGE2_RESEARCH_PROMPTS_1_TO_4\PROMPT_4\RUNS\A0_s17_cv0\history.jsonl,PROMPT_4\ARCHITECTURES\A0\RESULTS\RUNS\A0_s17_cv0\history.jsonl,9774ee5f7853d72d3c07c94dfe6f7db8c8752486803ab1085d1f6b727ec1ab56,A0_s17_cv0,17,0,.jsonl
C:\Users\Hngk\Documents\Codex\2026-09-07\use-the-autoresearch-skill-x20-https\outputs\PUMA_STAGE2_RESEARCH_PROMPTS_1_TO_4\PROMPT_4\RUNS\A0_s17_cv0\normalizer.json,PROMPT_4\ARCHITECTURES\A0\RESULTS\RUNS\A0_s17_cv0\normalizer.json,f75d5e56dcca6f2ff7aa13358de835631b823bbc37b6b08d02983940eb5ee49c,A0_s17_cv0,17,0,.json
C:\Users\Hngk\Documents\Codex\2026-09-07\use-the-autoresearch-skill-x20-https\outputs\PUMA_STAGE2_RESEARCH_PROMPTS_1_TO_4\PROMPT_4\RUNS\A0_s17_cv0\provenance.json,PROMPT_4\ARCHITECTURES\A0\RESULTS\RUNS\A0_s17_cv0\provenance.json,1cb3953a15baf3959eced6c97652d613c946b2e0e743b3affdfe41b07a26d49e,A0_s17_cv0,17,0,.json
C:\Users\Hngk\Documents\Codex\2026-09-07\use-the-autoresearch-skill-x20-https\outputs\PUMA_STAGE2_RESEARCH_PROMPTS_1_TO_4\PROMPT_4\RUNS\A0_s17_cv0\summary.json,PROMPT_4\ARCHITECTURES\A0\RESULTS\RUNS\A0_s17_cv0\summary.json,8ad96d79207a3eee8d35c5f35b5b1553a3e9f621334762cf35a8cf643b6ceb16,A0_s17_cv0,17,0,.json
C:\Users\Hngk\Documents\Codex\2026-09-07\use-the-autoresearch-skill-x20-https\outputs\PUMA_STAGE2_RESEARCH_PROMPTS_1_TO_4\PROMPT_4\RUNS\A0_s17_cv1\batch_history.jsonl,PROMPT_4\ARCHITECTURES\A0\RESULTS\RUNS\A0_s17_cv1\batch_history.jsonl,4e1d9d5224416b14a3cf99ffc2ee8859436265d0a1f026b91a7fe1de98e090b1,A0_s17_cv1,17,1,.jsonl
C:\Users\Hngk\Documents\Codex\2026-09-07\use-the-autoresearch-skill-x20-https\outputs\PUMA_STAGE2_RESEARCH_PROMPTS_1_TO_4\PROMPT_4\RUNS\A0_s17_cv1\config.json,PROMPT_4\ARCHITECTURES\A0\RESULTS\RUNS\A0_s17_cv1\config.json,cc0998f2c4478e828791bdfa3e7bde903993dfd71dd17e7f112862e74b528c61,A0_s17_cv1,17,1,.json
C:\Users\Hngk\Documents\Codex\2026-09-07\use-the-autoresearch-skill-x20-https\outputs\PUMA_STAGE2_RESEARCH_PROMPTS_1_TO_4\PROMPT_4\RUNS\A0_s17_cv1\epoch_01_predictions.npz,PROMPT_4\ARCHITECTURES\A0\RESULTS\RUNS\A0_s17_cv1\epoch_01_predictions.npz,1114187e479d2bb775f53e86ae1731a69da8ed705cfcc9700ecbc305863a4f6e,A0_s17_cv1,17,1,.npz
C:\Users\Hngk\Documents\Codex\2026-09-07\use-the-autoresearch-skill-x20-https\outputs\PUMA_STAGE2_RESEARCH_PROMPTS_1_TO_4\PROMPT_4\RUNS\A0_s17_cv1\epoch_02_predictions.npz,PROMPT_4\ARCHITECTURES\A0\RESULTS\RUNS\A0_s17_cv1\epoch_02_predictions.npz,ad7cb1c0b2b22c2093fc43b837dccf86c717d0f0059c21307eb5cb6d580d3161,A0_s17_cv1,17,1,.npz
C:\Users\Hngk\Documents\Codex\2026-09-07\use-the-autoresearch-skill-x20-https\outputs\PUMA_STAGE2_RESEARCH_PROMPTS_1_TO_4\PROMPT_4\RUNS\A0_s17_cv1\epoch_03_predictions.npz,PROMPT_4\ARCHITECTURES\A0\RESULTS\RUNS\A0_s17_cv1\epoch_03_predictions.npz,2d25f3643fac2e43fa2818a5e9d44a38e51da9be18938b7f115c2e5387ad5ecd,A0_s17_cv1,17,1,.npz
C:\Users\Hngk\Documents\Codex\2026-09-07\use-the-autoresearch-skill-x20-https\outputs\PUMA_STAGE2_RESEARCH_PROMPTS_1_TO_4\PROMPT_4\RUNS\A0_s17_cv1\epoch_04_predictions.npz,PROMPT_4\ARCHITECTURES\A0\RESULTS\RUNS\A0_s17_cv1\epoch_04_predictions.npz,5e6d7ab71b4d2e8b6aebda6597c5e8b348ff433e2d068bb8ef728c92d0e44842,A0_s17_cv1,17,1,.npz
C:\Users\Hngk\Documents\Codex\2026-09-07\use-the-autoresearch-skill-x20-https\outputs\PUMA_STAGE2_RESEARCH_PROMPTS_1_TO_4\PROMPT_4\RUNS\A0_s17_cv1\epoch_05_predictions.npz,PROMPT_4\ARCHITECTURES\A0\RESULTS\RUNS\A0_s17_cv1\epoch_05_predictions.npz,6ea948f813c9dc17a255273400f1ceea2e9b90169bb740b2acd6d85e3650f985,A0_s17_cv1,17,1,.npz
C:\Users\Hngk\Documents\Codex\2026-09-07\use-the-autoresearch-skill-x20-https\outputs\PUMA_STAGE2_RESEARCH_PROMPTS_1_TO_4\PROMPT_4\RUNS\A0_s17_cv1\epoch_06_predictions.npz,PROMPT_4\ARCHITECTURES\A0\RESULTS\RUNS\A0_s17_cv1\epoch_06_predictions.npz,30c7b58bf7bb61e3ba17261fce4c5e8bccd0b4cc1694f178374d32c5f841b387,A0_s17_cv1,17,1,.npz
C:\Users\Hngk\Documents\Codex\2026-09-07\use-the-autoresearch-skill-x20-https\outputs\PUMA_STAGE2_RESEARCH_PROMPTS_1_TO_4\PROMPT_4\RUNS\A0_s17_cv1\epoch_07_predictions.npz,PROMPT_4\ARCHITECTURES\A0\RESULTS\RUNS\A0_s17_cv1\epoch_07_predictions.npz,99733d49d8eb0a8588d0bc3c7de097f72896eab84ab605c16b2bfe5bc5a4f0f3,A0_s17_cv1,17,1,.npz
C:\Users\Hngk\Documents\Codex\2026-09-07\use-the-autoresearch-skill-x20-https\outputs\PUMA_STAGE2_RESEARCH_PROMPTS_1_TO_4\PROMPT_4\RUNS\A0_s17_cv1\epoch_08_predictions.npz,PROMPT_4\ARCHITECTURES\A0\RESULTS\RUNS\A0_s17_cv1\epoch_08_predictions.npz,c8072cff4b24ffc96fdeb54ed3d13da12cb648241d5abffd95dfbf00f0ab3267,A0_s17_cv1,17,1,.npz
C:\Users\Hngk\Documents\Codex\2026-09-07\use-the-autoresearch-skill-x20-https\outputs\PUMA_STAGE2_RESEARCH_PROMPTS_1_TO_4\PROMPT_4\RUNS\A0_s17_cv1\epoch_09_predictions.npz,PROMPT_4\ARCHITECTURES\A0\RESULTS\RUNS\A0_s17_cv1\epoch_09_predictions.npz,be81bd34fd670e0897f93b852065837d1ff9404f4e7bd279fd0f649d6335645a,A0_s17_cv1,17,1,.npz
C:\Users\Hngk\Documents\Codex\2026-09-07\use-the-autoresearch-skill-x20-https\outputs\PUMA_STAGE2_RESEARCH_PROMPTS_1_TO_4\PROMPT_4\RUNS\A0_s17_cv1\epoch_10_predictions.npz,PROMPT_4\ARCHITECTURES\A0\RESULTS\RUNS\A0_s17_cv1\epoch_10_predictions.npz,aa144fd54b9b10555c112a76e7dee3cb60170e6ae009ec6407c0c82afaacda2e,A0_s17_cv1,17,1,.npz
C:\Users\Hngk\Documents\Codex\2026-09-07\use-the-autoresearch-skill-x20-https\outputs\PUMA_STAGE2_RESEARCH_PROMPTS_1_TO_4\PROMPT_4\RUNS\A0_s17_cv1\final.pt,PROMPT_4\ARCHITECTURES\A0\RESULTS\RUNS\A0_s17_cv1\final.pt,340344b8ca7cb2d6e140f0c1633bc947b094ce11d5137a3d26067aa01f018aa8,A0_s17_cv1,17,1,.pt
C:\Users\Hngk\Documents\Codex\2026-09-07\use-the-autoresearch-skill-x20-https\outputs\PUMA_STAGE2_RESEARCH_PROMPTS_1_TO_4\PROMPT_4\RUNS\A0_s17_cv1\history.jsonl,PROMPT_4\ARCHITECTURES\A0\RESULTS\RUNS\A0_s17_cv1\history.jsonl,1215de98d1cc834335190d6a1536d335ca2ef723572b9fdadf03266c9d141f56,A0_s17_cv1,17,1,.jsonl
C:\Users\Hngk\Documents\Codex\2026-09-07\use-the-autoresearch-skill-x20-https\outputs\PUMA_STAGE2_RESEARCH_PROMPTS_1_TO_4\PROMPT_4\RUNS\A0_s17_cv1\normalizer.json,PROMPT_4\ARCHITECTURES\A0\RESULTS\RUNS\A0_s17_cv1\normalizer.json,3383fe0635cb468d084e5ebbd6144bb89768f6927f37c55e35b23ba5efd095cb,A0_s17_cv1,17,1,.json
C:\Users\Hngk\Documents\Codex\2026-09-07\use-the-autoresearch-skill-x20-https\outputs\PUMA_STAGE2_RESEARCH_PROMPTS_1_TO_4\PROMPT_4\RUNS\A0_s17_cv1\provenance.json,PROMPT_4\ARCHITECTURES\A0\RESULTS\RUNS\A0_s17_cv1\provenance.json,796f3425a24decaa498c8a0ce14d6a3fae3416d5a5dfaecc312af66fc2746f55,A0_s17_cv1,17,1,.json
C:\Users\Hngk\Documents\Codex\2026-09-07\use-the-autoresearch-skill-x20-https\outputs\PUMA_STAGE2_RESEARCH_PROMPTS_1_TO_4\PROMPT_4\RUNS\A0_s17_cv1\summary.json,PROMPT_4\ARCHITECTURES\A0\RESULTS\RUNS\A0_s17_cv1\summary.json,2bd9c71f970ea68b6f5f0f61b6f40c17b9fdef99d32995e334c4470647e0b2f6,A0_s17_cv1,17,1,.json
C:\Users\Hngk\Documents\Codex\2026-09-07\use-the-autoresearch-skill-x20-https\outputs\PUMA_STAGE2_RESEARCH_PROMPTS_1_TO_4\PROMPT_4\RUNS\A0_s17_cv2\batch_history.jsonl,PROMPT_4\ARCHITECTURES\A0\RESULTS\RUNS\A0_s17_cv2\batch_history.jsonl,0d38f1cc5ca2f750f474019fba6f2d30b0030dc521d04e04b41c4c4959ec883d,A0_s17_cv2,17,2,.jsonl
C:\Users\Hngk\Documents\Codex\2026-09-07\use-the-autoresearch-skill-x20-https\outputs\PUMA_STAGE2_RESEARCH_PROMPTS_1_TO_4\PROMPT_4\RUNS\A0_s17_cv2\config.json,PROMPT_4\ARCHITECTURES\A0\RESULTS\RUNS\A0_s17_cv2\config.json,527d78874ee7ff9d97f1fd2ee7623753a32e89a6d9c9b07bfef0c58f80af8904,A0_s17_cv2,17,2,.json
C:\Users\Hngk\Documents\Codex\2026-09-07\use-the-autoresearch-skill-x20-https\outputs\PUMA_STAGE2_RESEARCH_PROMPTS_1_TO_4\PROMPT_4\RUNS\A0_s17_cv2\epoch_01_predictions.npz,PROMPT_4\ARCHITECTURES\A0\RESULTS\RUNS\A0_s17_cv2\epoch_01_predictions.npz,2406e1e099da0f5d9f3e02f57223aba779ced901adcfad49eb40b5c575968742,A0_s17_cv2,17,2,.npz
C:\Users\Hngk\Documents\Codex\2026-09-07\use-the-autoresearch-skill-x20-https\outputs\PUMA_STAGE2_RESEARCH_PROMPTS_1_TO_4\PROMPT_4\RUNS\A0_s17_cv2\epoch_02_predictions.npz,PROMPT_4\ARCHITECTURES\A0\RESULTS\RUNS\A0_s17_cv2\epoch_02_predictions.npz,74760c0080b22d64096c94ec775460f996911ea95b893dbabf5a4963ff1d1419,A0_s17_cv2,17,2,.npz
C:\Users\Hngk\Documents\Codex\2026-09-07\use-the-autoresearch-skill-x20-https\outputs\PUMA_STAGE2_RESEARCH_PROMPTS_1_TO_4\PROMPT_4\RUNS\A0_s17_cv2\epoch_03_predictions.npz,PROMPT_4\ARCHITECTURES\A0\RESULTS\RUNS\A0_s17_cv2\epoch_03_predictions.npz,ae630ea4af49c062cdebbe90d2c01b53b947e0575ea118ea85f4971d3f70e7dc,A0_s17_cv2,17,2,.npz
C:\Users\Hngk\Documents\Codex\2026-09-07\use-the-autoresearch-skill-x20-https\outputs\PUMA_STAGE2_RESEARCH_PROMPTS_1_TO_4\PROMPT_4\RUNS\A0_s17_cv2\epoch_04_predictions.npz,PROMPT_4\ARCHITECTURES\A0\RESULTS\RUNS\A0_s17_cv2\epoch_04_predictions.npz,2461e571912ab9507ee66e04428d0dce63de19631d31f5bbc743264a30850f9b,A0_s17_cv2,17,2,.npz
C:\Users\Hngk\Documents\Codex\2026-09-07\use-the-autoresearch-skill-x20-https\outputs\PUMA_STAGE2_RESEARCH_PROMPTS_1_TO_4\PROMPT_4\RUNS\A0_s17_cv2\epoch_05_predictions.npz,PROMPT_4\ARCHITECTURES\A0\RESULTS\RUNS\A0_s17_cv2\epoch_05_predictions.npz,f38918cf7254c49e600f637fd96d8d51ac6d4cbe38ecc75f4711794368e103f5,A0_s17_cv2,17,2,.npz
C:\Users\Hngk\Documents\Codex\2026-09-07\use-the-autoresearch-skill-x20-https\outputs\PUMA_STAGE2_RESEARCH_PROMPTS_1_TO_4\PROMPT_4\RUNS\A0_s17_cv2\epoch_06_predictions.npz,PROMPT_4\ARCHITECTURES\A0\RESULTS\RUNS\A0_s17_cv2\epoch_06_predictions.npz,ca6327ad3784fd4e09d333c519b7102f89ff0c5db3052dcaed899b309c3f9aca,A0_s17_cv2,17,2,.npz
C:\Users\Hngk\Documents\Codex\2026-09-07\use-the-autoresearch-skill-x20-https\outputs\PUMA_STAGE2_RESEARCH_PROMPTS_1_TO_4\PROMPT_4\RUNS\A0_s17_cv2\epoch_07_predictions.npz,PROMPT_4\ARCHITECTURES\A0\RESULTS\RUNS\A0_s17_cv2\epoch_07_predictions.npz,26d087d65e63701d4ea6eae643c2b8968994ddd75ec3cdb55a2e52e407a258a6,A0_s17_cv2,17,2,.npz
C:\Users\Hngk\Documents\Codex\2026-09-07\use-the-autoresearch-skill-x20-https\outputs\PUMA_STAGE2_RESEARCH_PROMPTS_1_TO_4\PROMPT_4\RUNS\A0_s17_cv2\epoch_08_predictions.npz,PROMPT_4\ARCHITECTURES\A0\RESULTS\RUNS\A0_s17_cv2\epoch_08_predictions.npz,79b8e548f4d1ba5ecf20e4cc1295b2aed43084c122ea5745546e71638efc9d61,A0_s17_cv2,17,2,.npz
C:\Users\Hngk\Documents\Codex\2026-09-07\use-the-autoresearch-skill-x20-https\outputs\PUMA_STAGE2_RESEARCH_PROMPTS_1_TO_4\PROMPT_4\RUNS\A0_s17_cv2\epoch_09_predictions.npz,PROMPT_4\ARCHITECTURES\A0\RESULTS\RUNS\A0_s17_cv2\epoch_09_predictions.npz,6f2779484d5c694448f5057f150e07711e6080da618422c6ba7d2a2778a68852,A0_s17_cv2,17,2,.npz
C:\Users\Hngk\Documents\Codex\2026-09-07\use-the-autoresearch-skill-x20-https\outputs\PUMA_STAGE2_RESEARCH_PROMPTS_1_TO_4\PROMPT_4\RUNS\A0_s17_cv2\epoch_10_predictions.npz,PROMPT_4\ARCHITECTURES\A0\RESULTS\RUNS\A0_s17_cv2\epoch_10_predictions.npz,e8938cc23850fedc35b9146ba05235a6bdf207adea3fc2adcc3128ffef24b1b6,A0_s17_cv2,17,2,.npz
C:\Users\Hngk\Documents\Codex\2026-09-07\use-the-autoresearch-skill-x20-https\outputs\PUMA_STAGE2_RESEARCH_PROMPTS_1_TO_4\PROMPT_4\RUNS\A0_s17_cv2\final.pt,PROMPT_4\ARCHITECTURES\A0\RESULTS\RUNS\A0_s17_cv2\final.pt,867d2d5ebf8023133e642b05aeb7b91d746a4eefd79ef5d6f10dcd0b36994759,A0_s17_cv2,17,2,.pt
C:\Users\Hngk\Documents\Codex\2026-09-07\use-the-autoresearch-skill-x20-https\outputs\PUMA_STAGE2_RESEARCH_PROMPTS_1_TO_4\PROMPT_4\RUNS\A0_s17_cv2\history.jsonl,PROMPT_4\ARCHITECTURES\A0\RESULTS\RUNS\A0_s17_cv2\history.jsonl,1ecdc0f86c6122718f7252580fafcd0076b217b9e3f45b3516059b98ed960678,A0_s17_cv2,17,2,.jsonl
C:\Users\Hngk\Documents\Codex\2026-09-07\use-the-autoresearch-skill-x20-https\outputs\PUMA_STAGE2_RESEARCH_PROMPTS_1_TO_4\PROMPT_4\RUNS\A0_s17_cv2\normalizer.json,PROMPT_4\ARCHITECTURES\A0\RESULTS\RUNS\A0_s17_cv2\normalizer.json,96d50de899d030d0814f1b1de6a785fda82d824637a9237bf0cd5ed8f713a28b,A0_s17_cv2,17,2,.json
C:\Users\Hngk\Documents\Codex\2026-09-07\use-the-autoresearch-skill-x20-https\outputs\PUMA_STAGE2_RESEARCH_PROMPTS_1_TO_4\PROMPT_4\RUNS\A0_s17_cv2\provenance.json,PROMPT_4\ARCHITECTURES\A0\RESULTS\RUNS\A0_s17_cv2\provenance.json,1e8d6d3e7348d191b8ec3362e0d4de6c07cbcaebd4d93f3edfb75741ce7de67b,A0_s17_cv2,17,2,.json
C:\Users\Hngk\Documents\Codex\2026-09-07\use-the-autoresearch-skill-x20-https\outputs\PUMA_STAGE2_RESEARCH_PROMPTS_1_TO_4\PROMPT_4\RUNS\A0_s17_cv2\summary.json,PROMPT_4\ARCHITECTURES\A0\RESULTS\RUNS\A0_s17_cv2\summary.json,06e57b0e9a26a61ab290af6a19bd03102f8401820222f07f5bb79068208d36d0,A0_s17_cv2,17,2,.json
C:\Users\Hngk\Documents\Codex\2026-09-07\use-the-autoresearch-skill-x20-https\outputs\PUMA_STAGE2_RESEARCH_PROMPTS_1_TO_4\PROMPT_4\RUNS\A0_s29_cv0\batch_history.jsonl,PROMPT_4\ARCHITECTURES\A0\RESULTS\RUNS\A0_s29_cv0\batch_history.jsonl,00370bd0a3fe4d469d6a6373d29a2b5d25a674d4e4b39044282f1d8409176712,A0_s29_cv0,29,0,.jsonl
C:\Users\Hngk\Documents\Codex\2026-09-07\use-the-autoresearch-skill-x20-https\outputs\PUMA_STAGE2_RESEARCH_PROMPTS_1_TO_4\PROMPT_4\RUNS\A0_s29_cv0\config.json,PROMPT_4\ARCHITECTURES\A0\RESULTS\RUNS\A0_s29_cv0\config.json,aa750e4fde0e9248805275ccce5c8b5afee7b7f949ffee3794653676c6a49634,A0_s29_cv0,29,0,.json
C:\Users\Hngk\Documents\Codex\2026-09-07\use-the-autoresearch-skill-x20-https\outputs\PUMA_STAGE2_RESEARCH_PROMPTS_1_TO_4\PROMPT_4\RUNS\A0_s29_cv0\epoch_01_predictions.npz,PROMPT_4\ARCHITECTURES\A0\RESULTS\RUNS\A0_s29_cv0\epoch_01_predictions.npz,e1393868f975ee5837c01f714fb066e008341d9fbbea7f49903109236f97d7d0,A0_s29_cv0,29,0,.npz
C:\Users\Hngk\Documents\Codex\2026-09-07\use-the-autoresearch-skill-x20-https\outputs\PUMA_STAGE2_RESEARCH_PROMPTS_1_TO_4\PROMPT_4\RUNS\A0_s29_cv0\epoch_02_predictions.npz,PROMPT_4\ARCHITECTURES\A0\RESULTS\RUNS\A0_s29_cv0\epoch_02_predictions.npz,e628d29c4b4ce805ccc5f1445a8eac045f7ca6b39f1417811a3ced0aad70dc5f,A0_s29_cv0,29,0,.npz
C:\Users\Hngk\Documents\Codex\2026-09-07\use-the-autoresearch-skill-x20-https\outputs\PUMA_STAGE2_RESEARCH_PROMPTS_1_TO_4\PROMPT_4\RUNS\A0_s29_cv0\epoch_03_predictions.npz,PROMPT_4\ARCHITECTURES\A0\RESULTS\RUNS\A0_s29_cv0\epoch_03_predictions.npz,0503d003a6340fcfbd3f5a74952f2596cc9a61a87161d97c88f1d7b96cb055f1,A0_s29_cv0,29,0,.npz
C:\Users\Hngk\Documents\Codex\2026-09-07\use-the-autoresearch-skill-x20-https\outputs\PUMA_STAGE2_RESEARCH_PROMPTS_1_TO_4\PROMPT_4\RUNS\A0_s29_cv0\epoch_04_predictions.npz,PROMPT_4\ARCHITECTURES\A0\RESULTS\RUNS\A0_s29_cv0\epoch_04_predictions.npz,bca31c6d501bbe4069129615ed71db1c617bf1afdb64f0b217504bb00c3a2a71,A0_s29_cv0,29,0,.npz
C:\Users\Hngk\Documents\Codex\2026-09-07\use-the-autoresearch-skill-x20-https\outputs\PUMA_STAGE2_RESEARCH_PROMPTS_1_TO_4\PROMPT_4\RUNS\A0_s29_cv0\epoch_05_predictions.npz,PROMPT_4\ARCHITECTURES\A0\RESULTS\RUNS\A0_s29_cv0\epoch_05_predictions.npz,3e231894acebb7f5735b3ce4e1d2a00ac3d27a2d551837693eab5d0ab23ba041,A0_s29_cv0,29,0,.npz
C:\Users\Hngk\Documents\Codex\2026-09-07\use-the-autoresearch-skill-x20-https\outputs\PUMA_STAGE2_RESEARCH_PROMPTS_1_TO_4\PROMPT_4\RUNS\A0_s29_cv0\epoch_06_predictions.npz,PROMPT_4\ARCHITECTURES\A0\RESULTS\RUNS\A0_s29_cv0\epoch_06_predictions.npz,b822988692c177df638249977e5bd9d4e55197b0ac36d9adec879c8b5ad19db3,A0_s29_cv0,29,0,.npz
C:\Users\Hngk\Documents\Codex\2026-09-07\use-the-autoresearch-skill-x20-https\outputs\PUMA_STAGE2_RESEARCH_PROMPTS_1_TO_4\PROMPT_4\RUNS\A0_s29_cv0\epoch_07_predictions.npz,PROMPT_4\ARCHITECTURES\A0\RESULTS\RUNS\A0_s29_cv0\epoch_07_predictions.npz,8ed29c3459c78fad5cce2abbf0b777a5fb09d468c36c2cce9974e48ae7afed58,A0_s29_cv0,29,0,.npz
C:\Users\Hngk\Documents\Codex\2026-09-07\use-the-autoresearch-skill-x20-https\outputs\PUMA_STAGE2_RESEARCH_PROMPTS_1_TO_4\PROMPT_4\RUNS\A0_s29_cv0\epoch_08_predictions.npz,PROMPT_4\ARCHITECTURES\A0\RESULTS\RUNS\A0_s29_cv0\epoch_08_predictions.npz,0764bbb7b7fefcd852d3a8e326fb66b23cf3d5e83f462d22276564476654a014,A0_s29_cv0,29,0,.npz
C:\Users\Hngk\Documents\Codex\2026-09-07\use-the-autoresearch-skill-x20-https\outputs\PUMA_STAGE2_RESEARCH_PROMPTS_1_TO_4\PROMPT_4\RUNS\A0_s29_cv0\epoch_09_predictions.npz,PROMPT_4\ARCHITECTURES\A0\RESULTS\RUNS\A0_s29_cv0\epoch_09_predictions.npz,6bcdca4ae13f9125a14e305f0919717cf976984e819e720d85e2790e4d9e03af,A0_s29_cv0,29,0,.npz
C:\Users\Hngk\Documents\Codex\2026-09-07\use-the-autoresearch-skill-x20-https\outputs\PUMA_STAGE2_RESEARCH_PROMPTS_1_TO_4\PROMPT_4\RUNS\A0_s29_cv0\epoch_10_predictions.npz,PROMPT_4\ARCHITECTURES\A0\RESULTS\RUNS\A0_s29_cv0\epoch_10_predictions.npz,c814052f8bd71f9fe43254edd5a5f6acd8f798c2e3eca33bbac4ae8645573663,A0_s29_cv0,29,0,.npz
C:\Users\Hngk\Documents\Codex\2026-09-07\use-the-autoresearch-skill-x20-https\outputs\PUMA_STAGE2_RESEARCH_PROMPTS_1_TO_4\PROMPT_4\RUNS\A0_s29_cv0\final.pt,PROMPT_4\ARCHITECTURES\A0\RESULTS\RUNS\A0_s29_cv0\final.pt,5765f0b0872f75ce6fa4ea4fa26f0a0f963f8ddbcbb373b8b9986a2e391f9388,A0_s29_cv0,29,0,.pt
C:\Users\Hngk\Documents\Codex\2026-09-07\use-the-autoresearch-skill-x20-https\outputs\PUMA_STAGE2_RESEARCH_PROMPTS_1_TO_4\PROMPT_4\RUNS\A0_s29_cv0\history.jsonl,PROMPT_4\ARCHITECTURES\A0\RESULTS\RUNS\A0_s29_cv0\history.jsonl,b28085d43bca47bd8d4e83dcb7369662d98cf4fa10fb3b830edd0575e1a77a42,A0_s29_cv0,29,0,.jsonl
C:\Users\Hngk\Documents\Codex\2026-09-07\use-the-autoresearch-skill-x20-https\outputs\PUMA_STAGE2_RESEARCH_PROMPTS_1_TO_4\PROMPT_4\RUNS\A0_s29_cv0\normalizer.json,PROMPT_4\ARCHITECTURES\A0\RESULTS\RUNS\A0_s29_cv0\normalizer.json,f75d5e56dcca6f2ff7aa13358de835631b823bbc37b6b08d02983940eb5ee49c,A0_s29_cv0,29,0,.json
C:\Users\Hngk\Documents\Codex\2026-09-07\use-the-autoresearch-skill-x20-https\outputs\PUMA_STAGE2_RESEARCH_PROMPTS_1_TO_4\PROMPT_4\RUNS\A0_s29_cv0\provenance.json,PROMPT_4\ARCHITECTURES\A0\RESULTS\RUNS\A0_s29_cv0\provenance.json,17a1c06cbe62075e266f3795c6c708cfd572a30e2792ca190025eda7ea3458b1,A0_s29_cv0,29,0,.json
C:\Users\Hngk\Documents\Codex\2026-09-07\use-the-autoresearch-skill-x20-https\outputs\PUMA_STAGE2_RESEARCH_PROMPTS_1_TO_4\PROMPT_4\RUNS\A0_s29_cv0\summary.json,PROMPT_4\ARCHITECTURES\A0\RESULTS\RUNS\A0_s29_cv0\summary.json,631c390905ae32e031bdfac74b826b0a25ff770df1020a993db1f00a091c5e6e,A0_s29_cv0,29,0,.json
C:\Users\Hngk\Documents\Codex\2026-09-07\use-the-autoresearch-skill-x20-https\outputs\PUMA_STAGE2_RESEARCH_PROMPTS_1_TO_4\PROMPT_4\RUNS\A0_s29_cv1\batch_history.jsonl,PROMPT_4\ARCHITECTURES\A0\RESULTS\RUNS\A0_s29_cv1\batch_history.jsonl,a796a11cd20cb10bf2b41ecc4c3a4578a3ff17f0a31df12a26d3689ca00a21c3,A0_s29_cv1,29,1,.jsonl
C:\Users\Hngk\Documents\Codex\2026-09-07\use-the-autoresearch-skill-x20-https\outputs\PUMA_STAGE2_RESEARCH_PROMPTS_1_TO_4\PROMPT_4\RUNS\A0_s29_cv1\config.json,PROMPT_4\ARCHITECTURES\A0\RESULTS\RUNS\A0_s29_cv1\config.json,554f35f33e132cce42a8006f1ba50d1d02e1a17666f9943a270334369bdb531f,A0_s29_cv1,29,1,.json
C:\Users\Hngk\Documents\Codex\2026-09-07\use-the-autoresearch-skill-x20-https\outputs\PUMA_STAGE2_RESEARCH_PROMPTS_1_TO_4\PROMPT_4\RUNS\A0_s29_cv1\epoch_01_predictions.npz,PROMPT_4\ARCHITECTURES\A0\RESULTS\RUNS\A0_s29_cv1\epoch_01_predictions.npz,63b6cc2f1842baf22ec7549c83438a681f150024d336b9814dc2576464cf59c7,A0_s29_cv1,29,1,.npz
C:\Users\Hngk\Documents\Codex\2026-09-07\use-the-autoresearch-skill-x20-https\outputs\PUMA_STAGE2_RESEARCH_PROMPTS_1_TO_4\PROMPT_4\RUNS\A0_s29_cv1\epoch_02_predictions.npz,PROMPT_4\ARCHITECTURES\A0\RESULTS\RUNS\A0_s29_cv1\epoch_02_predictions.npz,3f7cca27b8bafd1e1095f5a0729070fb5bcabc4c2777cc145bfafc6faf8e494d,A0_s29_cv1,29,1,.npz
C:\Users\Hngk\Documents\Codex\2026-09-07\use-the-autoresearch-skill-x20-https\outputs\PUMA_STAGE2_RESEARCH_PROMPTS_1_TO_4\PROMPT_4\RUNS\A0_s29_cv1\epoch_03_predictions.npz,PROMPT_4\ARCHITECTURES\A0\RESULTS\RUNS\A0_s29_cv1\epoch_03_predictions.npz,905d7eef68fe2fba431abf126f1ddbc485f02ddfd7292cacaa32acf6ca2ca6b0,A0_s29_cv1,29,1,.npz
C:\Users\Hngk\Documents\Codex\2026-09-07\use-the-autoresearch-skill-x20-https\outputs\PUMA_STAGE2_RESEARCH_PROMPTS_1_TO_4\PROMPT_4\RUNS\A0_s29_cv1\epoch_04_predictions.npz,PROMPT_4\ARCHITECTURES\A0\RESULTS\RUNS\A0_s29_cv1\epoch_04_predictions.npz,0d34580c42f11920670cc46277f0166829786e31674e95be49aac2aa4e6b9f00,A0_s29_cv1,29,1,.npz
C:\Users\Hngk\Documents\Codex\2026-09-07\use-the-autoresearch-skill-x20-https\outputs\PUMA_STAGE2_RESEARCH_PROMPTS_1_TO_4\PROMPT_4\RUNS\A0_s29_cv1\epoch_05_predictions.npz,PROMPT_4\ARCHITECTURES\A0\RESULTS\RUNS\A0_s29_cv1\epoch_05_predictions.npz,ee16ab87f5463a2a2025097c6772c1417138f545230d5e2f2bde4244c0c13221,A0_s29_cv1,29,1,.npz
C:\Users\Hngk\Documents\Codex\2026-09-07\use-the-autoresearch-skill-x20-https\outputs\PUMA_STAGE2_RESEARCH_PROMPTS_1_TO_4\PROMPT_4\RUNS\A0_s29_cv1\epoch_06_predictions.npz,PROMPT_4\ARCHITECTURES\A0\RESULTS\RUNS\A0_s29_cv1\epoch_06_predictions.npz,a157e43b4ebeb6fced8e43466a16134f8dcae1371e41d0280d8ff5459d9c1862,A0_s29_cv1,29,1,.npz
C:\Users\Hngk\Documents\Codex\2026-09-07\use-the-autoresearch-skill-x20-https\outputs\PUMA_STAGE2_RESEARCH_PROMPTS_1_TO_4\PROMPT_4\RUNS\A0_s29_cv1\epoch_07_predictions.npz,PROMPT_4\ARCHITECTURES\A0\RESULTS\RUNS\A0_s29_cv1\epoch_07_predictions.npz,5c8bf0e6b6d1015762d416793b427d4c3950babd57ada4076243ec74b83f16ed,A0_s29_cv1,29,1,.npz
C:\Users\Hngk\Documents\Codex\2026-09-07\use-the-autoresearch-skill-x20-https\outputs\PUMA_STAGE2_RESEARCH_PROMPTS_1_TO_4\PROMPT_4\RUNS\A0_s29_cv1\epoch_08_predictions.npz,PROMPT_4\ARCHITECTURES\A0\RESULTS\RUNS\A0_s29_cv1\epoch_08_predictions.npz,ee78331773e43c13d15a070061a058059eed38e3279b05b4f9b3351346a0e3a6,A0_s29_cv1,29,1,.npz
C:\Users\Hngk\Documents\Codex\2026-09-07\use-the-autoresearch-skill-x20-https\outputs\PUMA_STAGE2_RESEARCH_PROMPTS_1_TO_4\PROMPT_4\RUNS\A0_s29_cv1\epoch_09_predictions.npz,PROMPT_4\ARCHITECTURES\A0\RESULTS\RUNS\A0_s29_cv1\epoch_09_predictions.npz,00f0de76f2475bb7e58f6bb66f007001bb17cf3a2bded72096613c506cc3e649,A0_s29_cv1,29,1,.npz
C:\Users\Hngk\Documents\Codex\2026-09-07\use-the-autoresearch-skill-x20-https\outputs\PUMA_STAGE2_RESEARCH_PROMPTS_1_TO_4\PROMPT_4\RUNS\A0_s29_cv1\epoch_10_predictions.npz,PROMPT_4\ARCHITECTURES\A0\RESULTS\RUNS\A0_s29_cv1\epoch_10_predictions.npz,825b56b49e4f36b2ec71339430e6e0a7840b24dd7a0bba2a663f5db1e26d9b47,A0_s29_cv1,29,1,.npz
C:\Users\Hngk\Documents\Codex\2026-09-07\use-the-autoresearch-skill-x20-https\outputs\PUMA_STAGE2_RESEARCH_PROMPTS_1_TO_4\PROMPT_4\RUNS\A0_s29_cv1\final.pt,PROMPT_4\ARCHITECTURES\A0\RESULTS\RUNS\A0_s29_cv1\final.pt,22f292e9da3ff58c0ee71659a1fc63b886fe94e8158081d7461bd17861cff9ee,A0_s29_cv1,29,1,.pt
C:\Users\Hngk\Documents\Codex\2026-09-07\use-the-autoresearch-skill-x20-https\outputs\PUMA_STAGE2_RESEARCH_PROMPTS_1_TO_4\PROMPT_4\RUNS\A0_s29_cv1\history.jsonl,PROMPT_4\ARCHITECTURES\A0\RESULTS\RUNS\A0_s29_cv1\history.jsonl,6624be092fad6f8cde650ce5074574711c3bb4212cb2146d64256ee88340d3d6,A0_s29_cv1,29,1,.jsonl
C:\Users\Hngk\Documents\Codex\2026-09-07\use-the-autoresearch-skill-x20-https\outputs\PUMA_STAGE2_RESEARCH_PROMPTS_1_TO_4\PROMPT_4\RUNS\A0_s29_cv1\normalizer.json,PROMPT_4\ARCHITECTURES\A0\RESULTS\RUNS\A0_s29_cv1\normalizer.json,3383fe0635cb468d084e5ebbd6144bb89768f6927f37c55e35b23ba5efd095cb,A0_s29_cv1,29,1,.json
C:\Users\Hngk\Documents\Codex\2026-09-07\use-the-autoresearch-skill-x20-https\outputs\PUMA_STAGE2_RESEARCH_PROMPTS_1_TO_4\PROMPT_4\RUNS\A0_s29_cv1\provenance.json,PROMPT_4\ARCHITECTURES\A0\RESULTS\RUNS\A0_s29_cv1\provenance.json,77c8b0bbf65667db0043b576ba758d32d4efbf2d141a4a22ed642f41434e6354,A0_s29_cv1,29,1,.json
C:\Users\Hngk\Documents\Codex\2026-09-07\use-the-autoresearch-skill-x20-https\outputs\PUMA_STAGE2_RESEARCH_PROMPTS_1_TO_4\PROMPT_4\RUNS\A0_s29_cv1\summary.json,PROMPT_4\ARCHITECTURES\A0\RESULTS\RUNS\A0_s29_cv1\summary.json,5bfc87e933c26f48ffe933bc7a88a8e30a9088e718853aca598753e88ea25d3c,A0_s29_cv1,29,1,.json
C:\Users\Hngk\Documents\Codex\2026-09-07\use-the-autoresearch-skill-x20-https\outputs\PUMA_STAGE2_RESEARCH_PROMPTS_1_TO_4\PROMPT_4\RUNS\A0_s29_cv2\batch_history.jsonl,PROMPT_4\ARCHITECTURES\A0\RESULTS\RUNS\A0_s29_cv2\batch_history.jsonl,cfefddbaa6bd8a88d50b499440b40950c8d19de760dabc52d9602977aee11844,A0_s29_cv2,29,2,.jsonl
C:\Users\Hngk\Documents\Codex\2026-09-07\use-the-autoresearch-skill-x20-https\outputs\PUMA_STAGE2_RESEARCH_PROMPTS_1_TO_4\PROMPT_4\RUNS\A0_s29_cv2\config.json,PROMPT_4\ARCHITECTURES\A0\RESULTS\RUNS\A0_s29_cv2\config.json,34b984a69ba0df8c1533d9136fc7c7da2da500b835b6705a4b7390568df70fa0,A0_s29_cv2,29,2,.json
C:\Users\Hngk\Documents\Codex\2026-09-07\use-the-autoresearch-skill-x20-https\outputs\PUMA_STAGE2_RESEARCH_PROMPTS_1_TO_4\PROMPT_4\RUNS\A0_s29_cv2\epoch_01_predictions.npz,PROMPT_4\ARCHITECTURES\A0\RESULTS\RUNS\A0_s29_cv2\epoch_01_predictions.npz,b5cbcb3742a431fdddb24f61d1be3e25b5666c1f5ec9d48ac8c81af06aba6940,A0_s29_cv2,29,2,.npz
C:\Users\Hngk\Documents\Codex\2026-09-07\use-the-autoresearch-skill-x20-https\outputs\PUMA_STAGE2_RESEARCH_PROMPTS_1_TO_4\PROMPT_4\RUNS\A0_s29_cv2\epoch_02_predictions.npz,PROMPT_4\ARCHITECTURES\A0\RESULTS\RUNS\A0_s29_cv2\epoch_02_predictions.npz,154cc1e4605bd10930aa32fbe2697000abf6ba2a549d48c86ce997eaba56b526,A0_s29_cv2,29,2,.npz
C:\Users\Hngk\Documents\Codex\2026-09-07\use-the-autoresearch-skill-x20-https\outputs\PUMA_STAGE2_RESEARCH_PROMPTS_1_TO_4\PROMPT_4\RUNS\A0_s29_cv2\epoch_03_predictions.npz,PROMPT_4\ARCHITECTURES\A0\RESULTS\RUNS\A0_s29_cv2\epoch_03_predictions.npz,905a9793475704d2bddbf2970fdc571bc197b5659ba5e192f74472fe6a6c25e1,A0_s29_cv2,29,2,.npz
C:\Users\Hngk\Documents\Codex\2026-09-07\use-the-autoresearch-skill-x20-https\outputs\PUMA_STAGE2_RESEARCH_PROMPTS_1_TO_4\PROMPT_4\RUNS\A0_s29_cv2\epoch_04_predictions.npz,PROMPT_4\ARCHITECTURES\A0\RESULTS\RUNS\A0_s29_cv2\epoch_04_predictions.npz,5f94028d16e9d81ffb99789ab7cb8984fb5f68a6fcf57e264ace5c042ff2f1bb,A0_s29_cv2,29,2,.npz
C:\Users\Hngk\Documents\Codex\2026-09-07\use-the-autoresearch-skill-x20-https\outputs\PUMA_STAGE2_RESEARCH_PROMPTS_1_TO_4\PROMPT_4\RUNS\A0_s29_cv2\epoch_05_predictions.npz,PROMPT_4\ARCHITECTURES\A0\RESULTS\RUNS\A0_s29_cv2\epoch_05_predictions.npz,8fb767c03d9b29830cb61816a3fd9c7fa32553ee95ec63020c6a50b596a55003,A0_s29_cv2,29,2,.npz
C:\Users\Hngk\Documents\Codex\2026-09-07\use-the-autoresearch-skill-x20-https\outputs\PUMA_STAGE2_RESEARCH_PROMPTS_1_TO_4\PROMPT_4\RUNS\A0_s29_cv2\epoch_06_predictions.npz,PROMPT_4\ARCHITECTURES\A0\RESULTS\RUNS\A0_s29_cv2\epoch_06_predictions.npz,cf2b5f768b6bcd751f9bd066ab59e43eee1b4b08692e9ce8cbebebf152faf7fd,A0_s29_cv2,29,2,.npz
C:\Users\Hngk\Documents\Codex\2026-09-07\use-the-autoresearch-skill-x20-https\outputs\PUMA_STAGE2_RESEARCH_PROMPTS_1_TO_4\PROMPT_4\RUNS\A0_s29_cv2\epoch_07_predictions.npz,PROMPT_4\ARCHITECTURES\A0\RESULTS\RUNS\A0_s29_cv2\epoch_07_predictions.npz,0ff899cecce87a17aac325889de4ab4cc12a536fb078bef0d45ba1e5cb4e3e51,A0_s29_cv2,29,2,.npz
C:\Users\Hngk\Documents\Codex\2026-09-07\use-the-autoresearch-skill-x20-https\outputs\PUMA_STAGE2_RESEARCH_PROMPTS_1_TO_4\PROMPT_4\RUNS\A0_s29_cv2\epoch_08_predictions.npz,PROMPT_4\ARCHITECTURES\A0\RESULTS\RUNS\A0_s29_cv2\epoch_08_predictions.npz,acec75059a9a2a1e602bfb8c1a5dc40644af3522fee1d4806e790ed9bf4ca521,A0_s29_cv2,29,2,.npz
C:\Users\Hngk\Documents\Codex\2026-09-07\use-the-autoresearch-skill-x20-https\outputs\PUMA_STAGE2_RESEARCH_PROMPTS_1_TO_4\PROMPT_4\RUNS\A0_s29_cv2\epoch_09_predictions.npz,PROMPT_4\ARCHITECTURES\A0\RESULTS\RUNS\A0_s29_cv2\epoch_09_predictions.npz,f391fa85d2588196ad5f2582daeafd1ccae0261a9cea6c8da3e220e6eb18d3d8,A0_s29_cv2,29,2,.npz
C:\Users\Hngk\Documents\Codex\2026-09-07\use-the-autoresearch-skill-x20-https\outputs\PUMA_STAGE2_RESEARCH_PROMPTS_1_TO_4\PROMPT_4\RUNS\A0_s29_cv2\epoch_10_predictions.npz,PROMPT_4\ARCHITECTURES\A0\RESULTS\RUNS\A0_s29_cv2\epoch_10_predictions.npz,7d49a3db743245007f1638e0076539359e59e3ab851ce473b15044a1e02a9085,A0_s29_cv2,29,2,.npz
C:\Users\Hngk\Documents\Codex\2026-09-07\use-the-autoresearch-skill-x20-https\outputs\PUMA_STAGE2_RESEARCH_PROMPTS_1_TO_4\PROMPT_4\RUNS\A0_s29_cv2\final.pt,PROMPT_4\ARCHITECTURES\A0\RESULTS\RUNS\A0_s29_cv2\final.pt,bc22e6f21bbb2062fae6f82f9f58cb6f500328f5bd052eab8b5a47308b3c0f46,A0_s29_cv2,29,2,.pt
C:\Users\Hngk\Documents\Codex\2026-09-07\use-the-autoresearch-skill-x20-https\outputs\PUMA_STAGE2_RESEARCH_PROMPTS_1_TO_4\PROMPT_4\RUNS\A0_s29_cv2\history.jsonl,PROMPT_4\ARCHITECTURES\A0\RESULTS\RUNS\A0_s29_cv2\history.jsonl,eee56465f8c98b06bfa499c72db4e940e4aa878d814089485938975127b5306c,A0_s29_cv2,29,2,.jsonl
C:\Users\Hngk\Documents\Codex\2026-09-07\use-the-autoresearch-skill-x20-https\outputs\PUMA_STAGE2_RESEARCH_PROMPTS_1_TO_4\PROMPT_4\RUNS\A0_s29_cv2\normalizer.json,PROMPT_4\ARCHITECTURES\A0\RESULTS\RUNS\A0_s29_cv2\normalizer.json,96d50de899d030d0814f1b1de6a785fda82d824637a9237bf0cd5ed8f713a28b,A0_s29_cv2,29,2,.json
C:\Users\Hngk\Documents\Codex\2026-09-07\use-the-autoresearch-skill-x20-https\outputs\PUMA_STAGE2_RESEARCH_PROMPTS_1_TO_4\PROMPT_4\RUNS\A0_s29_cv2\provenance.json,PROMPT_4\ARCHITECTURES\A0\RESULTS\RUNS\A0_s29_cv2\provenance.json,4b7d9bb6c78c911977d3b41bfdba9b095bf703237de359e0fce209d5f9642a6d,A0_s29_cv2,29,2,.json
C:\Users\Hngk\Documents\Codex\2026-09-07\use-the-autoresearch-skill-x20-https\outputs\PUMA_STAGE2_RESEARCH_PROMPTS_1_TO_4\PROMPT_4\RUNS\A0_s29_cv2\summary.json,PROMPT_4\ARCHITECTURES\A0\RESULTS\RUNS\A0_s29_cv2\summary.json,6c14e36a07c905ed94fe3af2e05f9d6791131063f37f4a4325d7bf7e6927c3bd,A0_s29_cv2,29,2,.json
C:\Users\Hngk\Documents\Codex\2026-09-07\use-the-autoresearch-skill-x20-https\outputs\PUMA_STAGE2_RESEARCH_PROMPTS_1_TO_4\PROMPT_4\RUNS\A0_s43_cv0\batch_history.jsonl,PROMPT_4\ARCHITECTURES\A0\RESULTS\RUNS\A0_s43_cv0\batch_history.jsonl,396010f1fc5d6271b9afaafe9566bceb59e24ee7e153b526ee3de8139ade1e17,A0_s43_cv0,43,0,.jsonl
C:\Users\Hngk\Documents\Codex\2026-09-07\use-the-autoresearch-skill-x20-https\outputs\PUMA_STAGE2_RESEARCH_PROMPTS_1_TO_4\PROMPT_4\RUNS\A0_s43_cv0\config.json,PROMPT_4\ARCHITECTURES\A0\RESULTS\RUNS\A0_s43_cv0\config.json,b4e20694abae358dc9f29ee7afef911f728fb22260f77b281603493fb96f8622,A0_s43_cv0,43,0,.json
C:\Users\Hngk\Documents\Codex\2026-09-07\use-the-autoresearch-skill-x20-https\outputs\PUMA_STAGE2_RESEARCH_PROMPTS_1_TO_4\PROMPT_4\RUNS\A0_s43_cv0\epoch_01_predictions.npz,PROMPT_4\ARCHITECTURES\A0\RESULTS\RUNS\A0_s43_cv0\epoch_01_predictions.npz,43a07870e2ee3fb8be05d281630ebb63b17ba4f28f8cd516d5d58b3b6dabcbfe,A0_s43_cv0,43,0,.npz
C:\Users\Hngk\Documents\Codex\2026-09-07\use-the-autoresearch-skill-x20-https\outputs\PUMA_STAGE2_RESEARCH_PROMPTS_1_TO_4\PROMPT_4\RUNS\A0_s43_cv0\epoch_02_predictions.npz,PROMPT_4\ARCHITECTURES\A0\RESULTS\RUNS\A0_s43_cv0\epoch_02_predictions.npz,19117d654f79fccc9b27c494d17c7745f21da4b679962fc2df13d7a5d1631597,A0_s43_cv0,43,0,.npz
C:\Users\Hngk\Documents\Codex\2026-09-07\use-the-autoresearch-skill-x20-https\outputs\PUMA_STAGE2_RESEARCH_PROMPTS_1_TO_4\PROMPT_4\RUNS\A0_s43_cv0\epoch_03_predictions.npz,PROMPT_4\ARCHITECTURES\A0\RESULTS\RUNS\A0_s43_cv0\epoch_03_predictions.npz,95a3bae1323eb8ecee70efb54c3db29f0f538707d23ff418cafc2f0a6288d497,A0_s43_cv0,43,0,.npz
C:\Users\Hngk\Documents\Codex\2026-09-07\use-the-autoresearch-skill-x20-https\outputs\PUMA_STAGE2_RESEARCH_PROMPTS_1_TO_4\PROMPT_4\RUNS\A0_s43_cv0\epoch_04_predictions.npz,PROMPT_4\ARCHITECTURES\A0\RESULTS\RUNS\A0_s43_cv0\epoch_04_predictions.npz,982880f1d5f40c8908ce52396b48dfa217544d3624758ec9ecbb680d7a9ffe10,A0_s43_cv0,43,0,.npz
C:\Users\Hngk\Documents\Codex\2026-09-07\use-the-autoresearch-skill-x20-https\outputs\PUMA_STAGE2_RESEARCH_PROMPTS_1_TO_4\PROMPT_4\RUNS\A0_s43_cv0\epoch_05_predictions.npz,PROMPT_4\ARCHITECTURES\A0\RESULTS\RUNS\A0_s43_cv0\epoch_05_predictions.npz,ab2f683cb34572333d1cbfbf39a1eeeb35ac2ae4b1fa2424b0aba424dc59dc4c,A0_s43_cv0,43,0,.npz
C:\Users\Hngk\Documents\Codex\2026-09-07\use-the-autoresearch-skill-x20-https\outputs\PUMA_STAGE2_RESEARCH_PROMPTS_1_TO_4\PROMPT_4\RUNS\A0_s43_cv0\epoch_06_predictions.npz,PROMPT_4\ARCHITECTURES\A0\RESULTS\RUNS\A0_s43_cv0\epoch_06_predictions.npz,3d02b5d1d89d8558fb739e809452d1b8ddbf18702b959655ef379e8580c02655,A0_s43_cv0,43,0,.npz
C:\Users\Hngk\Documents\Codex\2026-09-07\use-the-autoresearch-skill-x20-https\outputs\PUMA_STAGE2_RESEARCH_PROMPTS_1_TO_4\PROMPT_4\RUNS\A0_s43_cv0\epoch_07_predictions.npz,PROMPT_4\ARCHITECTURES\A0\RESULTS\RUNS\A0_s43_cv0\epoch_07_predictions.npz,b8ff7d96581706dc9385e0d238b93a795dab3fdf7b454b7b0d596b18233fe1c2,A0_s43_cv0,43,0,.npz
C:\Users\Hngk\Documents\Codex\2026-09-07\use-the-autoresearch-skill-x20-https\outputs\PUMA_STAGE2_RESEARCH_PROMPTS_1_TO_4\PROMPT_4\RUNS\A0_s43_cv0\epoch_08_predictions.npz,PROMPT_4\ARCHITECTURES\A0\RESULTS\RUNS\A0_s43_cv0\epoch_08_predictions.npz,69de1a09b1c000d22dedb05bf35a06d1528f636b3642439b145ed534f8d1f329,A0_s43_cv0,43,0,.npz
C:\Users\Hngk\Documents\Codex\2026-09-07\use-the-autoresearch-skill-x20-https\outputs\PUMA_STAGE2_RESEARCH_PROMPTS_1_TO_4\PROMPT_4\RUNS\A0_s43_cv0\epoch_09_predictions.npz,PROMPT_4\ARCHITECTURES\A0\RESULTS\RUNS\A0_s43_cv0\epoch_09_predictions.npz,43375221d3c3dbbcd035e78eb64744fc9e512dfed5378cc819967688165e5c10,A0_s43_cv0,43,0,.npz
C:\Users\Hngk\Documents\Codex\2026-09-07\use-the-autoresearch-skill-x20-https\outputs\PUMA_STAGE2_RESEARCH_PROMPTS_1_TO_4\PROMPT_4\RUNS\A0_s43_cv0\epoch_10_predictions.npz,PROMPT_4\ARCHITECTURES\A0\RESULTS\RUNS\A0_s43_cv0\epoch_10_predictions.npz,6251d5139092fa2cac19a29e04fa45814b816f8b40f6561cc882716705b3e94b,A0_s43_cv0,43,0,.npz
C:\Users\Hngk\Documents\Codex\2026-09-07\use-the-autoresearch-skill-x20-https\outputs\PUMA_STAGE2_RESEARCH_PROMPTS_1_TO_4\PROMPT_4\RUNS\A0_s43_cv0\final.pt,PROMPT_4\ARCHITECTURES\A0\RESULTS\RUNS\A0_s43_cv0\final.pt,0b5462243c0bba5d1763bf73304c11d66e2640786f64d0c19005c4f92df7c832,A0_s43_cv0,43,0,.pt
C:\Users\Hngk\Documents\Codex\2026-09-07\use-the-autoresearch-skill-x20-https\outputs\PUMA_STAGE2_RESEARCH_PROMPTS_1_TO_4\PROMPT_4\RUNS\A0_s43_cv0\history.jsonl,PROMPT_4\ARCHITECTURES\A0\RESULTS\RUNS\A0_s43_cv0\history.jsonl,03f5b7c3a1990c46477ba17c9fca2fe82c17900419352d8b6a6bf8516555c47d,A0_s43_cv0,43,0,.jsonl
C:\Users\Hngk\Documents\Codex\2026-09-07\use-the-autoresearch-skill-x20-https\outputs\PUMA_STAGE2_RESEARCH_PROMPTS_1_TO_4\PROMPT_4\RUNS\A0_s43_cv0\normalizer.json,PROMPT_4\ARCHITECTURES\A0\RESULTS\RUNS\A0_s43_cv0\normalizer.json,f75d5e56dcca6f2ff7aa13358de835631b823bbc37b6b08d02983940eb5ee49c,A0_s43_cv0,43,0,.json
C:\Users\Hngk\Documents\Codex\2026-09-07\use-the-autoresearch-skill-x20-https\outputs\PUMA_STAGE2_RESEARCH_PROMPTS_1_TO_4\PROMPT_4\RUNS\A0_s43_cv0\provenance.json,PROMPT_4\ARCHITECTURES\A0\RESULTS\RUNS\A0_s43_cv0\provenance.json,216b44685c1270228539a2ef62d72c87cafbbb08e0a0a9c5e27ca2c8b9773c5e,A0_s43_cv0,43,0,.json
C:\Users\Hngk\Documents\Codex\2026-09-07\use-the-autoresearch-skill-x20-https\outputs\PUMA_STAGE2_RESEARCH_PROMPTS_1_TO_4\PROMPT_4\RUNS\A0_s43_cv0\summary.json,PROMPT_4\ARCHITECTURES\A0\RESULTS\RUNS\A0_s43_cv0\summary.json,60f5d5e2926cd0c4c55e998c02ff3deb908f500fd3a42d32f4b686f79b0bdbb5,A0_s43_cv0,43,0,.json
C:\Users\Hngk\Documents\Codex\2026-09-07\use-the-autoresearch-skill-x20-https\outputs\PUMA_STAGE2_RESEARCH_PROMPTS_1_TO_4\PROMPT_4\RUNS\A0_s43_cv1\batch_history.jsonl,PROMPT_4\ARCHITECTURES\A0\RESULTS\RUNS\A0_s43_cv1\batch_history.jsonl,e1344b98b74e5b3eaeda1fa8fc2569ead6f171299c1f9584e408e51aa841fb40,A0_s43_cv1,43,1,.jsonl
C:\Users\Hngk\Documents\Codex\2026-09-07\use-the-autoresearch-skill-x20-https\outputs\PUMA_STAGE2_RESEARCH_PROMPTS_1_TO_4\PROMPT_4\RUNS\A0_s43_cv1\config.json,PROMPT_4\ARCHITECTURES\A0\RESULTS\RUNS\A0_s43_cv1\config.json,fb7789a775e8a06f88e99dbe3ff9670ae1c7661382262b74c67baf681daf2cb5,A0_s43_cv1,43,1,.json
C:\Users\Hngk\Documents\Codex\2026-09-07\use-the-autoresearch-skill-x20-https\outputs\PUMA_STAGE2_RESEARCH_PROMPTS_1_TO_4\PROMPT_4\RUNS\A0_s43_cv1\epoch_01_predictions.npz,PROMPT_4\ARCHITECTURES\A0\RESULTS\RUNS\A0_s43_cv1\epoch_01_predictions.npz,a069187f8a395b44f54faaf6146f794853fbafaf4d8248ec975bf9cf59ab7d96,A0_s43_cv1,43,1,.npz
C:\Users\Hngk\Documents\Codex\2026-09-07\use-the-autoresearch-skill-x20-https\outputs\PUMA_STAGE2_RESEARCH_PROMPTS_1_TO_4\PROMPT_4\RUNS\A0_s43_cv1\epoch_02_predictions.npz,PROMPT_4\ARCHITECTURES\A0\RESULTS\RUNS\A0_s43_cv1\epoch_02_predictions.npz,bef62de4f61fce24667eaec4f1e48abfacb5b217b2722f44f3b10c28d7f12680,A0_s43_cv1,43,1,.npz
C:\Users\Hngk\Documents\Codex\2026-09-07\use-the-autoresearch-skill-x20-https\outputs\PUMA_STAGE2_RESEARCH_PROMPTS_1_TO_4\PROMPT_4\RUNS\A0_s43_cv1\epoch_03_predictions.npz,PROMPT_4\ARCHITECTURES\A0\RESULTS\RUNS\A0_s43_cv1\epoch_03_predictions.npz,1ca719513f99719b7b32fad122cd807ed26a5a8ba63b462ef4a5f51c0dac2998,A0_s43_cv1,43,1,.npz
C:\Users\Hngk\Documents\Codex\2026-09-07\use-the-autoresearch-skill-x20-https\outputs\PUMA_STAGE2_RESEARCH_PROMPTS_1_TO_4\PROMPT_4\RUNS\A0_s43_cv1\epoch_04_predictions.npz,PROMPT_4\ARCHITECTURES\A0\RESULTS\RUNS\A0_s43_cv1\epoch_04_predictions.npz,61b97cfcf98a4c7e17dd6207d961ea1e11603e737993cb752334c0e4a78bd93f,A0_s43_cv1,43,1,.npz
C:\Users\Hngk\Documents\Codex\2026-09-07\use-the-autoresearch-skill-x20-https\outputs\PUMA_STAGE2_RESEARCH_PROMPTS_1_TO_4\PROMPT_4\RUNS\A0_s43_cv1\epoch_05_predictions.npz,PROMPT_4\ARCHITECTURES\A0\RESULTS\RUNS\A0_s43_cv1\epoch_05_predictions.npz,5bb69da944fdc39a4bd787ad125cbb85a02f3ffab4cbf9e7846d662b41628989,A0_s43_cv1,43,1,.npz
C:\Users\Hngk\Documents\Codex\2026-09-07\use-the-autoresearch-skill-x20-https\outputs\PUMA_STAGE2_RESEARCH_PROMPTS_1_TO_4\PROMPT_4\RUNS\A0_s43_cv1\epoch_06_predictions.npz,PROMPT_4\ARCHITECTURES\A0\RESULTS\RUNS\A0_s43_cv1\epoch_06_predictions.npz,36b0b4ece9dff6f9a89c8009973a266abcd59ad9e48acdc25d1628a22c957bcd,A0_s43_cv1,43,1,.npz
C:\Users\Hngk\Documents\Codex\2026-09-07\use-the-autoresearch-skill-x20-https\outputs\PUMA_STAGE2_RESEARCH_PROMPTS_1_TO_4\PROMPT_4\RUNS\A0_s43_cv1\epoch_07_predictions.npz,PROMPT_4\ARCHITECTURES\A0\RESULTS\RUNS\A0_s43_cv1\epoch_07_predictions.npz,51ba7aa05a1f8b36d107aed80312360b6c6844050df8bf306cb57e8b29eb42c0,A0_s43_cv1,43,1,.npz
C:\Users\Hngk\Documents\Codex\2026-09-07\use-the-autoresearch-skill-x20-https\outputs\PUMA_STAGE2_RESEARCH_PROMPTS_1_TO_4\PROMPT_4\RUNS\A0_s43_cv1\epoch_08_predictions.npz,PROMPT_4\ARCHITECTURES\A0\RESULTS\RUNS\A0_s43_cv1\epoch_08_predictions.npz,dcb0144b4ed2f274ce140c9863432af53e21bc08794a3b01b051390e2631cd48,A0_s43_cv1,43,1,.npz
C:\Users\Hngk\Documents\Codex\2026-09-07\use-the-autoresearch-skill-x20-https\outputs\PUMA_STAGE2_RESEARCH_PROMPTS_1_TO_4\PROMPT_4\RUNS\A0_s43_cv1\epoch_09_predictions.npz,PROMPT_4\ARCHITECTURES\A0\RESULTS\RUNS\A0_s43_cv1\epoch_09_predictions.npz,36b6fdc76bb4bb80c9ed83f02cf62919bdbd359795daaa371f3a6157e3d9d12b,A0_s43_cv1,43,1,.npz
C:\Users\Hngk\Documents\Codex\2026-09-07\use-the-autoresearch-skill-x20-https\outputs\PUMA_STAGE2_RESEARCH_PROMPTS_1_TO_4\PROMPT_4\RUNS\A0_s43_cv1\epoch_10_predictions.npz,PROMPT_4\ARCHITECTURES\A0\RESULTS\RUNS\A0_s43_cv1\epoch_10_predictions.npz,1c305421298c9b99a7ccde8bf8ebbd751e62142665170901c25e38ea0420a2fd,A0_s43_cv1,43,1,.npz
C:\Users\Hngk\Documents\Codex\2026-09-07\use-the-autoresearch-skill-x20-https\outputs\PUMA_STAGE2_RESEARCH_PROMPTS_1_TO_4\PROMPT_4\RUNS\A0_s43_cv1\final.pt,PROMPT_4\ARCHITECTURES\A0\RESULTS\RUNS\A0_s43_cv1\final.pt,e1d3aea09a9ea0407acdb54611341b5d260a194382784e997fdf9a35b146753f,A0_s43_cv1,43,1,.pt
C:\Users\Hngk\Documents\Codex\2026-09-07\use-the-autoresearch-skill-x20-https\outputs\PUMA_STAGE2_RESEARCH_PROMPTS_1_TO_4\PROMPT_4\RUNS\A0_s43_cv1\history.jsonl,PROMPT_4\ARCHITECTURES\A0\RESULTS\RUNS\A0_s43_cv1\history.jsonl,23e9fcb8d33533a54090355c559bc79db870c4901c0903bc27e959cab1043d6b,A0_s43_cv1,43,1,.jsonl
C:\Users\Hngk\Documents\Codex\2026-09-07\use-the-autoresearch-skill-x20-https\outputs\PUMA_STAGE2_RESEARCH_PROMPTS_1_TO_4\PROMPT_4\RUNS\A0_s43_cv1\normalizer.json,PROMPT_4\ARCHITECTURES\A0\RESULTS\RUNS\A0_s43_cv1\normalizer.json,3383fe0635cb468d084e5ebbd6144bb89768f6927f37c55e35b23ba5efd095cb,A0_s43_cv1,43,1,.json
C:\Users\Hngk\Documents\Codex\2026-09-07\use-the-autoresearch-skill-x20-https\outputs\PUMA_STAGE2_RESEARCH_PROMPTS_1_TO_4\PROMPT_4\RUNS\A0_s43_cv1\provenance.json,PROMPT_4\ARCHITECTURES\A0\RESULTS\RUNS\A0_s43_cv1\provenance.json,4b94eef592e2fd3a7ba6c385ceee7c3c34e19cbc7887eb543fd301b6aa6e9f8d,A0_s43_cv1,43,1,.json
C:\Users\Hngk\Documents\Codex\2026-09-07\use-the-autoresearch-skill-x20-https\outputs\PUMA_STAGE2_RESEARCH_PROMPTS_1_TO_4\PROMPT_4\RUNS\A0_s43_cv1\summary.json,PROMPT_4\ARCHITECTURES\A0\RESULTS\RUNS\A0_s43_cv1\summary.json,caeda509cb515b06cebed2a498b100060951807679194479f2f68fb7d367440c,A0_s43_cv1,43,1,.json
C:\Users\Hngk\Documents\Codex\2026-09-07\use-the-autoresearch-skill-x20-https\outputs\PUMA_STAGE2_RESEARCH_PROMPTS_1_TO_4\PROMPT_4\RUNS\A0_s43_cv2\batch_history.jsonl,PROMPT_4\ARCHITECTURES\A0\RESULTS\RUNS\A0_s43_cv2\batch_history.jsonl,9f0845af1ca73c9713702baec4093ce391dcf52648093a2fdfc9e3a9fd7e8f9b,A0_s43_cv2,43,2,.jsonl
C:\Users\Hngk\Documents\Codex\2026-09-07\use-the-autoresearch-skill-x20-https\outputs\PUMA_STAGE2_RESEARCH_PROMPTS_1_TO_4\PROMPT_4\RUNS\A0_s43_cv2\config.json,PROMPT_4\ARCHITECTURES\A0\RESULTS\RUNS\A0_s43_cv2\config.json,04ba42063f63f92768300592e4f26eb51f212ef6dc47115e727862dd037558e9,A0_s43_cv2,43,2,.json
C:\Users\Hngk\Documents\Codex\2026-09-07\use-the-autoresearch-skill-x20-https\outputs\PUMA_STAGE2_RESEARCH_PROMPTS_1_TO_4\PROMPT_4\RUNS\A0_s43_cv2\epoch_01_predictions.npz,PROMPT_4\ARCHITECTURES\A0\RESULTS\RUNS\A0_s43_cv2\epoch_01_predictions.npz,05aba84a67e3cee2ad536ab8980a86e46cc62c64a87af9a992e3810ddf108876,A0_s43_cv2,43,2,.npz
C:\Users\Hngk\Documents\Codex\2026-09-07\use-the-autoresearch-skill-x20-https\outputs\PUMA_STAGE2_RESEARCH_PROMPTS_1_TO_4\PROMPT_4\RUNS\A0_s43_cv2\epoch_02_predictions.npz,PROMPT_4\ARCHITECTURES\A0\RESULTS\RUNS\A0_s43_cv2\epoch_02_predictions.npz,148d102f910423993c9af4f09cc82075686e4433c70f633be4b5a36647008e75,A0_s43_cv2,43,2,.npz
C:\Users\Hngk\Documents\Codex\2026-09-07\use-the-autoresearch-skill-x20-https\outputs\PUMA_STAGE2_RESEARCH_PROMPTS_1_TO_4\PROMPT_4\RUNS\A0_s43_cv2\epoch_03_predictions.npz,PROMPT_4\ARCHITECTURES\A0\RESULTS\RUNS\A0_s43_cv2\epoch_03_predictions.npz,f2b5332a4e909cc65ad7c529ba4115bd2ccea759adc7dc75eca21c9dc0491d99,A0_s43_cv2,43,2,.npz
C:\Users\Hngk\Documents\Codex\2026-09-07\use-the-autoresearch-skill-x20-https\outputs\PUMA_STAGE2_RESEARCH_PROMPTS_1_TO_4\PROMPT_4\RUNS\A0_s43_cv2\epoch_04_predictions.npz,PROMPT_4\ARCHITECTURES\A0\RESULTS\RUNS\A0_s43_cv2\epoch_04_predictions.npz,f6dc07d9ebb01c07f8b892df2c72de064fb8df5e76921c7710248c1b1fdb4089,A0_s43_cv2,43,2,.npz
C:\Users\Hngk\Documents\Codex\2026-09-07\use-the-autoresearch-skill-x20-https\outputs\PUMA_STAGE2_RESEARCH_PROMPTS_1_TO_4\PROMPT_4\RUNS\A0_s43_cv2\epoch_05_predictions.npz,PROMPT_4\ARCHITECTURES\A0\RESULTS\RUNS\A0_s43_cv2\epoch_05_predictions.npz,a8c6cf216fadb9e0b2fd266742546e27d0f13df5419c9e48a6326fc38a6528a0,A0_s43_cv2,43,2,.npz
C:\Users\Hngk\Documents\Codex\2026-09-07\use-the-autoresearch-skill-x20-https\outputs\PUMA_STAGE2_RESEARCH_PROMPTS_1_TO_4\PROMPT_4\RUNS\A0_s43_cv2\epoch_06_predictions.npz,PROMPT_4\ARCHITECTURES\A0\RESULTS\RUNS\A0_s43_cv2\epoch_06_predictions.npz,23a5111ecab8ee3b9dd98b123085649921c2d0d558baa15b34a18896b195e240,A0_s43_cv2,43,2,.npz
C:\Users\Hngk\Documents\Codex\2026-09-07\use-the-autoresearch-skill-x20-https\outputs\PUMA_STAGE2_RESEARCH_PROMPTS_1_TO_4\PROMPT_4\RUNS\A0_s43_cv2\epoch_07_predictions.npz,PROMPT_4\ARCHITECTURES\A0\RESULTS\RUNS\A0_s43_cv2\epoch_07_predictions.npz,16ba070265558e4af7fb6a1f17a15a11a0d18323ec5815caaf867e6392273caa,A0_s43_cv2,43,2,.npz
C:\Users\Hngk\Documents\Codex\2026-09-07\use-the-autoresearch-skill-x20-https\outputs\PUMA_STAGE2_RESEARCH_PROMPTS_1_TO_4\PROMPT_4\RUNS\A0_s43_cv2\epoch_08_predictions.npz,PROMPT_4\ARCHITECTURES\A0\RESULTS\RUNS\A0_s43_cv2\epoch_08_predictions.npz,8d410fd346b05df7d47e1f6b1ad0a1233a4b8676425b3fd9ca78fb4136236b31,A0_s43_cv2,43,2,.npz
C:\Users\Hngk\Documents\Codex\2026-09-07\use-the-autoresearch-skill-x20-https\outputs\PUMA_STAGE2_RESEARCH_PROMPTS_1_TO_4\PROMPT_4\RUNS\A0_s43_cv2\epoch_09_predictions.npz,PROMPT_4\ARCHITECTURES\A0\RESULTS\RUNS\A0_s43_cv2\epoch_09_predictions.npz,d60139e7b9ed4e0a0fcfb7133880e18cde2c554da287330b10ae20417d893c22,A0_s43_cv2,43,2,.npz
C:\Users\Hngk\Documents\Codex\2026-09-07\use-the-autoresearch-skill-x20-https\outputs\PUMA_STAGE2_RESEARCH_PROMPTS_1_TO_4\PROMPT_4\RUNS\A0_s43_cv2\epoch_10_predictions.npz,PROMPT_4\ARCHITECTURES\A0\RESULTS\RUNS\A0_s43_cv2\epoch_10_predictions.npz,bdb1154f0fdb87e95c4bba8a84d3c970f0848e2fca8ad8439888970bb281734d,A0_s43_cv2,43,2,.npz
C:\Users\Hngk\Documents\Codex\2026-09-07\use-the-autoresearch-skill-x20-https\outputs\PUMA_STAGE2_RESEARCH_PROMPTS_1_TO_4\PROMPT_4\RUNS\A0_s43_cv2\final.pt,PROMPT_4\ARCHITECTURES\A0\RESULTS\RUNS\A0_s43_cv2\final.pt,3351446880fb044e4e0bfcd344932ec4a5d0e82eed575df9bb9b232838fbca49,A0_s43_cv2,43,2,.pt
C:\Users\Hngk\Documents\Codex\2026-09-07\use-the-autoresearch-skill-x20-https\outputs\PUMA_STAGE2_RESEARCH_PROMPTS_1_TO_4\PROMPT_4\RUNS\A0_s43_cv2\history.jsonl,PROMPT_4\ARCHITECTURES\A0\RESULTS\RUNS\A0_s43_cv2\history.jsonl,39c7ef31c61c1a689891aa3433f7ce4c7effa075b294931c85c3764ea59d9009,A0_s43_cv2,43,2,.jsonl
C:\Users\Hngk\Documents\Codex\2026-09-07\use-the-autoresearch-skill-x20-https\outputs\PUMA_STAGE2_RESEARCH_PROMPTS_1_TO_4\PROMPT_4\RUNS\A0_s43_cv2\normalizer.json,PROMPT_4\ARCHITECTURES\A0\RESULTS\RUNS\A0_s43_cv2\normalizer.json,96d50de899d030d0814f1b1de6a785fda82d824637a9237bf0cd5ed8f713a28b,A0_s43_cv2,43,2,.json
C:\Users\Hngk\Documents\Codex\2026-09-07\use-the-autoresearch-skill-x20-https\outputs\PUMA_STAGE2_RESEARCH_PROMPTS_1_TO_4\PROMPT_4\RUNS\A0_s43_cv2\provenance.json,PROMPT_4\ARCHITECTURES\A0\RESULTS\RUNS\A0_s43_cv2\provenance.json,cad7b3700ddef44d8a670632c5f0c18e74ac01dd47d3bc90f903973f889f61fd,A0_s43_cv2,43,2,.json
C:\Users\Hngk\Documents\Codex\2026-09-07\use-the-autoresearch-skill-x20-https\outputs\PUMA_STAGE2_RESEARCH_PROMPTS_1_TO_4\PROMPT_4\RUNS\A0_s43_cv2\summary.json,PROMPT_4\ARCHITECTURES\A0\RESULTS\RUNS\A0_s43_cv2\summary.json,97bb0ea6a77586462772acf1df480646a62dd966a4c9d4f9465718f7fd7f6ce0,A0_s43_cv2,43,2,.json
