ID,architecture,seed,control,fold,parameters,TierA,TierB,BioMask_provenance,gate,rank_or_bottleneck,ROI_precision,ROI_recall,ROI_f1,pooled_precision,pooled_recall,pooled_f1,Accuracy,BalancedAccuracy,semantic_precision,semantic_recall,semantic_f1,NLL,ECE15,train_f1,gap,tail_f1,zero_recall_classes,runtime_seconds,decision
A0_real_17,A0,17,real,combined_OOF,15370,False,False,none,none,0,0.07304964539007093,0.08120567375886524,0.07510638297872341,0.39123630598355225,0.38743420885674407,0.3820938156322803,0.42333333333333334,0.38843420885674407,0.39123630598355225,0.38843420885674407,0.3828255229493534,1.707814335823059,0.08728231141964593,0.8933693019027543,0.534417720267882,0.36658322353974526,,0.9750472000159789,evaluate prospective rule
A0_real_29,A0,29,real,combined_OOF,15370,False,False,none,none,0,0.07358156028368794,0.0797872340425532,0.07491725768321514,0.40207645953118093,0.4056140083745718,0.39883279456798715,0.41333333333333333,0.4066140083745718,0.40207645953118093,0.4066140083745718,0.3994125047129147,1.7472174167633057,0.12000165566802025,0.8831332141178084,0.4956983609101284,0.3958214327179844,,0.9062899999844376,evaluate prospective rule
A0_real_43,A0,43,real,combined_OOF,15370,False,False,none,none,0,0.07417257683215128,0.08120567375886525,0.07560283687943263,0.39470323643956157,0.4051079177769319,0.39829812300175116,0.41333333333333333,0.40627458444359854,0.39470323643956157,0.40627458444359854,0.3987526684562966,1.7416030168533325,0.08655598700046539,0.8882082157416283,0.5012764881661912,0.40042964509740553,,0.9334875000058673,evaluate prospective rule
A1_real_17,A1,17,real,combined_OOF,15530,True,False,none,none,0,0.07671394799054373,0.0851063829787234,0.07877068557919623,0.42266603954297455,0.40933961426214954,0.40873189799209664,0.44333333333333336,0.41050628092881614,0.42266603954297455,0.41050628092881614,0.4094718557087985,1.645189642906189,0.09869170983632404,0.902361272028629,0.5127220470568131,0.3994876954155099,,0.991383600019617,evaluate prospective rule
A1_real_29,A1,29,real,combined_OOF,15530,True,False,none,none,0,0.07423167848699763,0.08073286052009457,0.07560283687943263,0.4104245064414556,0.4097251617814998,0.40329634674153747,0.42,0.41072516178149987,0.4104245064414556,0.41072516178149987,0.403902407347598,1.6757400035858154,0.11066120455662411,0.8965365590290543,0.5089549317453136,0.40665454082046415,,0.9245757000171579,evaluate prospective rule
A1_real_43,A1,43,real,combined_OOF,15530,True,False,none,none,0,0.07872340425531915,0.08569739952718677,0.0799290780141844,0.41818647848253115,0.4243693059256439,0.419920470325786,0.43666666666666665,0.4257026392589772,0.41818647848253115,0.4257026392589772,0.42045919086450645,1.678267478942871,0.0903764374057452,0.9036908861390197,0.4858480715225478,0.4274058413593297,,0.9205910999735352,evaluate prospective rule
A2_placebo_17,A2,17,placebo,combined_OOF,15812,False,False,none,none,0,0.0726950354609929,0.08120567375886524,0.07486997635933808,0.39123630598355225,0.38743420885674407,0.3820938156322803,0.42333333333333334,0.38843420885674407,0.39123630598355225,0.38843420885674407,0.3828255229493534,1.7075520753860474,0.09605071013172467,0.8950496304925716,0.5360980488576992,0.36658322353974526,,0.996455899963621,evaluate prospective rule
A2_placebo_29,A2,29,placebo,combined_OOF,15812,False,False,none,none,0,0.0725177304964539,0.07907801418439717,0.07397163120567377,0.3973694630962433,0.4014473417079051,0.3941259053938323,0.41,0.4024473417079051,0.39736946309624327,0.4024473417079051,0.39470561553875977,1.7490582466125488,0.11914494067430495,0.8849297197918459,0.5042090674160139,0.3949442397355283,,1.064674900000682,evaluate prospective rule
A2_placebo_43,A2,43,placebo,combined_OOF,15812,False,False,none,none,0,0.07488179669030733,0.08191489361702128,0.07631205673758865,0.39645952464543044,0.4065163684811572,0.40007712414245444,0.4166666666666667,0.4076830351478239,0.3964595246454304,0.4076830351478239,0.40054850461383484,1.741178035736084,0.08747903009255725,0.8887827231319392,0.5000500248402487,0.4013724060401665,,1.0785598999937065,evaluate prospective rule
A2_real_17,A2,17,real,combined_OOF,15812,True,False,none,none,0,0.07304964539007093,0.08191489361702128,0.07534278959810876,0.39311002960841557,0.3888426595609695,0.38400715391739,0.4266666666666667,0.3898426595609694,0.3931100296084155,0.3898426595609694,0.38473886123446316,1.6838372945785522,0.08383311520020166,0.897988300302527,0.5377935050897382,0.3665726955970859,,0.9806084000156261,evaluate prospective rule
A2_real_29,A2,29,real,combined_OOF,15812,True,False,none,none,0,0.07635933806146572,0.0822695035460993,0.0774468085106383,0.4121116024779818,0.4167642431163558,0.4087915746406843,0.4266666666666667,0.4177642431163558,0.4121116024779818,0.4177642431163558,0.4093466162688063,1.7141133546829224,0.12226224298278492,0.8916564810310383,0.49555019674966205,0.4067450481230878,,1.0390258000115864,evaluate prospective rule
A2_real_43,A2,43,real,combined_OOF,15812,True,False,none,none,0,0.07653664302600471,0.08356973995271869,0.0777304964539007,0.40420160249947,0.4120359725923106,0.4069145529012639,0.4266666666666667,0.41320263925897727,0.40420160249947,0.41320263925897727,0.4074037213149606,1.7071071863174438,0.09217835719386737,0.8920989301999205,0.48985704628047877,0.4094581675663604,,0.9904496000090148,evaluate prospective rule
A2_shuffle_17,A2,17,shuffle,combined_OOF,15812,True,False,none,none,0,0.075177304964539,0.08404255319148936,0.07747044917257684,0.39966731144095263,0.3984147316330414,0.39182738207534956,0.43666666666666665,0.3994147316330415,0.39966731144095263,0.3994147316330415,0.39255908939242273,1.708181381225586,0.08864219228426616,0.8917845154702183,0.522564693173774,0.36696969696969695,,0.9926262999942992,evaluate prospective rule
A2_shuffle_29,A2,29,shuffle,combined_OOF,15812,True,False,none,none,0,0.07180851063829788,0.07836879432624114,0.07326241134751774,0.39796532406422375,0.40003889100367973,0.3937388742345225,0.4066666666666667,0.4010388910036797,0.3979653240642237,0.4010388910036797,0.39431858437945,1.7535979747772217,0.1264849768579006,0.8840607390530466,0.5022555909260521,0.38627632254750893,,1.0171810999745503,evaluate prospective rule
A2_shuffle_43,A2,43,shuffle,combined_OOF,15812,True,False,none,none,0,0.07417257683215128,0.08156028368794327,0.07583924349881796,0.3943699031062282,0.4051079177769319,0.3979439692190259,0.41333333333333333,0.40627458444359854,0.39436990310622816,0.40627458444359854,0.39839851467357135,1.7426643371582031,0.08718704928954442,0.8887215634473583,0.5015815816300533,0.40184378651154695,,0.953333899989957,evaluate prospective rule
A3_placebo_17,A3,17,placebo,combined_OOF,15540,False,False,none,A3,0,0.07411347517730496,0.08262411347517731,0.07628841607565012,0.3985541268467055,0.3941369115594468,0.3890138774921384,0.43,0.3953035782261134,0.39855412684670544,0.3953035782261134,0.3898268856222197,1.7085455656051636,0.0897621517876784,0.8968786051388836,0.5290040832214219,0.37529437688504497,,0.9893402999732643,evaluate prospective rule
A3_placebo_29,A3,29,placebo,combined_OOF,15540,False,False,none,A3,0,0.07358156028368794,0.0797872340425532,0.07491725768321514,0.39997286688970257,0.40285579241213043,0.39641774034945987,0.41333333333333333,0.4038557924121305,0.39997286688970257,0.4038557924121305,0.3969974504943874,1.7480688095092773,0.13503134032090502,0.8885207595764341,0.5040370161055783,0.3949442397355283,,0.9958720000286121,evaluate prospective rule
A3_placebo_43,A3,43,placebo,combined_OOF,15540,False,False,none,A3,0,0.07488179669030733,0.08191489361702128,0.07631205673758865,0.39624688506358197,0.4065163684811572,0.39991532259604995,0.4166666666666667,0.4076830351478239,0.39624688506358197,0.4076830351478239,0.40038670306743046,1.7420381307601929,0.08988614882032075,0.8897426132728636,0.5013887742171754,0.4013724060401665,,0.9393438000115566,evaluate prospective rule
A3_real_17,A3,17,real,combined_OOF,15540,True,False,none,A3,0,0.07576832151300236,0.0847517730496454,0.0780614657210402,0.40737923876828763,0.40533961426214943,0.3996161096967549,0.44,0.40633961426214943,0.40737923876828763,0.40633961426214943,0.40031297380825315,1.6716458797454834,0.08265134329597154,0.8992907699430323,0.5202869078668185,0.38195649878576704,,1.048069900018163,evaluate prospective rule
A3_real_29,A3,29,real,combined_OOF,15540,True,False,none,A3,0,0.07677304964539007,0.08250591016548464,0.07780141843971633,0.41468739411280325,0.4194669458190585,0.4116346723603437,0.43,0.4204669458190585,0.4146873941128032,0.4204669458190585,0.4121897139884657,1.7066242694854736,0.11383753508329393,0.8942339715700487,0.49646200706885746,0.408002909758308,,0.9517770999809727,evaluate prospective rule
A3_real_43,A3,43,real,combined_OOF,15540,True,False,none,A3,0,0.07795508274231679,0.08498817966903074,0.07914893617021278,0.411650515176831,0.42020263925897733,0.4145808127336106,0.43333333333333335,0.42153597259231057,0.411650515176831,0.42153597259231057,0.41511953327233114,1.705477237701416,0.09531258200605709,0.8966540087396132,0.4873114014354823,0.4158872381463743,,0.9358617999823764,evaluate prospective rule
A3_shuffle_17,A3,17,shuffle,combined_OOF,15540,True,False,none,A3,0,0.07375886524822695,0.08156028368794327,0.07557919621749411,0.39391654250525215,0.38867599289430277,0.38496984258765865,0.4266666666666667,0.3898426595609694,0.3939165425052521,0.3898426595609694,0.38574503638610824,1.7095218896865845,0.08360072587927182,0.8952190804852226,0.5343777044328705,0.3732498902064119,,0.9867257000296377,evaluate prospective rule
A3_shuffle_29,A3,29,shuffle,combined_OOF,15540,True,False,none,A3,0,0.07287234042553191,0.07907801418439717,0.07420803782505911,0.401652152021213,0.4042055576703464,0.39751593051157874,0.41,0.4052055576703464,0.401652152021213,0.4052055576703464,0.3980956406565063,1.7553644180297852,0.12918005178372063,0.8829406208572781,0.4982447700377232,0.39263995891114534,,0.9678487000055611,evaluate prospective rule
A3_shuffle_43,A3,43,shuffle,combined_OOF,15540,True,False,none,A3,0,0.07488179669030733,0.08191489361702128,0.07631205673758865,0.39817789009236376,0.4065163684811572,0.4006237893386658,0.4166666666666667,0.4076830351478239,0.3981778900923637,0.4076830351478239,0.40106238582989384,1.7406034469604492,0.08944637139638265,0.8869620917327721,0.49723150867272087,0.40264614051267233,,0.9394533999729902,evaluate prospective rule
A4_placebo_17,A4,17,placebo,combined_OOF,15533,False,False,none,A4,0,0.07411347517730496,0.08262411347517731,0.07628841607565012,0.3985541268467055,0.3941369115594468,0.3890138774921384,0.43,0.3953035782261134,0.39855412684670544,0.3953035782261134,0.3898268856222197,1.7085574865341187,0.08980382313330967,0.8968786051388836,0.5290040832214219,0.37529437688504497,,1.016281300020637,evaluate prospective rule
A4_placebo_29,A4,29,placebo,combined_OOF,15533,False,False,none,A4,0,0.07358156028368794,0.0797872340425532,0.07491725768321514,0.39997286688970257,0.40285579241213043,0.39641774034945987,0.41333333333333333,0.4038557924121305,0.39997286688970257,0.4038557924121305,0.3969974504943874,1.748081088066101,0.1350578421354294,0.8885207595764341,0.5040370161055783,0.3949442397355283,,1.071909200050868,evaluate prospective rule
A4_placebo_43,A4,43,placebo,combined_OOF,15533,False,False,none,A4,0,0.07488179669030733,0.08191489361702128,0.07631205673758865,0.39624688506358197,0.4065163684811572,0.39991532259604995,0.4166666666666667,0.4076830351478239,0.39624688506358197,0.4076830351478239,0.40038670306743046,1.742039442062378,0.08991048360864319,0.8897426132728636,0.5013887742171754,0.4013724060401665,,0.9870208000065759,evaluate prospective rule
A4_real_17,A4,17,real,combined_OOF,15533,True,False,none,A4,0,0.07576832151300236,0.0847517730496454,0.0780614657210402,0.40737923876828763,0.40533961426214943,0.3996161096967549,0.44,0.40633961426214943,0.40737923876828763,0.40633961426214943,0.40031297380825315,1.6708627939224243,0.08267469853162765,0.8992907699430323,0.5202869078668185,0.38195649878576704,,0.9745044000155758,evaluate prospective rule
A4_real_29,A4,29,real,combined_OOF,15533,True,False,none,A4,0,0.07677304964539007,0.08250591016548464,0.07780141843971633,0.41468739411280325,0.4194669458190585,0.4116346723603437,0.43,0.4204669458190585,0.4146873941128032,0.4204669458190585,0.4121897139884657,1.7057801485061646,0.11387716059883435,0.8942339715700487,0.49646200706885746,0.408002909758308,,0.978402599983383,evaluate prospective rule
A4_real_43,A4,43,real,combined_OOF,15533,True,False,none,A4,0,0.07795508274231679,0.08498817966903074,0.07914893617021278,0.411650515176831,0.42020263925897733,0.4145808127336106,0.43333333333333335,0.42153597259231057,0.411650515176831,0.42153597259231057,0.41511953327233114,1.70472252368927,0.09220292583107949,0.8984444631616465,0.4891018558575157,0.4158872381463743,,0.9820727999904193,evaluate prospective rule
A4_shuffle_17,A4,17,shuffle,combined_OOF,15533,True,False,none,A4,0,0.07375886524822695,0.08156028368794327,0.07557919621749411,0.39391654250525215,0.38867599289430277,0.38496984258765865,0.4266666666666667,0.3898426595609694,0.3939165425052521,0.3898426595609694,0.38574503638610824,1.7095609903335571,0.08358686705430349,0.8952190804852226,0.5343777044328705,0.3732498902064119,,1.0937517000129446,evaluate prospective rule
A4_shuffle_29,A4,29,shuffle,combined_OOF,15533,True,False,none,A4,0,0.07287234042553191,0.07907801418439717,0.07420803782505911,0.4018226065666675,0.4042055576703464,0.39752162656990636,0.41,0.4052055576703464,0.4018226065666676,0.4052055576703464,0.39810133671483394,1.7555936574935913,0.1292078271508217,0.8829406208572781,0.4983434368030566,0.3917627659286892,,0.988762199995108,evaluate prospective rule
A4_shuffle_43,A4,43,shuffle,combined_OOF,15533,True,False,none,A4,0,0.07488179669030733,0.08191489361702128,0.07631205673758865,0.39817789009236376,0.4065163684811572,0.4006237893386658,0.4166666666666667,0.4076830351478239,0.3981778900923637,0.4076830351478239,0.40106238582989384,1.7406225204467773,0.0894345024228096,0.8869620917327721,0.49723150867272087,0.40264614051267233,,0.9864406999549828,evaluate prospective rule
A5_placebo_17,A5,17,placebo,combined_OOF,27866,False,False,none,none,8,0.07529550827423168,0.0826241134751773,0.07711583924349882,0.40374182047556656,0.4025782261134374,0.3967623524255513,0.43,0.4035782261134374,0.40374182047556656,0.4035782261134374,0.3974592165370495,1.7271604537963867,0.10200836256146432,0.9119774248122257,0.5333439764481759,0.38020121204884016,,1.0686150999972597,evaluate prospective rule
A5_placebo_29,A5,29,placebo,combined_OOF,27866,False,False,none,none,8,0.07003546099290779,0.07695035460992908,0.07186761229314421,0.3852624445864011,0.37892786448420257,0.3769721965301201,0.39666666666666667,0.38009453115086916,0.385262444586401,0.38009453115086916,0.3775212161379632,1.8049604892730713,0.12179421842098234,0.8970517095973322,0.5317970188567784,0.3443249980154005,,0.9794779999938328,evaluate prospective rule
A5_placebo_43,A5,43,placebo,combined_OOF,27866,False,False,none,none,8,0.06572104018912531,0.07446808510638298,0.06808510638297872,0.36512586768845356,0.36924159370638243,0.3652251757436328,0.38333333333333336,0.370408260373049,0.36512586768845356,0.370408260373049,0.36567972119817815,1.7952364683151245,0.12772883554299674,0.8957768232438451,0.5507334113664376,0.35475206181961844,,0.9854287999623921,evaluate prospective rule
A5_real_17,A5,17,real,combined_OOF,27866,True,False,none,none,8,0.08498817966903072,0.09066193853427897,0.08602836879432625,0.4421328877147291,0.44142811825910416,0.43428442389334776,0.4666666666666667,0.44226145159243746,0.44213288771472914,0.44226145159243746,0.4348381337493832,1.5907955169677734,0.10177652190128962,0.9117432456275069,0.4907534254026109,0.41082447844611647,,0.9828464000311214,evaluate prospective rule
A5_real_29,A5,29,real,combined_OOF,27866,True,False,none,none,8,0.07884160756501182,0.08569739952718676,0.08035460992907803,0.4256561865543559,0.4296080446643827,0.4216664411139238,0.44333333333333336,0.43110804466438274,0.4256561865543559,0.43110804466438274,0.42243174723637267,1.5952727794647217,0.11124763270219168,0.90228065037714,0.4989163173458966,0.42123257010663434,,0.9796716999844648,evaluate prospective rule
A5_real_43,A5,43,real,combined_OOF,27866,True,False,none,none,8,0.08486997635933806,0.08995271867612294,0.08591016548463357,0.44981835902888534,0.44205265829209495,0.44111467563695095,0.4666666666666667,0.44338599162542824,0.44981835902888534,0.44338599162542824,0.44171799388732796,1.612762451171875,0.1022884581486384,0.9144797138652573,0.48180798519017914,0.41857180667030186,,1.021987199987052,evaluate prospective rule
A5_shuffle_17,A5,17,shuffle,combined_OOF,27866,True,False,none,none,8,0.07393617021276595,0.0806146572104019,0.07529550827423168,0.3796232707276421,0.38191777693186146,0.37488727333156396,0.42333333333333334,0.3829177769318614,0.3796232707276421,0.3829177769318614,0.3755215228030228,1.7544760704040527,0.1344644061724345,0.917991199506238,0.5648961777261373,0.3424457769494639,,0.9849334999744315,evaluate prospective rule
A5_shuffle_29,A5,29,shuffle,combined_OOF,27866,True,False,none,none,8,0.06962174940898345,0.07647754137115838,0.07099290780141844,0.3761918673002264,0.37514699911178784,0.3709523985049601,0.39,0.3758136657784545,0.37619186730022636,0.3758136657784545,0.3712925345593819,1.8373173475265503,0.15093499074379602,0.898261495751869,0.5422142589888722,0.3345537167991057,,0.9932792999607045,evaluate prospective rule
A5_shuffle_43,A5,43,shuffle,combined_OOF,27866,True,False,none,none,8,0.07204491725768322,0.08037825059101655,0.07390070921985817,0.3936780944837953,0.4049937190711838,0.3960164201960744,0.41,0.4061603857378505,0.39367809448379537,0.4061603857378505,0.3964255376712352,1.7731887102127075,0.12548818041880924,0.9043128209719488,0.5144089318419455,0.39490834070144415,,0.9923516999988351,evaluate prospective rule
A6_placebo_17,A6,17,placebo,combined_OOF,50026,False,False,none,none,32,0.07570921985815601,0.08439716312056737,0.0779905437352246,0.41847445457971777,0.4093457048597894,0.4065563504896164,0.44333333333333336,0.41084570485978933,0.41847445457971777,0.41084570485978933,0.4075077246968045,1.707041621208191,0.05672234336535137,0.8728400003764013,0.4904735681643498,0.4217150560932158,,0.9677704999630805,evaluate prospective rule
A6_placebo_29,A6,29,placebo,combined_OOF,50026,False,False,none,none,32,0.07239952718676122,0.0814420803782506,0.07501182033096927,0.4012311556094521,0.42238561096307575,0.4018894180873758,0.42,0.4230522776297424,0.4012311556094522,0.4230522776297424,0.4023122510683483,1.7253777980804443,0.06143865168094635,0.8361766112154951,0.45308085194884323,0.38748221781588815,,0.9672384999867063,evaluate prospective rule
A6_placebo_43,A6,43,placebo,combined_OOF,50026,False,False,none,none,32,0.06784869976359338,0.07494089834515366,0.06964539007092199,0.37065842448030384,0.37875498033244515,0.370649008987871,0.38666666666666666,0.3799216469991118,0.37065842448030384,0.3799216469991118,0.37115699157132526,1.796600341796875,0.09037802780667942,0.8683499244135442,0.5149736824547335,0.3613595706618963,,0.9671375000034459,evaluate prospective rule
A6_real_17,A6,17,real,combined_OOF,50026,True,False,none,none,32,0.07854609929078013,0.0879432624113475,0.08106382978723405,0.437384517443341,0.4287150742291588,0.42473249009723923,0.46,0.4302150742291587,0.437384517443341,0.4302150742291587,0.42564158100633015,1.6581567525863647,0.05425123607118924,0.8793496342944701,0.4772216344676526,0.43854436418154563,,0.9740254000062123,evaluate prospective rule
A6_real_29,A6,29,real,combined_OOF,50026,True,False,none,none,32,0.07647754137115839,0.08593380614657212,0.07936170212765958,0.4204787621938785,0.4416439538129679,0.4220933935567383,0.44333333333333336,0.4423106204796346,0.4204787621938785,0.4423106204796346,0.42253636144156664,1.6867938041687012,0.05864676276842753,0.8462270808418678,0.44179707120660067,0.41743492760754286,,1.0616694999625906,evaluate prospective rule
A6_real_43,A6,43,real,combined_OOF,50026,True,False,none,none,32,0.07316784869976359,0.08085106382978724,0.07517730496453902,0.41316368072563414,0.41749371907118393,0.4093648006157383,0.42,0.41866038573785047,0.41316368072563414,0.41866038573785047,0.4098361810871188,1.7404388189315796,0.05302181174357733,0.8654772481658539,0.4806376701128132,0.40250925646274477,,1.0922956999856979,evaluate prospective rule
A6_shuffle_17,A6,17,shuffle,combined_OOF,50026,True,False,none,none,32,0.0741725768321513,0.083096926713948,0.07645390070921985,0.40054398587760176,0.40399276741530266,0.39373135291272315,0.43333333333333335,0.405326100748636,0.40054398587760176,0.405326100748636,0.3944116250215667,1.7227052450180054,0.04828865513205528,0.8636772324095844,0.49877964001315783,0.40073199483815103,,0.9730190999689512,evaluate prospective rule
A6_shuffle_29,A6,29,shuffle,combined_OOF,50026,True,False,none,none,32,0.07594562647754137,0.0847517730496454,0.07848699763593382,0.41554984578552767,0.43758831366577844,0.4144707092228696,0.43333333333333335,0.43825498033244514,0.41554984578552767,0.43825498033244514,0.4149585141009184,1.7235291004180908,0.06278457244237265,0.8368708330982152,0.4400130008705243,0.39824286277380483,,0.9768507999833673,evaluate prospective rule
A6_shuffle_43,A6,43,shuffle,combined_OOF,50026,True,False,none,none,32,0.06914893617021275,0.07695035460992908,0.07137115839243499,0.3915011956518436,0.3910328004060398,0.387833809188728,0.4,0.39236613373937324,0.3915011956518436,0.39236613373937324,0.3883532897082086,1.7935785055160522,0.07559964443246522,0.8657728683581777,0.4882444688211296,0.37637703107272624,,0.974759799981257,evaluate prospective rule
B0_real_17,B0,17,real,combined_OOF,210,False,True,upstream-contaminated row-wise OOF,none,0,0.0276595744680851,0.03333333333333333,0.029314420803782503,0.18042023091921772,0.18629437888592817,0.1466299154078829,0.16,0.18862771221926153,0.18042023091921777,0.18862771221926153,0.14688148773492687,2.242840528488159,0.05413084541757902,0.1672028858249901,0.02027384453064614,0.1361541889483066,,0.8806805000349414,ineligible contamination
B0_real_29,B0,29,real,combined_OOF,210,False,True,upstream-contaminated row-wise OOF,none,0,0.029078014184397167,0.030732860520094562,0.029078014184397167,0.1540838190221492,0.16387571374191093,0.13257921553042523,0.15333333333333332,0.16520904707524425,0.1540838190221492,0.16520904707524425,0.13277896584253507,2.2913670539855957,0.04594758475820223,0.13129092795282557,0.0008759010894656,0.0776412388495645,"histiocyte,melanophage",0.8072294000012334,ineligible contamination
B0_real_43,B0,43,real,combined_OOF,210,False,True,upstream-contaminated row-wise OOF,none,0,0.028132387706855787,0.030378250591016544,0.02825059101654846,0.16894907888485985,0.16459618068773,0.14673263320007368,0.15666666666666668,0.16542951402106332,0.16894907888485985,0.16542951402106332,0.14693384044353447,2.293254852294922,0.03581815054019293,0.15557043478947674,0.02030890316295424,0.11628671449922692,,0.798332099977415,ineligible contamination
B1_real_17,B1,17,real,combined_OOF,15450,False,True,upstream-contaminated row-wise OOF,none,0,0.07494089834515366,0.08439716312056737,0.07756501182033097,0.41137509439873554,0.4038786955970054,0.39977409590307367,0.44,0.4050453622636721,0.41137509439873554,0.4050453622636721,0.4006715318005095,1.679048776626587,0.09103342225154241,0.9032802515560099,0.5245358056320614,0.3794139194139194,,0.9469461999833584,ineligible contamination
B1_real_29,B1,29,real,combined_OOF,15450,False,True,upstream-contaminated row-wise OOF,none,0,0.07529550827423168,0.08120567375886525,0.07650118203309693,0.40940285889526884,0.4139473417079051,0.4058759570232363,0.42,0.4149473417079051,0.40940285889526873,0.4149473417079051,0.40643099865135834,1.7126139402389526,0.12007385472456615,0.894955739396039,0.501853554413982,0.39809983896940415,,0.9453347999951802,ineligible contamination
B1_real_43,B1,43,real,combined_OOF,15450,False,True,upstream-contaminated row-wise OOF,none,0,0.0763593380614657,0.08286052009456266,0.0774468085106383,0.4057684356377641,0.41079723385357186,0.40649731259089217,0.42333333333333334,0.41196390052023857,0.4057684356377641,0.41196390052023857,0.4069686930622726,1.7115826606750488,0.08794879347085954,0.9038251243896921,0.5086304897540724,0.4101118735157311,,0.9381063999899197,ineligible contamination
B2_real_17,B2,17,real,combined_OOF,15430,False,True,upstream-contaminated row-wise OOF,none,0,0.07671394799054373,0.0851063829787234,0.07877068557919623,0.42410086721863005,0.40933961426214954,0.4093465484367834,0.44333333333333336,0.41050628092881614,0.42410086721862994,0.41050628092881614,0.41015955656686487,1.6646872758865356,0.08598535339037579,0.8970300510268833,0.5095161809585441,0.4061857248442614,,0.9365119000140112,ineligible contamination
B2_real_29,B2,29,real,combined_OOF,15430,False,True,upstream-contaminated row-wise OOF,none,0,0.07677304964539007,0.08250591016548464,0.0778014184397163,0.41476877776219884,0.4194669458190584,0.41148886748541835,0.43,0.4204669458190585,0.41476877776219884,0.4204669458190585,0.41204390911354044,1.6977144479751587,0.10134407162666322,0.8902046889529082,0.4917966387043236,0.4016168429948827,,1.0738051000225823,ineligible contamination
B2_real_43,B2,43,real,combined_OOF,15430,False,True,upstream-contaminated row-wise OOF,none,0,0.07872340425531915,0.08569739952718677,0.07992907801418439,0.41328795954145814,0.42290534196168006,0.4165207649493364,0.43666666666666665,0.4242386752950133,0.41328795954145814,0.4242386752950133,0.41705948548805694,1.6951557397842407,0.10218990763028464,0.8988970449494712,0.4906434531394863,0.4143874643874644,,1.0261390999949072,ineligible contamination
B3_placebo_17,B3,17,placebo,combined_OOF,15570,False,False,none; appearance-derived capacity control,none,0,0.0726950354609929,0.08085106382978723,0.07463356973995275,0.38876323972726906,0.38889817282070804,0.3825515071450539,0.42333333333333334,0.389898172820708,0.3887632397272691,0.389898172820708,0.3832483712565522,1.7094050645828247,0.09337526986996332,0.8995208966007328,0.5419212463195033,0.3635302689583956,,1.0285942000336945,ineligible contamination
B3_placebo_29,B3,29,placebo,combined_OOF,15570,False,False,none; appearance-derived capacity control,none,0,0.07287234042553191,0.07884160756501182,0.0740661938534279,0.39411994107988024,0.39728067504123843,0.39127696120858957,0.4066666666666667,0.39828067504123843,0.39411994107988024,0.39828067504123843,0.3917871652902222,1.7485111951828003,0.1211257153749466,0.8900793567517548,0.5112059093768897,0.38762444452099626,,0.9666544999927282,ineligible contamination
B3_placebo_43,B3,43,placebo,combined_OOF,15570,False,False,none; appearance-derived capacity control,none,0,0.07334515366430261,0.08120567375886525,0.07524822695035462,0.3937245649378517,0.4025163684811572,0.39646194571836363,0.41333333333333333,0.4035163684811572,0.3937245649378517,0.4035163684811572,0.3968812329301036,1.7448309659957886,0.09143196910619737,0.8910474066032301,0.5078023364740699,0.39947293083383,,0.9472608000214677,ineligible contamination
B3_real_17,B3,17,real,combined_OOF,15570,False,True,upstream-contaminated row-wise OOF,none,0,0.07671394799054373,0.08546099290780142,0.07900709219858157,0.42652246751271167,0.4122120289303388,0.412696758599136,0.44666666666666666,0.41337869559700546,0.42652246751271167,0.41337869559700546,0.41350976672921724,1.6141407489776611,0.0795272177954515,0.9141529866675686,0.5215751280717319,0.40707224966695643,,0.9556549999979325,ineligible contamination
B3_real_29,B3,29,real,combined_OOF,15570,False,True,upstream-contaminated row-wise OOF,none,0,0.08026004728132388,0.08605200945626479,0.08127659574468085,0.43453752190089856,0.43478384722750923,0.4281945495961482,0.44666666666666666,0.4357838472275092,0.43453752190089856,0.4357838472275092,0.4287742597410757,1.63828706741333,0.08477508862813313,0.9064921685361282,0.49245526224431985,0.4065704357123764,,0.9529565999982879,ineligible contamination
B3_real_43,B3,43,real,combined_OOF,15570,False,True,upstream-contaminated row-wise OOF,none,0,0.08156028368794324,0.08817966903073285,0.08276595744680852,0.42915192387942813,0.43681379266590536,0.431262793220424,0.45,0.4381471259992386,0.429151923879428,0.4381471259992386,0.43178227373990447,1.642520785331726,0.06794238477945327,0.912176669076899,0.48294524534528765,0.43064852460201297,,0.9492222999979276,ineligible contamination
B3_shuffle_17,B3,17,shuffle,combined_OOF,15570,False,True,upstream-contaminated row-wise OOF,none,0,0.07529550827423168,0.08333333333333331,0.07735224586288417,0.40597922885258997,0.3957120289303388,0.3933615975849728,0.43333333333333335,0.3967120289303388,0.40597922885258997,0.3967120289303388,0.39413082835420366,1.7150464057922363,0.10979082599282265,0.9035857167473432,0.536072755203847,0.37369977478685457,,0.9518573000095785,ineligible contamination
B3_shuffle_29,B3,29,shuffle,combined_OOF,15570,False,True,upstream-contaminated row-wise OOF,none,0,0.07216312056737588,0.07943262411347518,0.07397163120567377,0.40098373486172234,0.4054998096688237,0.3985523110138759,0.41,0.4064998096688237,0.40098373486172234,0.4064998096688237,0.39908422590749293,1.7503409385681152,0.11992720762888591,0.8886024841487711,0.5037184443266507,0.38286816848812444,,0.9453044999681879,ineligible contamination
B3_shuffle_43,B3,43,shuffle,combined_OOF,15570,False,True,upstream-contaminated row-wise OOF,none,0,0.0736997635933806,0.08108747044917258,0.07513002364066194,0.3934948703914221,0.4051079177769319,0.39775151324296976,0.41333333333333333,0.40627458444359854,0.3934948703914221,0.40627458444359854,0.3982406816566665,1.742479681968689,0.09531415497263274,0.8932737586453818,0.5035607311376215,0.406544252393309,,0.9475634000264108,ineligible contamination
B4_placebo_17,B4,17,placebo,combined_OOF,15730,True,False,none; appearance-derived capacity control,none,0,0.074822695035461,0.08297872340425531,0.07676122931442082,0.40387914557250937,0.3996008755234107,0.3960666708032979,0.43333333333333335,0.4009342088567441,0.40387914557250937,0.4009342088567441,0.39687475161137864,1.6478970050811768,0.09362738658984505,0.9091632229240335,0.5301630187682072,0.3914530656942232,,1.0399417999724392,ineligible contamination
B4_placebo_29,B4,29,placebo,combined_OOF,15730,True,False,none; appearance-derived capacity control,none,0,0.07535460992907801,0.08108747044917258,0.07638297872340427,0.4121059891380539,0.4083753965232838,0.40508624090048234,0.42333333333333334,0.4093753965232839,0.4121059891380539,0.4093753965232839,0.4056181557940993,1.6779651641845703,0.11236835772792497,0.8995566962232738,0.5082363891157237,0.4037532456345446,,0.9702957999834325,ineligible contamination
B4_placebo_43,B4,43,placebo,combined_OOF,15730,True,False,none; appearance-derived capacity control,none,0,0.07907801418439717,0.08628841607565012,0.08044917257683216,0.42351802661751314,0.42848045933257206,0.42422963542222875,0.44333333333333336,0.4298137926659053,0.42351802661751314,0.4298137926659053,0.42476835596094925,1.682264804840088,0.08592654173572857,0.9018260334913473,0.480131125535778,0.42980189491817394,,1.0283096999919508,ineligible contamination
B4_real_17,B4,17,real,combined_OOF,15730,True,True,upstream-contaminated row-wise OOF,none,0,0.07907801418439717,0.08723404255319148,0.08101654846335697,0.426311421863988,0.4203756502981856,0.4184900451329495,0.4533333333333333,0.4215423169648522,0.4263114218639881,0.4215423169648522,0.41926523893139916,1.5748097896575928,0.08672006458044051,0.925647902555145,0.5233762800266238,0.41003445305770886,,0.9581272000214085,ineligible contamination
B4_real_29,B4,29,real,combined_OOF,15730,True,True,upstream-contaminated row-wise OOF,none,0,0.07872340425531914,0.08640661938534279,0.08044917257683215,0.4345144122164995,0.43185896459840123,0.42745027934230234,0.44666666666666666,0.433025631265068,0.4345144122164995,0.433025631265068,0.4281266078447178,1.5908455848693848,0.092599778175354,0.9160079339140642,0.49902773225333136,0.4117075534375359,,0.9677933999919333,ineligible contamination
B4_real_43,B4,43,real,combined_OOF,15730,True,True,upstream-contaminated row-wise OOF,none,0,0.08309692671394799,0.08983451536643026,0.08434988179669031,0.4361599358903005,0.4421636848115722,0.4372979078172414,0.46,0.4434970181449055,0.4361599358903005,0.4434970181449055,0.43781738833672196,1.601263165473938,0.09125702942411106,0.9195965198749719,0.4856233930524327,0.42787878787878786,,0.9603570000035688,ineligible contamination
B4_shuffle_17,B4,17,shuffle,combined_OOF,15730,True,True,upstream-contaminated row-wise OOF,none,0,0.0760047281323877,0.08439716312056737,0.0780614657210402,0.41475577654551615,0.4068035782261134,0.40413233440200924,0.44,0.4078035782261134,0.41475577654551615,0.4078035782261134,0.40490156517124004,1.6517906188964844,0.11282772451639177,0.9112584467581634,0.5294547006612195,0.38692664749072464,,0.9512347999843769,ineligible contamination
B4_shuffle_29,B4,29,shuffle,combined_OOF,15730,True,True,upstream-contaminated row-wise OOF,none,0,0.07429078014184397,0.08120567375886525,0.07586288416075651,0.41230238774471273,0.4069669458190585,0.4036766984160042,0.42,0.4079669458190585,0.41230238774471273,0.4079669458190585,0.4042317400441263,1.6783287525177002,0.10202824875712396,0.9098399761118324,0.5223652632578722,0.39466469148459765,,0.9548917000065558,ineligible contamination
B4_shuffle_43,B4,43,shuffle,combined_OOF,15730,True,True,upstream-contaminated row-wise OOF,none,0,0.07724586288416076,0.08463356973995272,0.07867612293144209,0.4075265475265475,0.4163693059256439,0.4106215597769912,0.43,0.417369305925644,0.4075265475265475,0.417369305925644,0.41107404846477413,1.680029034614563,0.08405268291632335,0.9112450727287675,0.5043859307817377,0.41937153043035397,,0.9456886999832932,ineligible contamination
