model,seed,class,support,positive_ROIs,semantic_P,semantic_R,semantic_F1,one_vs_rest_accuracy,global_accuracy,ROI_P,ROI_R,ROI_F1,pooled_P,pooled_R,pooled_F1,TP,FP,FN,dominant_FN,dominant_FP
A1,17,tumor,39,26,0.5882352941176471,0.7692307692307693,0.6666666666666666,0.8,0.5933333333333334,0.42041666666666666,0.4958333333333333,0.44023809523809526,0.5882352941176471,0.7692307692307693,0.6666666666666667,30,21,9,apoptosis,apoptosis
A1,17,lymphocyte,15,13,0.46153846153846156,0.4,0.42857142857142855,0.8933333333333333,0.5933333333333334,0.125,0.1375,0.125,0.46153846153846156,0.4,0.42857142857142855,6,7,9,tumor,tumor
A1,17,plasma_cell,12,12,0.5833333333333334,0.5833333333333334,0.5833333333333334,0.9333333333333333,0.5933333333333334,0.1625,0.175,0.16666666666666666,0.5833333333333334,0.5833333333333334,0.5833333333333334,7,5,5,melanophage,lymphocyte
A1,17,histiocyte,12,9,0.5,0.16666666666666666,0.25,0.92,0.5933333333333334,0.0375,0.025,0.029166666666666664,0.5,0.16666666666666666,0.25,2,2,10,tumor,lymphocyte
A1,17,melanophage,12,10,0.45,0.75,0.5625,0.9066666666666666,0.5933333333333334,0.14583333333333331,0.175,0.15416666666666665,0.45,0.75,0.5625000000000001,9,11,3,tumor,plasma_cell
A1,17,neutrophil,12,4,0.8461538461538461,0.9166666666666666,0.88,0.98,0.5933333333333334,0.0725,0.0725,0.0725,0.8461538461538461,0.8461538461538461,0.8461538461538461,11,2,2,tumor,stroma
A1,17,stroma,12,12,0.7,0.5833333333333334,0.6363636363636364,0.9466666666666667,0.5933333333333334,0.1625,0.175,0.16666666666666666,0.7,0.5833333333333334,0.6363636363636365,7,3,5,tumor,tumor
A1,17,epithelium,12,5,0.75,0.75,0.75,0.96,0.5933333333333334,0.05,0.05,0.05,0.75,0.75,0.75,9,3,3,tumor,tumor
A1,17,endothelium,12,12,0.6,0.5,0.5454545454545454,0.9333333333333333,0.5933333333333334,0.1375,0.15,0.14166666666666666,0.6,0.5,0.5454545454545454,6,4,6,melanophage,lymphocyte
A1,17,apoptosis,12,12,0.4,0.16666666666666666,0.23529411764705882,0.9133333333333333,0.5933333333333334,0.05,0.05,0.05,0.4,0.16666666666666666,0.23529411764705882,2,3,10,tumor,tumor
A5,17,tumor,39,26,0.6458333333333334,0.7948717948717948,0.7126436781609196,0.8333333333333334,0.6066666666666667,0.4416666666666666,0.5208333333333333,0.46595238095238106,0.6458333333333334,0.7948717948717948,0.7126436781609194,31,17,8,apoptosis,apoptosis
A5,17,lymphocyte,15,13,0.46153846153846156,0.4,0.42857142857142855,0.8933333333333333,0.6066666666666667,0.1375,0.1375,0.1375,0.46153846153846156,0.4,0.42857142857142855,6,7,9,plasma_cell,stroma
A5,17,plasma_cell,12,12,0.4375,0.5833333333333334,0.5,0.9066666666666666,0.6066666666666667,0.1375,0.175,0.15,0.4375,0.5833333333333334,0.5,7,9,5,melanophage,lymphocyte
A5,17,histiocyte,12,9,0.5,0.16666666666666666,0.25,0.92,0.6066666666666667,0.05,0.025,0.03333333333333333,0.5,0.16666666666666666,0.25,2,2,10,tumor,tumor
A5,17,melanophage,12,10,0.45,0.75,0.5625,0.9066666666666666,0.6066666666666667,0.14583333333333331,0.175,0.15416666666666665,0.45,0.75,0.5625000000000001,9,11,3,tumor,plasma_cell
A5,17,neutrophil,12,4,0.7857142857142857,0.9166666666666666,0.8461538461538461,0.9733333333333334,0.6066666666666667,0.0725,0.0725,0.0725,0.7857142857142857,0.8461538461538461,0.8148148148148148,11,3,2,tumor,stroma
A5,17,stroma,12,12,0.8333333333333334,0.4166666666666667,0.5555555555555556,0.9466666666666667,0.6066666666666667,0.125,0.125,0.125,0.8333333333333334,0.4166666666666667,0.5555555555555556,5,1,7,lymphocyte,plasma_cell
A5,17,epithelium,12,5,0.7692307692307693,0.8333333333333334,0.8,0.9666666666666667,0.6066666666666667,0.075,0.075,0.075,0.7692307692307693,0.8333333333333334,0.8,10,3,2,plasma_cell,tumor
A5,17,endothelium,12,12,0.75,0.5,0.6,0.9466666666666667,0.6066666666666667,0.1375,0.15,0.14166666666666666,0.75,0.5,0.6,6,2,6,melanophage,histiocyte
A5,17,apoptosis,12,12,0.5,0.3333333333333333,0.4,0.92,0.6066666666666667,0.1,0.1,0.1,0.5,0.3333333333333333,0.4,4,4,8,tumor,tumor
A1,29,tumor,39,26,0.6046511627906976,0.6666666666666666,0.6341463414634146,0.8,0.56,0.35625,0.41875,0.37708333333333327,0.6046511627906976,0.6666666666666666,0.6341463414634145,26,17,13,stroma,apoptosis
A1,29,lymphocyte,15,13,0.4166666666666667,0.3333333333333333,0.37037037037037035,0.8866666666666667,0.56,0.075,0.1125,0.0875,0.4166666666666667,0.3333333333333333,0.3703703703703704,5,7,10,tumor,histiocyte
A1,29,plasma_cell,12,12,0.5,0.5,0.5,0.92,0.56,0.125,0.15,0.13333333333333333,0.5,0.5,0.5,6,6,6,melanophage,lymphocyte
A1,29,histiocyte,12,9,0.0,0.0,0.0,0.9133333333333333,0.56,0.0,0.0,0.0,0.0,0.0,0.0,0,1,12,tumor,endothelium
A1,29,melanophage,12,10,0.391304347826087,0.75,0.5142857142857142,0.8866666666666667,0.56,0.12916666666666668,0.175,0.14166666666666666,0.391304347826087,0.75,0.5142857142857143,9,14,3,stroma,lymphocyte
A1,29,neutrophil,12,4,0.7058823529411765,1.0,0.8275862068965517,0.9666666666666667,0.56,0.08295454545454546,0.0975,0.08809523809523809,0.7058823529411765,0.9230769230769231,0.8000000000000002,12,5,1,none,apoptosis
A1,29,stroma,12,12,0.4444444444444444,0.6666666666666666,0.5333333333333333,0.9066666666666666,0.56,0.14583333333333334,0.2,0.1625,0.4444444444444444,0.6666666666666666,0.5333333333333333,8,10,4,tumor,tumor
A1,29,epithelium,12,5,0.7692307692307693,0.8333333333333334,0.8,0.9666666666666667,0.56,0.075,0.075,0.075,0.7692307692307693,0.8333333333333334,0.8,10,3,2,stroma,tumor
A1,29,endothelium,12,12,0.8571428571428571,0.5,0.631578947368421,0.9533333333333334,0.56,0.15,0.15,0.15,0.8571428571428571,0.5,0.631578947368421,6,1,6,melanophage,stroma
A1,29,apoptosis,12,12,0.5,0.16666666666666666,0.25,0.92,0.56,0.05,0.05,0.05,0.5,0.16666666666666666,0.25,2,2,10,tumor,tumor
A5,29,tumor,39,26,0.6666666666666666,0.717948717948718,0.691358024691358,0.8333333333333334,0.6066666666666667,0.37916666666666665,0.45,0.39999999999999997,0.6666666666666666,0.717948717948718,0.691358024691358,28,14,11,stroma,lymphocyte
A5,29,lymphocyte,15,13,0.5,0.4,0.4444444444444444,0.9,0.6066666666666667,0.15,0.125,0.13333333333333333,0.5,0.4,0.4444444444444445,6,6,9,tumor,stroma
A5,29,plasma_cell,12,12,0.6363636363636364,0.5833333333333334,0.6086956521739131,0.94,0.6066666666666667,0.1625,0.175,0.16666666666666666,0.6363636363636364,0.5833333333333334,0.6086956521739131,7,4,5,melanophage,tumor
A5,29,histiocyte,12,9,0.6666666666666666,0.16666666666666666,0.26666666666666666,0.9266666666666666,0.6066666666666667,0.05,0.025,0.03333333333333333,0.6666666666666666,0.16666666666666666,0.26666666666666666,2,1,10,melanophage,endothelium
A5,29,melanophage,12,10,0.4090909090909091,0.75,0.5294117647058824,0.8933333333333333,0.6066666666666667,0.135,0.175,0.1467857142857143,0.4090909090909091,0.75,0.5294117647058824,9,13,3,tumor,histiocyte
A5,29,neutrophil,12,4,0.8,1.0,0.8888888888888888,0.98,0.6066666666666667,0.09545454545454546,0.0975,0.09642857142857143,0.8,0.9230769230769231,0.8571428571428571,12,3,1,none,apoptosis
A5,29,stroma,12,12,0.4,0.5,0.4444444444444444,0.9,0.6066666666666667,0.1125,0.15,0.125,0.4,0.5,0.4444444444444445,6,9,6,lymphocyte,tumor
A5,29,epithelium,12,5,0.6666666666666666,0.8333333333333334,0.7407407407407407,0.9533333333333334,0.6066666666666667,0.075,0.075,0.075,0.6666666666666666,0.8333333333333334,0.7407407407407408,10,5,2,tumor,tumor
A5,29,endothelium,12,12,0.6666666666666666,0.5,0.5714285714285714,0.94,0.6066666666666667,0.15,0.15,0.15,0.6666666666666666,0.5,0.5714285714285715,6,3,6,melanophage,tumor
A5,29,apoptosis,12,12,0.8333333333333334,0.4166666666666667,0.5555555555555556,0.9466666666666667,0.6066666666666667,0.125,0.125,0.125,0.8333333333333334,0.4166666666666667,0.5555555555555556,5,1,7,tumor,endothelium
A1,43,tumor,39,26,0.6,0.6923076923076923,0.6428571428571429,0.8,0.5066666666666667,0.3645833333333333,0.4270833333333333,0.38375,0.6,0.6923076923076923,0.6428571428571429,27,18,12,histiocyte,apoptosis
A1,43,lymphocyte,15,13,0.4166666666666667,0.3333333333333333,0.37037037037037035,0.8866666666666667,0.5066666666666667,0.1,0.1125,0.09999999999999999,0.4166666666666667,0.3333333333333333,0.3703703703703704,5,7,10,tumor,histiocyte
A1,43,plasma_cell,12,12,0.6666666666666666,0.3333333333333333,0.4444444444444444,0.9333333333333333,0.5066666666666667,0.1,0.1,0.1,0.6666666666666666,0.3333333333333333,0.4444444444444444,4,2,8,histiocyte,lymphocyte
A1,43,histiocyte,12,9,0.05,0.08333333333333333,0.0625,0.8,0.5066666666666667,0.008333333333333333,0.0125,0.01,0.05,0.08333333333333333,0.0625,1,19,11,tumor,plasma_cell
A1,43,melanophage,12,10,0.4117647058823529,0.5833333333333334,0.4827586206896552,0.9,0.5066666666666667,0.09583333333333333,0.125,0.10416666666666666,0.4117647058823529,0.5833333333333334,0.4827586206896552,7,10,5,tumor,plasma_cell
A1,43,neutrophil,12,4,0.6875,0.9166666666666666,0.7857142857142857,0.96,0.5066666666666667,0.05795454545454546,0.0725,0.0630952380952381,0.6875,0.8461538461538461,0.7586206896551724,11,5,2,tumor,endothelium
A1,43,stroma,12,12,0.5555555555555556,0.4166666666666667,0.47619047619047616,0.9266666666666666,0.5066666666666667,0.1,0.125,0.10833333333333332,0.5555555555555556,0.4166666666666667,0.4761904761904762,5,4,7,tumor,tumor
A1,43,epithelium,12,5,0.8333333333333334,0.8333333333333334,0.8333333333333334,0.9733333333333334,0.5066666666666667,0.075,0.075,0.075,0.8333333333333334,0.8333333333333334,0.8333333333333334,10,2,2,tumor,histiocyte
A1,43,endothelium,12,12,0.5,0.25,0.3333333333333333,0.92,0.5066666666666667,0.0625,0.075,0.06666666666666667,0.5,0.25,0.3333333333333333,3,3,9,histiocyte,histiocyte
A1,43,apoptosis,12,12,0.42857142857142855,0.25,0.3157894736842105,0.9133333333333333,0.5066666666666667,0.075,0.075,0.075,0.42857142857142855,0.25,0.3157894736842105,3,4,9,tumor,tumor
A5,43,tumor,39,26,0.6818181818181818,0.7692307692307693,0.7228915662650602,0.8466666666666667,0.6133333333333333,0.4270833333333333,0.4729166666666666,0.43875000000000003,0.6818181818181818,0.7692307692307693,0.7228915662650602,30,14,9,histiocyte,apoptosis
A5,43,lymphocyte,15,13,0.5294117647058824,0.6,0.5625,0.9066666666666666,0.6133333333333333,0.1625,0.1875,0.16666666666666666,0.5294117647058824,0.6,0.5625,9,8,6,tumor,histiocyte
A5,43,plasma_cell,12,12,0.7142857142857143,0.4166666666666667,0.5263157894736842,0.94,0.6133333333333333,0.125,0.125,0.125,0.7142857142857143,0.4166666666666667,0.5263157894736842,5,2,7,melanophage,lymphocyte
A5,43,histiocyte,12,9,0.3333333333333333,0.4166666666666667,0.37037037037037035,0.8866666666666667,0.6133333333333333,0.09166666666666666,0.0875,0.08083333333333333,0.3333333333333333,0.4166666666666667,0.3703703703703704,5,10,7,tumor,tumor
A5,43,melanophage,12,10,0.4666666666666667,0.5833333333333334,0.5185185185185185,0.9133333333333333,0.6133333333333333,0.0975,0.125,0.10595238095238095,0.4666666666666667,0.5833333333333334,0.5185185185185186,7,8,5,tumor,plasma_cell
A5,43,neutrophil,12,4,0.7333333333333333,0.9166666666666666,0.8148148148148148,0.9666666666666667,0.6133333333333333,0.07045454545454546,0.0725,0.07142857142857142,0.7333333333333333,0.8461538461538461,0.7857142857142856,11,4,2,apoptosis,apoptosis
A5,43,stroma,12,12,0.5,0.6666666666666666,0.5714285714285714,0.92,0.6133333333333333,0.15,0.2,0.16666666666666666,0.5,0.6666666666666666,0.5714285714285715,8,8,4,tumor,tumor
A5,43,epithelium,12,5,0.9090909090909091,0.8333333333333334,0.8695652173913043,0.98,0.6133333333333333,0.075,0.075,0.075,0.9090909090909091,0.8333333333333334,0.8695652173913043,10,1,2,histiocyte,histiocyte
A5,43,endothelium,12,12,0.8333333333333334,0.4166666666666667,0.5555555555555556,0.9466666666666667,0.6133333333333333,0.125,0.125,0.125,0.8333333333333334,0.4166666666666667,0.5555555555555556,5,1,7,tumor,stroma
A5,43,apoptosis,12,12,0.5,0.16666666666666666,0.25,0.92,0.6133333333333333,0.05,0.05,0.05,0.5,0.16666666666666666,0.25,2,2,10,tumor,tumor
