original_path,new_path,sha256,experiment_id,seed,fold,result_type
C:\Users\Hngk\Documents\Codex\2026-09-07\use-the-autoresearch-skill-x20-https\outputs\STAGE2_RESEARCH_20260907\experiments\p3_A6_placebo_s17_cv0\command.txt,PROMPT_3\ARCHITECTURES\A6\RESULTS\RUNS\p3_A6_placebo_s17_cv0\command.txt,4569bbb868834fff34f60f3c7529b400408b5bbf6b44eab8bf4b3819d930259a,p3_A6_placebo_s17_cv0,17,0,.txt
C:\Users\Hngk\Documents\Codex\2026-09-07\use-the-autoresearch-skill-x20-https\outputs\STAGE2_RESEARCH_20260907\experiments\p3_A6_placebo_s17_cv0\config.json,PROMPT_3\ARCHITECTURES\A6\RESULTS\RUNS\p3_A6_placebo_s17_cv0\config.json,9ad994ca907a705a548ac61d607eae812d5bf11ce44e1cb357b358ef7bd89447,p3_A6_placebo_s17_cv0,17,0,.json
C:\Users\Hngk\Documents\Codex\2026-09-07\use-the-autoresearch-skill-x20-https\outputs\STAGE2_RESEARCH_20260907\experiments\p3_A6_placebo_s17_cv0\history.jsonl,PROMPT_3\ARCHITECTURES\A6\RESULTS\RUNS\p3_A6_placebo_s17_cv0\history.jsonl,18c3ccc0e48bfc4d32cd492d7bfeeeceacfe5eb239d7cb9578bca3d2cfd359d9,p3_A6_placebo_s17_cv0,17,0,.jsonl
C:\Users\Hngk\Documents\Codex\2026-09-07\use-the-autoresearch-skill-x20-https\outputs\STAGE2_RESEARCH_20260907\experiments\p3_A6_placebo_s17_cv0\hypothesis.md,PROMPT_3\ARCHITECTURES\A6\RESULTS\RUNS\p3_A6_placebo_s17_cv0\hypothesis.md,0c2e758a95898e45dcff34477a7d388945865cd2d275dd68b935be09e55120f3,p3_A6_placebo_s17_cv0,17,0,.md
C:\Users\Hngk\Documents\Codex\2026-09-07\use-the-autoresearch-skill-x20-https\outputs\STAGE2_RESEARCH_20260907\experiments\p3_A6_placebo_s17_cv0\model.pt,PROMPT_3\ARCHITECTURES\A6\RESULTS\RUNS\p3_A6_placebo_s17_cv0\model.pt,c84e2891d8e73e3e0e1461fbffca2c4b248a59fc1669db109c49fb70d83a7bad,p3_A6_placebo_s17_cv0,17,0,.pt
C:\Users\Hngk\Documents\Codex\2026-09-07\use-the-autoresearch-skill-x20-https\outputs\STAGE2_RESEARCH_20260907\experiments\p3_A6_placebo_s17_cv0\normalizer.json,PROMPT_3\ARCHITECTURES\A6\RESULTS\RUNS\p3_A6_placebo_s17_cv0\normalizer.json,f794c4e6824020f9dba12ba0d2c5b259b38ed7cbf36af33cd4a3de5914bf8a2b,p3_A6_placebo_s17_cv0,17,0,.json
C:\Users\Hngk\Documents\Codex\2026-09-07\use-the-autoresearch-skill-x20-https\outputs\STAGE2_RESEARCH_20260907\experiments\p3_A6_placebo_s17_cv0\predictions.npz,PROMPT_3\ARCHITECTURES\A6\RESULTS\RUNS\p3_A6_placebo_s17_cv0\predictions.npz,f4b753a8cc0c40f3d87d9683396112d32afea3a90c0091b04f27252ab4f36961,p3_A6_placebo_s17_cv0,17,0,.npz
C:\Users\Hngk\Documents\Codex\2026-09-07\use-the-autoresearch-skill-x20-https\outputs\STAGE2_RESEARCH_20260907\experiments\p3_A6_placebo_s17_cv0\provenance.json,PROMPT_3\ARCHITECTURES\A6\RESULTS\RUNS\p3_A6_placebo_s17_cv0\provenance.json,bf5382f36ca02b5d5f552b6c16fd940ab13ffe77de65d91087a0b0990d3e9f12,p3_A6_placebo_s17_cv0,17,0,.json
C:\Users\Hngk\Documents\Codex\2026-09-07\use-the-autoresearch-skill-x20-https\outputs\STAGE2_RESEARCH_20260907\experiments\p3_A6_placebo_s17_cv0\summary.json,PROMPT_3\ARCHITECTURES\A6\RESULTS\RUNS\p3_A6_placebo_s17_cv0\summary.json,1792ac72dd4ce6d80efec2cb7a31a9ea0041004699c099d94cb3eb796072b70b,p3_A6_placebo_s17_cv0,17,0,.json
C:\Users\Hngk\Documents\Codex\2026-09-07\use-the-autoresearch-skill-x20-https\outputs\STAGE2_RESEARCH_20260907\experiments\p3_A6_placebo_s17_cv1\command.txt,PROMPT_3\ARCHITECTURES\A6\RESULTS\RUNS\p3_A6_placebo_s17_cv1\command.txt,22a703b5acc87f274e583572c96b7a48fc65c4d2b330377b24ef2ffd6e480a12,p3_A6_placebo_s17_cv1,17,1,.txt
C:\Users\Hngk\Documents\Codex\2026-09-07\use-the-autoresearch-skill-x20-https\outputs\STAGE2_RESEARCH_20260907\experiments\p3_A6_placebo_s17_cv1\config.json,PROMPT_3\ARCHITECTURES\A6\RESULTS\RUNS\p3_A6_placebo_s17_cv1\config.json,b240ac7a8f6d9c8cc53afc63a1d45d6e740a6745b885f6557d745cac00335b71,p3_A6_placebo_s17_cv1,17,1,.json
C:\Users\Hngk\Documents\Codex\2026-09-07\use-the-autoresearch-skill-x20-https\outputs\STAGE2_RESEARCH_20260907\experiments\p3_A6_placebo_s17_cv1\history.jsonl,PROMPT_3\ARCHITECTURES\A6\RESULTS\RUNS\p3_A6_placebo_s17_cv1\history.jsonl,329b2c1bb1275cbcbb566a6d20f48753f7c530e2ff86a36b2c15a9397aaa96aa,p3_A6_placebo_s17_cv1,17,1,.jsonl
C:\Users\Hngk\Documents\Codex\2026-09-07\use-the-autoresearch-skill-x20-https\outputs\STAGE2_RESEARCH_20260907\experiments\p3_A6_placebo_s17_cv1\hypothesis.md,PROMPT_3\ARCHITECTURES\A6\RESULTS\RUNS\p3_A6_placebo_s17_cv1\hypothesis.md,0c2e758a95898e45dcff34477a7d388945865cd2d275dd68b935be09e55120f3,p3_A6_placebo_s17_cv1,17,1,.md
C:\Users\Hngk\Documents\Codex\2026-09-07\use-the-autoresearch-skill-x20-https\outputs\STAGE2_RESEARCH_20260907\experiments\p3_A6_placebo_s17_cv1\model.pt,PROMPT_3\ARCHITECTURES\A6\RESULTS\RUNS\p3_A6_placebo_s17_cv1\model.pt,8a424bea05e6385727bd41aeabf61c8fb778e4490eb2e6ce5e2324f6b0382ce0,p3_A6_placebo_s17_cv1,17,1,.pt
C:\Users\Hngk\Documents\Codex\2026-09-07\use-the-autoresearch-skill-x20-https\outputs\STAGE2_RESEARCH_20260907\experiments\p3_A6_placebo_s17_cv1\normalizer.json,PROMPT_3\ARCHITECTURES\A6\RESULTS\RUNS\p3_A6_placebo_s17_cv1\normalizer.json,8d467c9e17e77568c3cfa0c051ffe0fe557349513176e3093038fc13cd11e29a,p3_A6_placebo_s17_cv1,17,1,.json
C:\Users\Hngk\Documents\Codex\2026-09-07\use-the-autoresearch-skill-x20-https\outputs\STAGE2_RESEARCH_20260907\experiments\p3_A6_placebo_s17_cv1\predictions.npz,PROMPT_3\ARCHITECTURES\A6\RESULTS\RUNS\p3_A6_placebo_s17_cv1\predictions.npz,a1175115bb95c0d00a6f6b7a2520c32af4212ce5f3ba368235a8d1971f90fa14,p3_A6_placebo_s17_cv1,17,1,.npz
C:\Users\Hngk\Documents\Codex\2026-09-07\use-the-autoresearch-skill-x20-https\outputs\STAGE2_RESEARCH_20260907\experiments\p3_A6_placebo_s17_cv1\provenance.json,PROMPT_3\ARCHITECTURES\A6\RESULTS\RUNS\p3_A6_placebo_s17_cv1\provenance.json,bf5382f36ca02b5d5f552b6c16fd940ab13ffe77de65d91087a0b0990d3e9f12,p3_A6_placebo_s17_cv1,17,1,.json
C:\Users\Hngk\Documents\Codex\2026-09-07\use-the-autoresearch-skill-x20-https\outputs\STAGE2_RESEARCH_20260907\experiments\p3_A6_placebo_s17_cv1\summary.json,PROMPT_3\ARCHITECTURES\A6\RESULTS\RUNS\p3_A6_placebo_s17_cv1\summary.json,57f772fea2f56f060d9aebc5a84665b205690f59f509ffe79e32a06adb9a8775,p3_A6_placebo_s17_cv1,17,1,.json
C:\Users\Hngk\Documents\Codex\2026-09-07\use-the-autoresearch-skill-x20-https\outputs\STAGE2_RESEARCH_20260907\experiments\p3_A6_placebo_s17_cv2\command.txt,PROMPT_3\ARCHITECTURES\A6\RESULTS\RUNS\p3_A6_placebo_s17_cv2\command.txt,86aa9b90e36a090f0d9ffa45d2b8e647b7ae83126139eadff83dbc503c474684,p3_A6_placebo_s17_cv2,17,2,.txt
C:\Users\Hngk\Documents\Codex\2026-09-07\use-the-autoresearch-skill-x20-https\outputs\STAGE2_RESEARCH_20260907\experiments\p3_A6_placebo_s17_cv2\config.json,PROMPT_3\ARCHITECTURES\A6\RESULTS\RUNS\p3_A6_placebo_s17_cv2\config.json,a8ee7ae09b61688cccdba5c15647f14ee2e35a011673d593947feaca8abbcb5e,p3_A6_placebo_s17_cv2,17,2,.json
C:\Users\Hngk\Documents\Codex\2026-09-07\use-the-autoresearch-skill-x20-https\outputs\STAGE2_RESEARCH_20260907\experiments\p3_A6_placebo_s17_cv2\history.jsonl,PROMPT_3\ARCHITECTURES\A6\RESULTS\RUNS\p3_A6_placebo_s17_cv2\history.jsonl,f624f9346d2f6452a0b9d2a5f49ad74ad93456d835d1ffb2c6a184c7b9b725a3,p3_A6_placebo_s17_cv2,17,2,.jsonl
C:\Users\Hngk\Documents\Codex\2026-09-07\use-the-autoresearch-skill-x20-https\outputs\STAGE2_RESEARCH_20260907\experiments\p3_A6_placebo_s17_cv2\hypothesis.md,PROMPT_3\ARCHITECTURES\A6\RESULTS\RUNS\p3_A6_placebo_s17_cv2\hypothesis.md,0c2e758a95898e45dcff34477a7d388945865cd2d275dd68b935be09e55120f3,p3_A6_placebo_s17_cv2,17,2,.md
C:\Users\Hngk\Documents\Codex\2026-09-07\use-the-autoresearch-skill-x20-https\outputs\STAGE2_RESEARCH_20260907\experiments\p3_A6_placebo_s17_cv2\model.pt,PROMPT_3\ARCHITECTURES\A6\RESULTS\RUNS\p3_A6_placebo_s17_cv2\model.pt,d59219a526caeebd7c7e5c9806b1b94c5d2007193787ef5ebdb70f571cbb0aee,p3_A6_placebo_s17_cv2,17,2,.pt
C:\Users\Hngk\Documents\Codex\2026-09-07\use-the-autoresearch-skill-x20-https\outputs\STAGE2_RESEARCH_20260907\experiments\p3_A6_placebo_s17_cv2\normalizer.json,PROMPT_3\ARCHITECTURES\A6\RESULTS\RUNS\p3_A6_placebo_s17_cv2\normalizer.json,7b8db83443d15f1e4550c77caf60ba47250e4ecf142b69501da33a525db76cd6,p3_A6_placebo_s17_cv2,17,2,.json
C:\Users\Hngk\Documents\Codex\2026-09-07\use-the-autoresearch-skill-x20-https\outputs\STAGE2_RESEARCH_20260907\experiments\p3_A6_placebo_s17_cv2\predictions.npz,PROMPT_3\ARCHITECTURES\A6\RESULTS\RUNS\p3_A6_placebo_s17_cv2\predictions.npz,369f4fc3de969af69526c2609233ecbba782262875bf31e856bacd760d9ecec3,p3_A6_placebo_s17_cv2,17,2,.npz
C:\Users\Hngk\Documents\Codex\2026-09-07\use-the-autoresearch-skill-x20-https\outputs\STAGE2_RESEARCH_20260907\experiments\p3_A6_placebo_s17_cv2\provenance.json,PROMPT_3\ARCHITECTURES\A6\RESULTS\RUNS\p3_A6_placebo_s17_cv2\provenance.json,bf5382f36ca02b5d5f552b6c16fd940ab13ffe77de65d91087a0b0990d3e9f12,p3_A6_placebo_s17_cv2,17,2,.json
C:\Users\Hngk\Documents\Codex\2026-09-07\use-the-autoresearch-skill-x20-https\outputs\STAGE2_RESEARCH_20260907\experiments\p3_A6_placebo_s17_cv2\summary.json,PROMPT_3\ARCHITECTURES\A6\RESULTS\RUNS\p3_A6_placebo_s17_cv2\summary.json,51c848ec260f2956c1e41e5c257c0ad4cc50559dbc09b272ca9e5c37cc1232a4,p3_A6_placebo_s17_cv2,17,2,.json
C:\Users\Hngk\Documents\Codex\2026-09-07\use-the-autoresearch-skill-x20-https\outputs\STAGE2_RESEARCH_20260907\experiments\p3_A6_placebo_s29_cv0\command.txt,PROMPT_3\ARCHITECTURES\A6\RESULTS\RUNS\p3_A6_placebo_s29_cv0\command.txt,184888ddbc2ec8ed2a4a20da35e60917f6d8ba2a900134f3fdb8c10670bc46a4,p3_A6_placebo_s29_cv0,29,0,.txt
C:\Users\Hngk\Documents\Codex\2026-09-07\use-the-autoresearch-skill-x20-https\outputs\STAGE2_RESEARCH_20260907\experiments\p3_A6_placebo_s29_cv0\config.json,PROMPT_3\ARCHITECTURES\A6\RESULTS\RUNS\p3_A6_placebo_s29_cv0\config.json,d5bca1a9d1f58b7bfc97c6c9a1266381324e9f73a5d737d8f82d0ae5a872d119,p3_A6_placebo_s29_cv0,29,0,.json
C:\Users\Hngk\Documents\Codex\2026-09-07\use-the-autoresearch-skill-x20-https\outputs\STAGE2_RESEARCH_20260907\experiments\p3_A6_placebo_s29_cv0\history.jsonl,PROMPT_3\ARCHITECTURES\A6\RESULTS\RUNS\p3_A6_placebo_s29_cv0\history.jsonl,150f93c94bad9fe4ab91c09aed061697a21f7f1ef8e3ed56bc1f610225ad1a3e,p3_A6_placebo_s29_cv0,29,0,.jsonl
C:\Users\Hngk\Documents\Codex\2026-09-07\use-the-autoresearch-skill-x20-https\outputs\STAGE2_RESEARCH_20260907\experiments\p3_A6_placebo_s29_cv0\hypothesis.md,PROMPT_3\ARCHITECTURES\A6\RESULTS\RUNS\p3_A6_placebo_s29_cv0\hypothesis.md,0c2e758a95898e45dcff34477a7d388945865cd2d275dd68b935be09e55120f3,p3_A6_placebo_s29_cv0,29,0,.md
C:\Users\Hngk\Documents\Codex\2026-09-07\use-the-autoresearch-skill-x20-https\outputs\STAGE2_RESEARCH_20260907\experiments\p3_A6_placebo_s29_cv0\model.pt,PROMPT_3\ARCHITECTURES\A6\RESULTS\RUNS\p3_A6_placebo_s29_cv0\model.pt,f22e142698af4ee6ce2a35bc12c930a51d0a98cbb10e004120b00057da226d98,p3_A6_placebo_s29_cv0,29,0,.pt
C:\Users\Hngk\Documents\Codex\2026-09-07\use-the-autoresearch-skill-x20-https\outputs\STAGE2_RESEARCH_20260907\experiments\p3_A6_placebo_s29_cv0\normalizer.json,PROMPT_3\ARCHITECTURES\A6\RESULTS\RUNS\p3_A6_placebo_s29_cv0\normalizer.json,f794c4e6824020f9dba12ba0d2c5b259b38ed7cbf36af33cd4a3de5914bf8a2b,p3_A6_placebo_s29_cv0,29,0,.json
C:\Users\Hngk\Documents\Codex\2026-09-07\use-the-autoresearch-skill-x20-https\outputs\STAGE2_RESEARCH_20260907\experiments\p3_A6_placebo_s29_cv0\predictions.npz,PROMPT_3\ARCHITECTURES\A6\RESULTS\RUNS\p3_A6_placebo_s29_cv0\predictions.npz,b6cbe2b993c58c4a46b62cba56154970e409c7e3ca5423dbcdbc1f3c6794d02f,p3_A6_placebo_s29_cv0,29,0,.npz
C:\Users\Hngk\Documents\Codex\2026-09-07\use-the-autoresearch-skill-x20-https\outputs\STAGE2_RESEARCH_20260907\experiments\p3_A6_placebo_s29_cv0\provenance.json,PROMPT_3\ARCHITECTURES\A6\RESULTS\RUNS\p3_A6_placebo_s29_cv0\provenance.json,bf5382f36ca02b5d5f552b6c16fd940ab13ffe77de65d91087a0b0990d3e9f12,p3_A6_placebo_s29_cv0,29,0,.json
C:\Users\Hngk\Documents\Codex\2026-09-07\use-the-autoresearch-skill-x20-https\outputs\STAGE2_RESEARCH_20260907\experiments\p3_A6_placebo_s29_cv0\summary.json,PROMPT_3\ARCHITECTURES\A6\RESULTS\RUNS\p3_A6_placebo_s29_cv0\summary.json,f6019df1445e9bbccb3651c8b7e907ec8622ea96c293897e8791122b2e2ee800,p3_A6_placebo_s29_cv0,29,0,.json
C:\Users\Hngk\Documents\Codex\2026-09-07\use-the-autoresearch-skill-x20-https\outputs\STAGE2_RESEARCH_20260907\experiments\p3_A6_placebo_s29_cv1\command.txt,PROMPT_3\ARCHITECTURES\A6\RESULTS\RUNS\p3_A6_placebo_s29_cv1\command.txt,2f1df99da11f6a90493464829dd991cc18472b9119946ddab744cd7dbb910ac5,p3_A6_placebo_s29_cv1,29,1,.txt
C:\Users\Hngk\Documents\Codex\2026-09-07\use-the-autoresearch-skill-x20-https\outputs\STAGE2_RESEARCH_20260907\experiments\p3_A6_placebo_s29_cv1\config.json,PROMPT_3\ARCHITECTURES\A6\RESULTS\RUNS\p3_A6_placebo_s29_cv1\config.json,5004b4e2638eb512d6f0e2538770d907c45f2b051bda75eab53b9f413222d4a2,p3_A6_placebo_s29_cv1,29,1,.json
C:\Users\Hngk\Documents\Codex\2026-09-07\use-the-autoresearch-skill-x20-https\outputs\STAGE2_RESEARCH_20260907\experiments\p3_A6_placebo_s29_cv1\history.jsonl,PROMPT_3\ARCHITECTURES\A6\RESULTS\RUNS\p3_A6_placebo_s29_cv1\history.jsonl,2f3f0429b660f2bb6a6dc3acd637d22d8f027ffa65ef5fa7d43d17e9dfc1c857,p3_A6_placebo_s29_cv1,29,1,.jsonl
C:\Users\Hngk\Documents\Codex\2026-09-07\use-the-autoresearch-skill-x20-https\outputs\STAGE2_RESEARCH_20260907\experiments\p3_A6_placebo_s29_cv1\hypothesis.md,PROMPT_3\ARCHITECTURES\A6\RESULTS\RUNS\p3_A6_placebo_s29_cv1\hypothesis.md,0c2e758a95898e45dcff34477a7d388945865cd2d275dd68b935be09e55120f3,p3_A6_placebo_s29_cv1,29,1,.md
C:\Users\Hngk\Documents\Codex\2026-09-07\use-the-autoresearch-skill-x20-https\outputs\STAGE2_RESEARCH_20260907\experiments\p3_A6_placebo_s29_cv1\model.pt,PROMPT_3\ARCHITECTURES\A6\RESULTS\RUNS\p3_A6_placebo_s29_cv1\model.pt,3d2fce4d9ac613403df955f73f53fc48dfea81dd82ee2a248051594eec3cb969,p3_A6_placebo_s29_cv1,29,1,.pt
C:\Users\Hngk\Documents\Codex\2026-09-07\use-the-autoresearch-skill-x20-https\outputs\STAGE2_RESEARCH_20260907\experiments\p3_A6_placebo_s29_cv1\normalizer.json,PROMPT_3\ARCHITECTURES\A6\RESULTS\RUNS\p3_A6_placebo_s29_cv1\normalizer.json,8d467c9e17e77568c3cfa0c051ffe0fe557349513176e3093038fc13cd11e29a,p3_A6_placebo_s29_cv1,29,1,.json
C:\Users\Hngk\Documents\Codex\2026-09-07\use-the-autoresearch-skill-x20-https\outputs\STAGE2_RESEARCH_20260907\experiments\p3_A6_placebo_s29_cv1\predictions.npz,PROMPT_3\ARCHITECTURES\A6\RESULTS\RUNS\p3_A6_placebo_s29_cv1\predictions.npz,6516081f66d725df9fdb7702dd54bb916b59eafba19600ee434fe56b3db6e831,p3_A6_placebo_s29_cv1,29,1,.npz
C:\Users\Hngk\Documents\Codex\2026-09-07\use-the-autoresearch-skill-x20-https\outputs\STAGE2_RESEARCH_20260907\experiments\p3_A6_placebo_s29_cv1\provenance.json,PROMPT_3\ARCHITECTURES\A6\RESULTS\RUNS\p3_A6_placebo_s29_cv1\provenance.json,bf5382f36ca02b5d5f552b6c16fd940ab13ffe77de65d91087a0b0990d3e9f12,p3_A6_placebo_s29_cv1,29,1,.json
C:\Users\Hngk\Documents\Codex\2026-09-07\use-the-autoresearch-skill-x20-https\outputs\STAGE2_RESEARCH_20260907\experiments\p3_A6_placebo_s29_cv1\summary.json,PROMPT_3\ARCHITECTURES\A6\RESULTS\RUNS\p3_A6_placebo_s29_cv1\summary.json,d9694bb743a60823eedd0ca973ba85e876f969e443fff83b5fee4d32e4c7dc4a,p3_A6_placebo_s29_cv1,29,1,.json
C:\Users\Hngk\Documents\Codex\2026-09-07\use-the-autoresearch-skill-x20-https\outputs\STAGE2_RESEARCH_20260907\experiments\p3_A6_placebo_s29_cv2\command.txt,PROMPT_3\ARCHITECTURES\A6\RESULTS\RUNS\p3_A6_placebo_s29_cv2\command.txt,21c9f9b80056c5e2b34024b62f15028a7cbfab2f09d7796f9c459b94a1fdd708,p3_A6_placebo_s29_cv2,29,2,.txt
C:\Users\Hngk\Documents\Codex\2026-09-07\use-the-autoresearch-skill-x20-https\outputs\STAGE2_RESEARCH_20260907\experiments\p3_A6_placebo_s29_cv2\config.json,PROMPT_3\ARCHITECTURES\A6\RESULTS\RUNS\p3_A6_placebo_s29_cv2\config.json,3e1fd1afb60f2eb119534dfceb4b4ec5ed75d25f3e79a822b89c3f75a3f042a6,p3_A6_placebo_s29_cv2,29,2,.json
C:\Users\Hngk\Documents\Codex\2026-09-07\use-the-autoresearch-skill-x20-https\outputs\STAGE2_RESEARCH_20260907\experiments\p3_A6_placebo_s29_cv2\history.jsonl,PROMPT_3\ARCHITECTURES\A6\RESULTS\RUNS\p3_A6_placebo_s29_cv2\history.jsonl,63025bf576e7ddca2121d2d8f1b64128db57678952b3c43e389e40d516751830,p3_A6_placebo_s29_cv2,29,2,.jsonl
C:\Users\Hngk\Documents\Codex\2026-09-07\use-the-autoresearch-skill-x20-https\outputs\STAGE2_RESEARCH_20260907\experiments\p3_A6_placebo_s29_cv2\hypothesis.md,PROMPT_3\ARCHITECTURES\A6\RESULTS\RUNS\p3_A6_placebo_s29_cv2\hypothesis.md,0c2e758a95898e45dcff34477a7d388945865cd2d275dd68b935be09e55120f3,p3_A6_placebo_s29_cv2,29,2,.md
C:\Users\Hngk\Documents\Codex\2026-09-07\use-the-autoresearch-skill-x20-https\outputs\STAGE2_RESEARCH_20260907\experiments\p3_A6_placebo_s29_cv2\model.pt,PROMPT_3\ARCHITECTURES\A6\RESULTS\RUNS\p3_A6_placebo_s29_cv2\model.pt,96414ac9976f2026b9f3996e18e4a5ddfa656125c0969d625e07cfdc22556a40,p3_A6_placebo_s29_cv2,29,2,.pt
C:\Users\Hngk\Documents\Codex\2026-09-07\use-the-autoresearch-skill-x20-https\outputs\STAGE2_RESEARCH_20260907\experiments\p3_A6_placebo_s29_cv2\normalizer.json,PROMPT_3\ARCHITECTURES\A6\RESULTS\RUNS\p3_A6_placebo_s29_cv2\normalizer.json,7b8db83443d15f1e4550c77caf60ba47250e4ecf142b69501da33a525db76cd6,p3_A6_placebo_s29_cv2,29,2,.json
C:\Users\Hngk\Documents\Codex\2026-09-07\use-the-autoresearch-skill-x20-https\outputs\STAGE2_RESEARCH_20260907\experiments\p3_A6_placebo_s29_cv2\predictions.npz,PROMPT_3\ARCHITECTURES\A6\RESULTS\RUNS\p3_A6_placebo_s29_cv2\predictions.npz,a0d61969df075bd6f6d5014174869a63ab5b230335106fcc6932d736aa9b6869,p3_A6_placebo_s29_cv2,29,2,.npz
C:\Users\Hngk\Documents\Codex\2026-09-07\use-the-autoresearch-skill-x20-https\outputs\STAGE2_RESEARCH_20260907\experiments\p3_A6_placebo_s29_cv2\provenance.json,PROMPT_3\ARCHITECTURES\A6\RESULTS\RUNS\p3_A6_placebo_s29_cv2\provenance.json,bf5382f36ca02b5d5f552b6c16fd940ab13ffe77de65d91087a0b0990d3e9f12,p3_A6_placebo_s29_cv2,29,2,.json
C:\Users\Hngk\Documents\Codex\2026-09-07\use-the-autoresearch-skill-x20-https\outputs\STAGE2_RESEARCH_20260907\experiments\p3_A6_placebo_s29_cv2\summary.json,PROMPT_3\ARCHITECTURES\A6\RESULTS\RUNS\p3_A6_placebo_s29_cv2\summary.json,656f9c4ce4cc4940e209e6b540939cea924b9d036f2a97f08316d43a5b803b3c,p3_A6_placebo_s29_cv2,29,2,.json
C:\Users\Hngk\Documents\Codex\2026-09-07\use-the-autoresearch-skill-x20-https\outputs\STAGE2_RESEARCH_20260907\experiments\p3_A6_placebo_s43_cv0\command.txt,PROMPT_3\ARCHITECTURES\A6\RESULTS\RUNS\p3_A6_placebo_s43_cv0\command.txt,630d22de45b4c7f483e260dd72078865b1524b3c6bb3238587e6988ee1d949eb,p3_A6_placebo_s43_cv0,43,0,.txt
C:\Users\Hngk\Documents\Codex\2026-09-07\use-the-autoresearch-skill-x20-https\outputs\STAGE2_RESEARCH_20260907\experiments\p3_A6_placebo_s43_cv0\config.json,PROMPT_3\ARCHITECTURES\A6\RESULTS\RUNS\p3_A6_placebo_s43_cv0\config.json,31be0b7cf06480136e0365a1a01185f16be1559f0e210f3bf9cd369bb730d2f4,p3_A6_placebo_s43_cv0,43,0,.json
C:\Users\Hngk\Documents\Codex\2026-09-07\use-the-autoresearch-skill-x20-https\outputs\STAGE2_RESEARCH_20260907\experiments\p3_A6_placebo_s43_cv0\history.jsonl,PROMPT_3\ARCHITECTURES\A6\RESULTS\RUNS\p3_A6_placebo_s43_cv0\history.jsonl,673f37c44b47b984757ada323f3954c80c5370a623ee35aadb30d96411c270b7,p3_A6_placebo_s43_cv0,43,0,.jsonl
C:\Users\Hngk\Documents\Codex\2026-09-07\use-the-autoresearch-skill-x20-https\outputs\STAGE2_RESEARCH_20260907\experiments\p3_A6_placebo_s43_cv0\hypothesis.md,PROMPT_3\ARCHITECTURES\A6\RESULTS\RUNS\p3_A6_placebo_s43_cv0\hypothesis.md,0c2e758a95898e45dcff34477a7d388945865cd2d275dd68b935be09e55120f3,p3_A6_placebo_s43_cv0,43,0,.md
C:\Users\Hngk\Documents\Codex\2026-09-07\use-the-autoresearch-skill-x20-https\outputs\STAGE2_RESEARCH_20260907\experiments\p3_A6_placebo_s43_cv0\model.pt,PROMPT_3\ARCHITECTURES\A6\RESULTS\RUNS\p3_A6_placebo_s43_cv0\model.pt,dfa4a49ef4104f53bb44f9503e7ba8abf12409a261f38a4f67394ea1d92a9a2b,p3_A6_placebo_s43_cv0,43,0,.pt
C:\Users\Hngk\Documents\Codex\2026-09-07\use-the-autoresearch-skill-x20-https\outputs\STAGE2_RESEARCH_20260907\experiments\p3_A6_placebo_s43_cv0\normalizer.json,PROMPT_3\ARCHITECTURES\A6\RESULTS\RUNS\p3_A6_placebo_s43_cv0\normalizer.json,f794c4e6824020f9dba12ba0d2c5b259b38ed7cbf36af33cd4a3de5914bf8a2b,p3_A6_placebo_s43_cv0,43,0,.json
C:\Users\Hngk\Documents\Codex\2026-09-07\use-the-autoresearch-skill-x20-https\outputs\STAGE2_RESEARCH_20260907\experiments\p3_A6_placebo_s43_cv0\predictions.npz,PROMPT_3\ARCHITECTURES\A6\RESULTS\RUNS\p3_A6_placebo_s43_cv0\predictions.npz,37153859defda248eb787943e7910a0f89f5daf9aafec72ca287ee14c16b4037,p3_A6_placebo_s43_cv0,43,0,.npz
C:\Users\Hngk\Documents\Codex\2026-09-07\use-the-autoresearch-skill-x20-https\outputs\STAGE2_RESEARCH_20260907\experiments\p3_A6_placebo_s43_cv0\provenance.json,PROMPT_3\ARCHITECTURES\A6\RESULTS\RUNS\p3_A6_placebo_s43_cv0\provenance.json,bf5382f36ca02b5d5f552b6c16fd940ab13ffe77de65d91087a0b0990d3e9f12,p3_A6_placebo_s43_cv0,43,0,.json
C:\Users\Hngk\Documents\Codex\2026-09-07\use-the-autoresearch-skill-x20-https\outputs\STAGE2_RESEARCH_20260907\experiments\p3_A6_placebo_s43_cv0\summary.json,PROMPT_3\ARCHITECTURES\A6\RESULTS\RUNS\p3_A6_placebo_s43_cv0\summary.json,06a51f54e1fd3a89a3a98d41bffb9e01aad3ab0ef5c5cfa359ba55e1adbe2a4d,p3_A6_placebo_s43_cv0,43,0,.json
C:\Users\Hngk\Documents\Codex\2026-09-07\use-the-autoresearch-skill-x20-https\outputs\STAGE2_RESEARCH_20260907\experiments\p3_A6_placebo_s43_cv1\command.txt,PROMPT_3\ARCHITECTURES\A6\RESULTS\RUNS\p3_A6_placebo_s43_cv1\command.txt,74b2dd655461248a411a1da9e63f25b5fa66ac2aa216261400763094dcb31cfa,p3_A6_placebo_s43_cv1,43,1,.txt
C:\Users\Hngk\Documents\Codex\2026-09-07\use-the-autoresearch-skill-x20-https\outputs\STAGE2_RESEARCH_20260907\experiments\p3_A6_placebo_s43_cv1\config.json,PROMPT_3\ARCHITECTURES\A6\RESULTS\RUNS\p3_A6_placebo_s43_cv1\config.json,ff836da023c76d2416a76ad100618fce003c3481360ae291236c5e79e19e188c,p3_A6_placebo_s43_cv1,43,1,.json
C:\Users\Hngk\Documents\Codex\2026-09-07\use-the-autoresearch-skill-x20-https\outputs\STAGE2_RESEARCH_20260907\experiments\p3_A6_placebo_s43_cv1\history.jsonl,PROMPT_3\ARCHITECTURES\A6\RESULTS\RUNS\p3_A6_placebo_s43_cv1\history.jsonl,63548c9b9f3fe48f8dcdf1eb1332e564937e2ac0c9e51f487bcee6660ff8e191,p3_A6_placebo_s43_cv1,43,1,.jsonl
C:\Users\Hngk\Documents\Codex\2026-09-07\use-the-autoresearch-skill-x20-https\outputs\STAGE2_RESEARCH_20260907\experiments\p3_A6_placebo_s43_cv1\hypothesis.md,PROMPT_3\ARCHITECTURES\A6\RESULTS\RUNS\p3_A6_placebo_s43_cv1\hypothesis.md,0c2e758a95898e45dcff34477a7d388945865cd2d275dd68b935be09e55120f3,p3_A6_placebo_s43_cv1,43,1,.md
C:\Users\Hngk\Documents\Codex\2026-09-07\use-the-autoresearch-skill-x20-https\outputs\STAGE2_RESEARCH_20260907\experiments\p3_A6_placebo_s43_cv1\model.pt,PROMPT_3\ARCHITECTURES\A6\RESULTS\RUNS\p3_A6_placebo_s43_cv1\model.pt,f21b75692a19fa8fa585591a940efc5726dc3305f7d918296e7580cfb4fc2a29,p3_A6_placebo_s43_cv1,43,1,.pt
C:\Users\Hngk\Documents\Codex\2026-09-07\use-the-autoresearch-skill-x20-https\outputs\STAGE2_RESEARCH_20260907\experiments\p3_A6_placebo_s43_cv1\normalizer.json,PROMPT_3\ARCHITECTURES\A6\RESULTS\RUNS\p3_A6_placebo_s43_cv1\normalizer.json,8d467c9e17e77568c3cfa0c051ffe0fe557349513176e3093038fc13cd11e29a,p3_A6_placebo_s43_cv1,43,1,.json
C:\Users\Hngk\Documents\Codex\2026-09-07\use-the-autoresearch-skill-x20-https\outputs\STAGE2_RESEARCH_20260907\experiments\p3_A6_placebo_s43_cv1\predictions.npz,PROMPT_3\ARCHITECTURES\A6\RESULTS\RUNS\p3_A6_placebo_s43_cv1\predictions.npz,afa0eb458cb1530df50c2cdf248e4bcf4a6dec720bcc12b6bb23cb767eed9d66,p3_A6_placebo_s43_cv1,43,1,.npz
C:\Users\Hngk\Documents\Codex\2026-09-07\use-the-autoresearch-skill-x20-https\outputs\STAGE2_RESEARCH_20260907\experiments\p3_A6_placebo_s43_cv1\provenance.json,PROMPT_3\ARCHITECTURES\A6\RESULTS\RUNS\p3_A6_placebo_s43_cv1\provenance.json,bf5382f36ca02b5d5f552b6c16fd940ab13ffe77de65d91087a0b0990d3e9f12,p3_A6_placebo_s43_cv1,43,1,.json
C:\Users\Hngk\Documents\Codex\2026-09-07\use-the-autoresearch-skill-x20-https\outputs\STAGE2_RESEARCH_20260907\experiments\p3_A6_placebo_s43_cv1\summary.json,PROMPT_3\ARCHITECTURES\A6\RESULTS\RUNS\p3_A6_placebo_s43_cv1\summary.json,27a9584441bf8911df2d6af7964b6d357ec61c53ef65c29a58aecdc66be109b8,p3_A6_placebo_s43_cv1,43,1,.json
C:\Users\Hngk\Documents\Codex\2026-09-07\use-the-autoresearch-skill-x20-https\outputs\STAGE2_RESEARCH_20260907\experiments\p3_A6_placebo_s43_cv2\command.txt,PROMPT_3\ARCHITECTURES\A6\RESULTS\RUNS\p3_A6_placebo_s43_cv2\command.txt,f6901cf25fee6cfa7e75c0512a0e0bac9c4e23216aee32409d9f7bef199274aa,p3_A6_placebo_s43_cv2,43,2,.txt
C:\Users\Hngk\Documents\Codex\2026-09-07\use-the-autoresearch-skill-x20-https\outputs\STAGE2_RESEARCH_20260907\experiments\p3_A6_placebo_s43_cv2\config.json,PROMPT_3\ARCHITECTURES\A6\RESULTS\RUNS\p3_A6_placebo_s43_cv2\config.json,14933ec322f94cadb53a9fabc7cdba85151f1c0452fe5ad185b2618aabb15d4b,p3_A6_placebo_s43_cv2,43,2,.json
C:\Users\Hngk\Documents\Codex\2026-09-07\use-the-autoresearch-skill-x20-https\outputs\STAGE2_RESEARCH_20260907\experiments\p3_A6_placebo_s43_cv2\history.jsonl,PROMPT_3\ARCHITECTURES\A6\RESULTS\RUNS\p3_A6_placebo_s43_cv2\history.jsonl,3b5a7dd5541bdd74aaec965853d298e075d623b803d1c1bba661dc7684e05373,p3_A6_placebo_s43_cv2,43,2,.jsonl
C:\Users\Hngk\Documents\Codex\2026-09-07\use-the-autoresearch-skill-x20-https\outputs\STAGE2_RESEARCH_20260907\experiments\p3_A6_placebo_s43_cv2\hypothesis.md,PROMPT_3\ARCHITECTURES\A6\RESULTS\RUNS\p3_A6_placebo_s43_cv2\hypothesis.md,0c2e758a95898e45dcff34477a7d388945865cd2d275dd68b935be09e55120f3,p3_A6_placebo_s43_cv2,43,2,.md
C:\Users\Hngk\Documents\Codex\2026-09-07\use-the-autoresearch-skill-x20-https\outputs\STAGE2_RESEARCH_20260907\experiments\p3_A6_placebo_s43_cv2\model.pt,PROMPT_3\ARCHITECTURES\A6\RESULTS\RUNS\p3_A6_placebo_s43_cv2\model.pt,f2ce55b4147719b58b0715667842698f32d0e539474b552a2595a2d0fe06aa99,p3_A6_placebo_s43_cv2,43,2,.pt
C:\Users\Hngk\Documents\Codex\2026-09-07\use-the-autoresearch-skill-x20-https\outputs\STAGE2_RESEARCH_20260907\experiments\p3_A6_placebo_s43_cv2\normalizer.json,PROMPT_3\ARCHITECTURES\A6\RESULTS\RUNS\p3_A6_placebo_s43_cv2\normalizer.json,7b8db83443d15f1e4550c77caf60ba47250e4ecf142b69501da33a525db76cd6,p3_A6_placebo_s43_cv2,43,2,.json
C:\Users\Hngk\Documents\Codex\2026-09-07\use-the-autoresearch-skill-x20-https\outputs\STAGE2_RESEARCH_20260907\experiments\p3_A6_placebo_s43_cv2\predictions.npz,PROMPT_3\ARCHITECTURES\A6\RESULTS\RUNS\p3_A6_placebo_s43_cv2\predictions.npz,c674082fb64565438b21dc99d2e97c93ba86a61f287dca4044ac3df1287a1dc5,p3_A6_placebo_s43_cv2,43,2,.npz
C:\Users\Hngk\Documents\Codex\2026-09-07\use-the-autoresearch-skill-x20-https\outputs\STAGE2_RESEARCH_20260907\experiments\p3_A6_placebo_s43_cv2\provenance.json,PROMPT_3\ARCHITECTURES\A6\RESULTS\RUNS\p3_A6_placebo_s43_cv2\provenance.json,bf5382f36ca02b5d5f552b6c16fd940ab13ffe77de65d91087a0b0990d3e9f12,p3_A6_placebo_s43_cv2,43,2,.json
C:\Users\Hngk\Documents\Codex\2026-09-07\use-the-autoresearch-skill-x20-https\outputs\STAGE2_RESEARCH_20260907\experiments\p3_A6_placebo_s43_cv2\summary.json,PROMPT_3\ARCHITECTURES\A6\RESULTS\RUNS\p3_A6_placebo_s43_cv2\summary.json,5ebf1ff1df20172b1f2c7957bfec20b85974d5e69c6bc5b30990107769bd1792,p3_A6_placebo_s43_cv2,43,2,.json
C:\Users\Hngk\Documents\Codex\2026-09-07\use-the-autoresearch-skill-x20-https\outputs\STAGE2_RESEARCH_20260907\experiments\p3_A6_real_s17_cv0\command.txt,PROMPT_3\ARCHITECTURES\A6\RESULTS\RUNS\p3_A6_real_s17_cv0\command.txt,252792e6ef3d8cfff6b4aa28c7ed8b22c4ddf0b4a4ed2ad90d0175da19344ac1,p3_A6_real_s17_cv0,17,0,.txt
C:\Users\Hngk\Documents\Codex\2026-09-07\use-the-autoresearch-skill-x20-https\outputs\STAGE2_RESEARCH_20260907\experiments\p3_A6_real_s17_cv0\config.json,PROMPT_3\ARCHITECTURES\A6\RESULTS\RUNS\p3_A6_real_s17_cv0\config.json,4acb72f0fba5ec3f7be07c36e1102de9096333db9ae5b6874b6897fcfa6445c8,p3_A6_real_s17_cv0,17,0,.json
C:\Users\Hngk\Documents\Codex\2026-09-07\use-the-autoresearch-skill-x20-https\outputs\STAGE2_RESEARCH_20260907\experiments\p3_A6_real_s17_cv0\history.jsonl,PROMPT_3\ARCHITECTURES\A6\RESULTS\RUNS\p3_A6_real_s17_cv0\history.jsonl,aee2b11cfbd9cbafcbda418096987f2216c03ce3eea5fefa569d2284dc571bda,p3_A6_real_s17_cv0,17,0,.jsonl
C:\Users\Hngk\Documents\Codex\2026-09-07\use-the-autoresearch-skill-x20-https\outputs\STAGE2_RESEARCH_20260907\experiments\p3_A6_real_s17_cv0\hypothesis.md,PROMPT_3\ARCHITECTURES\A6\RESULTS\RUNS\p3_A6_real_s17_cv0\hypothesis.md,3e4c544549700e3dc17fc1aef26e12d7089f164faef10d6c879088e431c69cc8,p3_A6_real_s17_cv0,17,0,.md
C:\Users\Hngk\Documents\Codex\2026-09-07\use-the-autoresearch-skill-x20-https\outputs\STAGE2_RESEARCH_20260907\experiments\p3_A6_real_s17_cv0\model.pt,PROMPT_3\ARCHITECTURES\A6\RESULTS\RUNS\p3_A6_real_s17_cv0\model.pt,4b8ff71a50a562a9f13e8cfa06011ec0eb784d427dfbe2c391e27dd2ad420e62,p3_A6_real_s17_cv0,17,0,.pt
C:\Users\Hngk\Documents\Codex\2026-09-07\use-the-autoresearch-skill-x20-https\outputs\STAGE2_RESEARCH_20260907\experiments\p3_A6_real_s17_cv0\normalizer.json,PROMPT_3\ARCHITECTURES\A6\RESULTS\RUNS\p3_A6_real_s17_cv0\normalizer.json,f75d5e56dcca6f2ff7aa13358de835631b823bbc37b6b08d02983940eb5ee49c,p3_A6_real_s17_cv0,17,0,.json
C:\Users\Hngk\Documents\Codex\2026-09-07\use-the-autoresearch-skill-x20-https\outputs\STAGE2_RESEARCH_20260907\experiments\p3_A6_real_s17_cv0\predictions.npz,PROMPT_3\ARCHITECTURES\A6\RESULTS\RUNS\p3_A6_real_s17_cv0\predictions.npz,1937dd4639a41ed9d781ccb9fbb40891ec939e5f6f17eac8054b3a70f81d1e5a,p3_A6_real_s17_cv0,17,0,.npz
C:\Users\Hngk\Documents\Codex\2026-09-07\use-the-autoresearch-skill-x20-https\outputs\STAGE2_RESEARCH_20260907\experiments\p3_A6_real_s17_cv0\provenance.json,PROMPT_3\ARCHITECTURES\A6\RESULTS\RUNS\p3_A6_real_s17_cv0\provenance.json,bf5382f36ca02b5d5f552b6c16fd940ab13ffe77de65d91087a0b0990d3e9f12,p3_A6_real_s17_cv0,17,0,.json
C:\Users\Hngk\Documents\Codex\2026-09-07\use-the-autoresearch-skill-x20-https\outputs\STAGE2_RESEARCH_20260907\experiments\p3_A6_real_s17_cv0\summary.json,PROMPT_3\ARCHITECTURES\A6\RESULTS\RUNS\p3_A6_real_s17_cv0\summary.json,3e9a8800df666937bfa42bcb783303c30b3e8d879e2523bdf5c6b3036c62ce6b,p3_A6_real_s17_cv0,17,0,.json
C:\Users\Hngk\Documents\Codex\2026-09-07\use-the-autoresearch-skill-x20-https\outputs\STAGE2_RESEARCH_20260907\experiments\p3_A6_real_s17_cv1\command.txt,PROMPT_3\ARCHITECTURES\A6\RESULTS\RUNS\p3_A6_real_s17_cv1\command.txt,90a7feed7a7bafe6baabd6453dfb8293eabf320bd2a69a6da81ed4fd21edda16,p3_A6_real_s17_cv1,17,1,.txt
C:\Users\Hngk\Documents\Codex\2026-09-07\use-the-autoresearch-skill-x20-https\outputs\STAGE2_RESEARCH_20260907\experiments\p3_A6_real_s17_cv1\config.json,PROMPT_3\ARCHITECTURES\A6\RESULTS\RUNS\p3_A6_real_s17_cv1\config.json,747f985580bedbe9c45984a4186c30245234984cb887af2fa3e2431f886b9913,p3_A6_real_s17_cv1,17,1,.json
C:\Users\Hngk\Documents\Codex\2026-09-07\use-the-autoresearch-skill-x20-https\outputs\STAGE2_RESEARCH_20260907\experiments\p3_A6_real_s17_cv1\history.jsonl,PROMPT_3\ARCHITECTURES\A6\RESULTS\RUNS\p3_A6_real_s17_cv1\history.jsonl,82bb29b2735bdd6dbc8e80f50f8cf89349cdb02ef9f4ea206713baaedd22f6c8,p3_A6_real_s17_cv1,17,1,.jsonl
C:\Users\Hngk\Documents\Codex\2026-09-07\use-the-autoresearch-skill-x20-https\outputs\STAGE2_RESEARCH_20260907\experiments\p3_A6_real_s17_cv1\hypothesis.md,PROMPT_3\ARCHITECTURES\A6\RESULTS\RUNS\p3_A6_real_s17_cv1\hypothesis.md,3e4c544549700e3dc17fc1aef26e12d7089f164faef10d6c879088e431c69cc8,p3_A6_real_s17_cv1,17,1,.md
C:\Users\Hngk\Documents\Codex\2026-09-07\use-the-autoresearch-skill-x20-https\outputs\STAGE2_RESEARCH_20260907\experiments\p3_A6_real_s17_cv1\model.pt,PROMPT_3\ARCHITECTURES\A6\RESULTS\RUNS\p3_A6_real_s17_cv1\model.pt,42d82c5bc781ad79541a9717add369e836e16952f2a8086903b67b6622e1efe6,p3_A6_real_s17_cv1,17,1,.pt
C:\Users\Hngk\Documents\Codex\2026-09-07\use-the-autoresearch-skill-x20-https\outputs\STAGE2_RESEARCH_20260907\experiments\p3_A6_real_s17_cv1\normalizer.json,PROMPT_3\ARCHITECTURES\A6\RESULTS\RUNS\p3_A6_real_s17_cv1\normalizer.json,3383fe0635cb468d084e5ebbd6144bb89768f6927f37c55e35b23ba5efd095cb,p3_A6_real_s17_cv1,17,1,.json
C:\Users\Hngk\Documents\Codex\2026-09-07\use-the-autoresearch-skill-x20-https\outputs\STAGE2_RESEARCH_20260907\experiments\p3_A6_real_s17_cv1\predictions.npz,PROMPT_3\ARCHITECTURES\A6\RESULTS\RUNS\p3_A6_real_s17_cv1\predictions.npz,0ffcc5e5b184d3e7072fff265ee21ee2fabc8905b0ac479404862fb7a1ff9632,p3_A6_real_s17_cv1,17,1,.npz
C:\Users\Hngk\Documents\Codex\2026-09-07\use-the-autoresearch-skill-x20-https\outputs\STAGE2_RESEARCH_20260907\experiments\p3_A6_real_s17_cv1\provenance.json,PROMPT_3\ARCHITECTURES\A6\RESULTS\RUNS\p3_A6_real_s17_cv1\provenance.json,bf5382f36ca02b5d5f552b6c16fd940ab13ffe77de65d91087a0b0990d3e9f12,p3_A6_real_s17_cv1,17,1,.json
C:\Users\Hngk\Documents\Codex\2026-09-07\use-the-autoresearch-skill-x20-https\outputs\STAGE2_RESEARCH_20260907\experiments\p3_A6_real_s17_cv1\summary.json,PROMPT_3\ARCHITECTURES\A6\RESULTS\RUNS\p3_A6_real_s17_cv1\summary.json,64dbc40bf8a64f58ba5d32b607e4f612f31bcb236af015286e36c8256a3fa9a2,p3_A6_real_s17_cv1,17,1,.json
C:\Users\Hngk\Documents\Codex\2026-09-07\use-the-autoresearch-skill-x20-https\outputs\STAGE2_RESEARCH_20260907\experiments\p3_A6_real_s17_cv2\command.txt,PROMPT_3\ARCHITECTURES\A6\RESULTS\RUNS\p3_A6_real_s17_cv2\command.txt,22c1e2b7f9bc65a2b95ed7c126450e40e72c8cde69236e5aeb9e81c20457bb15,p3_A6_real_s17_cv2,17,2,.txt
C:\Users\Hngk\Documents\Codex\2026-09-07\use-the-autoresearch-skill-x20-https\outputs\STAGE2_RESEARCH_20260907\experiments\p3_A6_real_s17_cv2\config.json,PROMPT_3\ARCHITECTURES\A6\RESULTS\RUNS\p3_A6_real_s17_cv2\config.json,73dc4fd50deca2c678139ebd16b75f7d32d6b58c625dbd9b0ccc0c26bb65aaa8,p3_A6_real_s17_cv2,17,2,.json
C:\Users\Hngk\Documents\Codex\2026-09-07\use-the-autoresearch-skill-x20-https\outputs\STAGE2_RESEARCH_20260907\experiments\p3_A6_real_s17_cv2\history.jsonl,PROMPT_3\ARCHITECTURES\A6\RESULTS\RUNS\p3_A6_real_s17_cv2\history.jsonl,b09d6684e40a6052d7b6fb9da47fbbc88c55f537f86e8fbcdd189667136350df,p3_A6_real_s17_cv2,17,2,.jsonl
C:\Users\Hngk\Documents\Codex\2026-09-07\use-the-autoresearch-skill-x20-https\outputs\STAGE2_RESEARCH_20260907\experiments\p3_A6_real_s17_cv2\hypothesis.md,PROMPT_3\ARCHITECTURES\A6\RESULTS\RUNS\p3_A6_real_s17_cv2\hypothesis.md,3e4c544549700e3dc17fc1aef26e12d7089f164faef10d6c879088e431c69cc8,p3_A6_real_s17_cv2,17,2,.md
C:\Users\Hngk\Documents\Codex\2026-09-07\use-the-autoresearch-skill-x20-https\outputs\STAGE2_RESEARCH_20260907\experiments\p3_A6_real_s17_cv2\model.pt,PROMPT_3\ARCHITECTURES\A6\RESULTS\RUNS\p3_A6_real_s17_cv2\model.pt,ca28058f09207f3696d0e0a72d1801c6de1962b6268242d6bc50a0cbcb2a06e1,p3_A6_real_s17_cv2,17,2,.pt
C:\Users\Hngk\Documents\Codex\2026-09-07\use-the-autoresearch-skill-x20-https\outputs\STAGE2_RESEARCH_20260907\experiments\p3_A6_real_s17_cv2\normalizer.json,PROMPT_3\ARCHITECTURES\A6\RESULTS\RUNS\p3_A6_real_s17_cv2\normalizer.json,96d50de899d030d0814f1b1de6a785fda82d824637a9237bf0cd5ed8f713a28b,p3_A6_real_s17_cv2,17,2,.json
C:\Users\Hngk\Documents\Codex\2026-09-07\use-the-autoresearch-skill-x20-https\outputs\STAGE2_RESEARCH_20260907\experiments\p3_A6_real_s17_cv2\predictions.npz,PROMPT_3\ARCHITECTURES\A6\RESULTS\RUNS\p3_A6_real_s17_cv2\predictions.npz,8441d7577eb34657bc858d11bbe0d2c85b67e9dd462a18627fa239b2df92fbfa,p3_A6_real_s17_cv2,17,2,.npz
C:\Users\Hngk\Documents\Codex\2026-09-07\use-the-autoresearch-skill-x20-https\outputs\STAGE2_RESEARCH_20260907\experiments\p3_A6_real_s17_cv2\provenance.json,PROMPT_3\ARCHITECTURES\A6\RESULTS\RUNS\p3_A6_real_s17_cv2\provenance.json,bf5382f36ca02b5d5f552b6c16fd940ab13ffe77de65d91087a0b0990d3e9f12,p3_A6_real_s17_cv2,17,2,.json
C:\Users\Hngk\Documents\Codex\2026-09-07\use-the-autoresearch-skill-x20-https\outputs\STAGE2_RESEARCH_20260907\experiments\p3_A6_real_s17_cv2\summary.json,PROMPT_3\ARCHITECTURES\A6\RESULTS\RUNS\p3_A6_real_s17_cv2\summary.json,2a9c5aace47b48a8f5136ae70fd8844b680474ddaa730b76134a3c3ea3235264,p3_A6_real_s17_cv2,17,2,.json
C:\Users\Hngk\Documents\Codex\2026-09-07\use-the-autoresearch-skill-x20-https\outputs\STAGE2_RESEARCH_20260907\experiments\p3_A6_real_s29_cv0\command.txt,PROMPT_3\ARCHITECTURES\A6\RESULTS\RUNS\p3_A6_real_s29_cv0\command.txt,c1dd25b00a5fffdd471a5371f9ce96d106371646f7e8ebbad2774f6c751714d4,p3_A6_real_s29_cv0,29,0,.txt
C:\Users\Hngk\Documents\Codex\2026-09-07\use-the-autoresearch-skill-x20-https\outputs\STAGE2_RESEARCH_20260907\experiments\p3_A6_real_s29_cv0\config.json,PROMPT_3\ARCHITECTURES\A6\RESULTS\RUNS\p3_A6_real_s29_cv0\config.json,704528f772fcb3e2e05481bd43fbb3d6207d502c4792606f70690f1ee361f095,p3_A6_real_s29_cv0,29,0,.json
C:\Users\Hngk\Documents\Codex\2026-09-07\use-the-autoresearch-skill-x20-https\outputs\STAGE2_RESEARCH_20260907\experiments\p3_A6_real_s29_cv0\history.jsonl,PROMPT_3\ARCHITECTURES\A6\RESULTS\RUNS\p3_A6_real_s29_cv0\history.jsonl,72e740aa5b70c911f065251cb3c837adc012549492dcbb87163fe38041811c2f,p3_A6_real_s29_cv0,29,0,.jsonl
C:\Users\Hngk\Documents\Codex\2026-09-07\use-the-autoresearch-skill-x20-https\outputs\STAGE2_RESEARCH_20260907\experiments\p3_A6_real_s29_cv0\hypothesis.md,PROMPT_3\ARCHITECTURES\A6\RESULTS\RUNS\p3_A6_real_s29_cv0\hypothesis.md,3e4c544549700e3dc17fc1aef26e12d7089f164faef10d6c879088e431c69cc8,p3_A6_real_s29_cv0,29,0,.md
C:\Users\Hngk\Documents\Codex\2026-09-07\use-the-autoresearch-skill-x20-https\outputs\STAGE2_RESEARCH_20260907\experiments\p3_A6_real_s29_cv0\model.pt,PROMPT_3\ARCHITECTURES\A6\RESULTS\RUNS\p3_A6_real_s29_cv0\model.pt,217a5e21638b0876a9a70c12fc7909d6401b47aac64387809ad3e0946fb0bf1c,p3_A6_real_s29_cv0,29,0,.pt
C:\Users\Hngk\Documents\Codex\2026-09-07\use-the-autoresearch-skill-x20-https\outputs\STAGE2_RESEARCH_20260907\experiments\p3_A6_real_s29_cv0\normalizer.json,PROMPT_3\ARCHITECTURES\A6\RESULTS\RUNS\p3_A6_real_s29_cv0\normalizer.json,f75d5e56dcca6f2ff7aa13358de835631b823bbc37b6b08d02983940eb5ee49c,p3_A6_real_s29_cv0,29,0,.json
C:\Users\Hngk\Documents\Codex\2026-09-07\use-the-autoresearch-skill-x20-https\outputs\STAGE2_RESEARCH_20260907\experiments\p3_A6_real_s29_cv0\predictions.npz,PROMPT_3\ARCHITECTURES\A6\RESULTS\RUNS\p3_A6_real_s29_cv0\predictions.npz,6acdbadedaf730722ec0d726be15cfb84e956c3d3424702657014a3609d43972,p3_A6_real_s29_cv0,29,0,.npz
C:\Users\Hngk\Documents\Codex\2026-09-07\use-the-autoresearch-skill-x20-https\outputs\STAGE2_RESEARCH_20260907\experiments\p3_A6_real_s29_cv0\provenance.json,PROMPT_3\ARCHITECTURES\A6\RESULTS\RUNS\p3_A6_real_s29_cv0\provenance.json,bf5382f36ca02b5d5f552b6c16fd940ab13ffe77de65d91087a0b0990d3e9f12,p3_A6_real_s29_cv0,29,0,.json
C:\Users\Hngk\Documents\Codex\2026-09-07\use-the-autoresearch-skill-x20-https\outputs\STAGE2_RESEARCH_20260907\experiments\p3_A6_real_s29_cv0\summary.json,PROMPT_3\ARCHITECTURES\A6\RESULTS\RUNS\p3_A6_real_s29_cv0\summary.json,ebe5704e8c978759761ec74d7aa71b6c7f1c19ed0e17aab37d88dbc0b628f5d8,p3_A6_real_s29_cv0,29,0,.json
C:\Users\Hngk\Documents\Codex\2026-09-07\use-the-autoresearch-skill-x20-https\outputs\STAGE2_RESEARCH_20260907\experiments\p3_A6_real_s29_cv1\command.txt,PROMPT_3\ARCHITECTURES\A6\RESULTS\RUNS\p3_A6_real_s29_cv1\command.txt,def731266c9f503a23cb364ad39a168c737815214bc82b119d9209ca6282f2ca,p3_A6_real_s29_cv1,29,1,.txt
C:\Users\Hngk\Documents\Codex\2026-09-07\use-the-autoresearch-skill-x20-https\outputs\STAGE2_RESEARCH_20260907\experiments\p3_A6_real_s29_cv1\config.json,PROMPT_3\ARCHITECTURES\A6\RESULTS\RUNS\p3_A6_real_s29_cv1\config.json,d60ff8ac78a861922be68f1e4e53fffd60a87fc63cddd566ebcf02db62cf1fd8,p3_A6_real_s29_cv1,29,1,.json
C:\Users\Hngk\Documents\Codex\2026-09-07\use-the-autoresearch-skill-x20-https\outputs\STAGE2_RESEARCH_20260907\experiments\p3_A6_real_s29_cv1\history.jsonl,PROMPT_3\ARCHITECTURES\A6\RESULTS\RUNS\p3_A6_real_s29_cv1\history.jsonl,69caf5b3681d1eec6549ca6735096beb3cf9c9e263e7a71203869e74f128e6a6,p3_A6_real_s29_cv1,29,1,.jsonl
C:\Users\Hngk\Documents\Codex\2026-09-07\use-the-autoresearch-skill-x20-https\outputs\STAGE2_RESEARCH_20260907\experiments\p3_A6_real_s29_cv1\hypothesis.md,PROMPT_3\ARCHITECTURES\A6\RESULTS\RUNS\p3_A6_real_s29_cv1\hypothesis.md,3e4c544549700e3dc17fc1aef26e12d7089f164faef10d6c879088e431c69cc8,p3_A6_real_s29_cv1,29,1,.md
C:\Users\Hngk\Documents\Codex\2026-09-07\use-the-autoresearch-skill-x20-https\outputs\STAGE2_RESEARCH_20260907\experiments\p3_A6_real_s29_cv1\model.pt,PROMPT_3\ARCHITECTURES\A6\RESULTS\RUNS\p3_A6_real_s29_cv1\model.pt,52ec09974be112c37cc59c9947d365923c3a8ea7667f47748a94e4ce5bf1cdca,p3_A6_real_s29_cv1,29,1,.pt
C:\Users\Hngk\Documents\Codex\2026-09-07\use-the-autoresearch-skill-x20-https\outputs\STAGE2_RESEARCH_20260907\experiments\p3_A6_real_s29_cv1\normalizer.json,PROMPT_3\ARCHITECTURES\A6\RESULTS\RUNS\p3_A6_real_s29_cv1\normalizer.json,3383fe0635cb468d084e5ebbd6144bb89768f6927f37c55e35b23ba5efd095cb,p3_A6_real_s29_cv1,29,1,.json
C:\Users\Hngk\Documents\Codex\2026-09-07\use-the-autoresearch-skill-x20-https\outputs\STAGE2_RESEARCH_20260907\experiments\p3_A6_real_s29_cv1\predictions.npz,PROMPT_3\ARCHITECTURES\A6\RESULTS\RUNS\p3_A6_real_s29_cv1\predictions.npz,826dd0ee9eb554c4b823ab15cbbf9e167c5c3d687e18ebd4b5dcb9dd665dba90,p3_A6_real_s29_cv1,29,1,.npz
C:\Users\Hngk\Documents\Codex\2026-09-07\use-the-autoresearch-skill-x20-https\outputs\STAGE2_RESEARCH_20260907\experiments\p3_A6_real_s29_cv1\provenance.json,PROMPT_3\ARCHITECTURES\A6\RESULTS\RUNS\p3_A6_real_s29_cv1\provenance.json,bf5382f36ca02b5d5f552b6c16fd940ab13ffe77de65d91087a0b0990d3e9f12,p3_A6_real_s29_cv1,29,1,.json
C:\Users\Hngk\Documents\Codex\2026-09-07\use-the-autoresearch-skill-x20-https\outputs\STAGE2_RESEARCH_20260907\experiments\p3_A6_real_s29_cv1\summary.json,PROMPT_3\ARCHITECTURES\A6\RESULTS\RUNS\p3_A6_real_s29_cv1\summary.json,7977d64b8027b629dd4cd6f1a125509840458a39765f7f5f2512ea4acd83c705,p3_A6_real_s29_cv1,29,1,.json
C:\Users\Hngk\Documents\Codex\2026-09-07\use-the-autoresearch-skill-x20-https\outputs\STAGE2_RESEARCH_20260907\experiments\p3_A6_real_s29_cv2\command.txt,PROMPT_3\ARCHITECTURES\A6\RESULTS\RUNS\p3_A6_real_s29_cv2\command.txt,235584116d0d66b45a6623d76352fe7fbc3d04873fcca8219188efd1dfcc9b2b,p3_A6_real_s29_cv2,29,2,.txt
C:\Users\Hngk\Documents\Codex\2026-09-07\use-the-autoresearch-skill-x20-https\outputs\STAGE2_RESEARCH_20260907\experiments\p3_A6_real_s29_cv2\config.json,PROMPT_3\ARCHITECTURES\A6\RESULTS\RUNS\p3_A6_real_s29_cv2\config.json,df6543d1f8fc924fd517937475a8ccddcb2730015f8529dc48e201eaaaf88abc,p3_A6_real_s29_cv2,29,2,.json
C:\Users\Hngk\Documents\Codex\2026-09-07\use-the-autoresearch-skill-x20-https\outputs\STAGE2_RESEARCH_20260907\experiments\p3_A6_real_s29_cv2\history.jsonl,PROMPT_3\ARCHITECTURES\A6\RESULTS\RUNS\p3_A6_real_s29_cv2\history.jsonl,d5884701dc2517e34b0e90736e325d053a98f9ab8c8c695957b877aee0b260ea,p3_A6_real_s29_cv2,29,2,.jsonl
C:\Users\Hngk\Documents\Codex\2026-09-07\use-the-autoresearch-skill-x20-https\outputs\STAGE2_RESEARCH_20260907\experiments\p3_A6_real_s29_cv2\hypothesis.md,PROMPT_3\ARCHITECTURES\A6\RESULTS\RUNS\p3_A6_real_s29_cv2\hypothesis.md,3e4c544549700e3dc17fc1aef26e12d7089f164faef10d6c879088e431c69cc8,p3_A6_real_s29_cv2,29,2,.md
C:\Users\Hngk\Documents\Codex\2026-09-07\use-the-autoresearch-skill-x20-https\outputs\STAGE2_RESEARCH_20260907\experiments\p3_A6_real_s29_cv2\model.pt,PROMPT_3\ARCHITECTURES\A6\RESULTS\RUNS\p3_A6_real_s29_cv2\model.pt,36651aaf75a4882334bbb6e8d22d03f32a0975e736f73061ecb29506927a1357,p3_A6_real_s29_cv2,29,2,.pt
C:\Users\Hngk\Documents\Codex\2026-09-07\use-the-autoresearch-skill-x20-https\outputs\STAGE2_RESEARCH_20260907\experiments\p3_A6_real_s29_cv2\normalizer.json,PROMPT_3\ARCHITECTURES\A6\RESULTS\RUNS\p3_A6_real_s29_cv2\normalizer.json,96d50de899d030d0814f1b1de6a785fda82d824637a9237bf0cd5ed8f713a28b,p3_A6_real_s29_cv2,29,2,.json
C:\Users\Hngk\Documents\Codex\2026-09-07\use-the-autoresearch-skill-x20-https\outputs\STAGE2_RESEARCH_20260907\experiments\p3_A6_real_s29_cv2\predictions.npz,PROMPT_3\ARCHITECTURES\A6\RESULTS\RUNS\p3_A6_real_s29_cv2\predictions.npz,b1d48a1ccadba7b9ff00c604accc9a8e81ec18cf0dffba1a915e35b8a397fef7,p3_A6_real_s29_cv2,29,2,.npz
C:\Users\Hngk\Documents\Codex\2026-09-07\use-the-autoresearch-skill-x20-https\outputs\STAGE2_RESEARCH_20260907\experiments\p3_A6_real_s29_cv2\provenance.json,PROMPT_3\ARCHITECTURES\A6\RESULTS\RUNS\p3_A6_real_s29_cv2\provenance.json,bf5382f36ca02b5d5f552b6c16fd940ab13ffe77de65d91087a0b0990d3e9f12,p3_A6_real_s29_cv2,29,2,.json
C:\Users\Hngk\Documents\Codex\2026-09-07\use-the-autoresearch-skill-x20-https\outputs\STAGE2_RESEARCH_20260907\experiments\p3_A6_real_s29_cv2\summary.json,PROMPT_3\ARCHITECTURES\A6\RESULTS\RUNS\p3_A6_real_s29_cv2\summary.json,cfbe1c8cadccc0df625f81173b87e6123615f8e762d5d29651cbdb96770075f2,p3_A6_real_s29_cv2,29,2,.json
C:\Users\Hngk\Documents\Codex\2026-09-07\use-the-autoresearch-skill-x20-https\outputs\STAGE2_RESEARCH_20260907\experiments\p3_A6_real_s43_cv0\command.txt,PROMPT_3\ARCHITECTURES\A6\RESULTS\RUNS\p3_A6_real_s43_cv0\command.txt,00cd9a743a98f5fbd20b4c9a90dceaa678972c02eb0bcb402b7f71aa848ba1f3,p3_A6_real_s43_cv0,43,0,.txt
C:\Users\Hngk\Documents\Codex\2026-09-07\use-the-autoresearch-skill-x20-https\outputs\STAGE2_RESEARCH_20260907\experiments\p3_A6_real_s43_cv0\config.json,PROMPT_3\ARCHITECTURES\A6\RESULTS\RUNS\p3_A6_real_s43_cv0\config.json,b012785fe6df7c820052b87fc639cf53666d9428dc2d06c99a7fd171d9457bf0,p3_A6_real_s43_cv0,43,0,.json
C:\Users\Hngk\Documents\Codex\2026-09-07\use-the-autoresearch-skill-x20-https\outputs\STAGE2_RESEARCH_20260907\experiments\p3_A6_real_s43_cv0\history.jsonl,PROMPT_3\ARCHITECTURES\A6\RESULTS\RUNS\p3_A6_real_s43_cv0\history.jsonl,97779310d9eeaf72a810484ed943a8015a7ed05afa31ea15ad46f9517f1a1c9f,p3_A6_real_s43_cv0,43,0,.jsonl
C:\Users\Hngk\Documents\Codex\2026-09-07\use-the-autoresearch-skill-x20-https\outputs\STAGE2_RESEARCH_20260907\experiments\p3_A6_real_s43_cv0\hypothesis.md,PROMPT_3\ARCHITECTURES\A6\RESULTS\RUNS\p3_A6_real_s43_cv0\hypothesis.md,3e4c544549700e3dc17fc1aef26e12d7089f164faef10d6c879088e431c69cc8,p3_A6_real_s43_cv0,43,0,.md
C:\Users\Hngk\Documents\Codex\2026-09-07\use-the-autoresearch-skill-x20-https\outputs\STAGE2_RESEARCH_20260907\experiments\p3_A6_real_s43_cv0\model.pt,PROMPT_3\ARCHITECTURES\A6\RESULTS\RUNS\p3_A6_real_s43_cv0\model.pt,221d7dbb45d7360dfc543d02eac11aa9b1313ad05eaa1552cc9178f0f51bef4d,p3_A6_real_s43_cv0,43,0,.pt
C:\Users\Hngk\Documents\Codex\2026-09-07\use-the-autoresearch-skill-x20-https\outputs\STAGE2_RESEARCH_20260907\experiments\p3_A6_real_s43_cv0\normalizer.json,PROMPT_3\ARCHITECTURES\A6\RESULTS\RUNS\p3_A6_real_s43_cv0\normalizer.json,f75d5e56dcca6f2ff7aa13358de835631b823bbc37b6b08d02983940eb5ee49c,p3_A6_real_s43_cv0,43,0,.json
C:\Users\Hngk\Documents\Codex\2026-09-07\use-the-autoresearch-skill-x20-https\outputs\STAGE2_RESEARCH_20260907\experiments\p3_A6_real_s43_cv0\predictions.npz,PROMPT_3\ARCHITECTURES\A6\RESULTS\RUNS\p3_A6_real_s43_cv0\predictions.npz,99638335215e3e2a3d89c3d202cd5bbe72ee142ac6d13dfc9bb012f3ef88b576,p3_A6_real_s43_cv0,43,0,.npz
C:\Users\Hngk\Documents\Codex\2026-09-07\use-the-autoresearch-skill-x20-https\outputs\STAGE2_RESEARCH_20260907\experiments\p3_A6_real_s43_cv0\provenance.json,PROMPT_3\ARCHITECTURES\A6\RESULTS\RUNS\p3_A6_real_s43_cv0\provenance.json,bf5382f36ca02b5d5f552b6c16fd940ab13ffe77de65d91087a0b0990d3e9f12,p3_A6_real_s43_cv0,43,0,.json
C:\Users\Hngk\Documents\Codex\2026-09-07\use-the-autoresearch-skill-x20-https\outputs\STAGE2_RESEARCH_20260907\experiments\p3_A6_real_s43_cv0\summary.json,PROMPT_3\ARCHITECTURES\A6\RESULTS\RUNS\p3_A6_real_s43_cv0\summary.json,ca8e4e5ab1ba156dc12989d27e3c229c4c990057c8062347a83a217563c5aefc,p3_A6_real_s43_cv0,43,0,.json
C:\Users\Hngk\Documents\Codex\2026-09-07\use-the-autoresearch-skill-x20-https\outputs\STAGE2_RESEARCH_20260907\experiments\p3_A6_real_s43_cv1\command.txt,PROMPT_3\ARCHITECTURES\A6\RESULTS\RUNS\p3_A6_real_s43_cv1\command.txt,701bc563190ed3d34d26fdf3e42c5920a19bf7a76fcd74eeb1f6c321bd8bc6ee,p3_A6_real_s43_cv1,43,1,.txt
C:\Users\Hngk\Documents\Codex\2026-09-07\use-the-autoresearch-skill-x20-https\outputs\STAGE2_RESEARCH_20260907\experiments\p3_A6_real_s43_cv1\config.json,PROMPT_3\ARCHITECTURES\A6\RESULTS\RUNS\p3_A6_real_s43_cv1\config.json,262a467d88dd265b0878f7c496b7cd13f1cd528851bc8211eccd846fc41826d3,p3_A6_real_s43_cv1,43,1,.json
C:\Users\Hngk\Documents\Codex\2026-09-07\use-the-autoresearch-skill-x20-https\outputs\STAGE2_RESEARCH_20260907\experiments\p3_A6_real_s43_cv1\history.jsonl,PROMPT_3\ARCHITECTURES\A6\RESULTS\RUNS\p3_A6_real_s43_cv1\history.jsonl,f257aff4506186259051a6ee71ddb8194b2bdc571e4b678353071d4c55b56335,p3_A6_real_s43_cv1,43,1,.jsonl
C:\Users\Hngk\Documents\Codex\2026-09-07\use-the-autoresearch-skill-x20-https\outputs\STAGE2_RESEARCH_20260907\experiments\p3_A6_real_s43_cv1\hypothesis.md,PROMPT_3\ARCHITECTURES\A6\RESULTS\RUNS\p3_A6_real_s43_cv1\hypothesis.md,3e4c544549700e3dc17fc1aef26e12d7089f164faef10d6c879088e431c69cc8,p3_A6_real_s43_cv1,43,1,.md
C:\Users\Hngk\Documents\Codex\2026-09-07\use-the-autoresearch-skill-x20-https\outputs\STAGE2_RESEARCH_20260907\experiments\p3_A6_real_s43_cv1\model.pt,PROMPT_3\ARCHITECTURES\A6\RESULTS\RUNS\p3_A6_real_s43_cv1\model.pt,b5a1e01a48d3e4713df35b7094c474ffa1e5c0f2805d0626a161e3317c8b496e,p3_A6_real_s43_cv1,43,1,.pt
C:\Users\Hngk\Documents\Codex\2026-09-07\use-the-autoresearch-skill-x20-https\outputs\STAGE2_RESEARCH_20260907\experiments\p3_A6_real_s43_cv1\normalizer.json,PROMPT_3\ARCHITECTURES\A6\RESULTS\RUNS\p3_A6_real_s43_cv1\normalizer.json,3383fe0635cb468d084e5ebbd6144bb89768f6927f37c55e35b23ba5efd095cb,p3_A6_real_s43_cv1,43,1,.json
C:\Users\Hngk\Documents\Codex\2026-09-07\use-the-autoresearch-skill-x20-https\outputs\STAGE2_RESEARCH_20260907\experiments\p3_A6_real_s43_cv1\predictions.npz,PROMPT_3\ARCHITECTURES\A6\RESULTS\RUNS\p3_A6_real_s43_cv1\predictions.npz,7083e40c29df007f772066b29ba514afb84a087707b02e8df4b9d9646d191861,p3_A6_real_s43_cv1,43,1,.npz
C:\Users\Hngk\Documents\Codex\2026-09-07\use-the-autoresearch-skill-x20-https\outputs\STAGE2_RESEARCH_20260907\experiments\p3_A6_real_s43_cv1\provenance.json,PROMPT_3\ARCHITECTURES\A6\RESULTS\RUNS\p3_A6_real_s43_cv1\provenance.json,bf5382f36ca02b5d5f552b6c16fd940ab13ffe77de65d91087a0b0990d3e9f12,p3_A6_real_s43_cv1,43,1,.json
C:\Users\Hngk\Documents\Codex\2026-09-07\use-the-autoresearch-skill-x20-https\outputs\STAGE2_RESEARCH_20260907\experiments\p3_A6_real_s43_cv1\summary.json,PROMPT_3\ARCHITECTURES\A6\RESULTS\RUNS\p3_A6_real_s43_cv1\summary.json,30be2f569a2986270af13fc879077fde7077cc435f6d1b9ecb878e6ead9ecbb6,p3_A6_real_s43_cv1,43,1,.json
C:\Users\Hngk\Documents\Codex\2026-09-07\use-the-autoresearch-skill-x20-https\outputs\STAGE2_RESEARCH_20260907\experiments\p3_A6_real_s43_cv2\command.txt,PROMPT_3\ARCHITECTURES\A6\RESULTS\RUNS\p3_A6_real_s43_cv2\command.txt,8fe6ab28779cebfbd0a7b726d7b0c3e1c30bcc50b18f9ffb84812cebc9837f62,p3_A6_real_s43_cv2,43,2,.txt
C:\Users\Hngk\Documents\Codex\2026-09-07\use-the-autoresearch-skill-x20-https\outputs\STAGE2_RESEARCH_20260907\experiments\p3_A6_real_s43_cv2\config.json,PROMPT_3\ARCHITECTURES\A6\RESULTS\RUNS\p3_A6_real_s43_cv2\config.json,833a19d195ef956214d882d9b516aad60d068673624807721c0be677dd8fa18b,p3_A6_real_s43_cv2,43,2,.json
C:\Users\Hngk\Documents\Codex\2026-09-07\use-the-autoresearch-skill-x20-https\outputs\STAGE2_RESEARCH_20260907\experiments\p3_A6_real_s43_cv2\history.jsonl,PROMPT_3\ARCHITECTURES\A6\RESULTS\RUNS\p3_A6_real_s43_cv2\history.jsonl,6847496879fa39948ff27eba6e17f8fcc7c91540a7e18f4a18961f18d28cb0a3,p3_A6_real_s43_cv2,43,2,.jsonl
C:\Users\Hngk\Documents\Codex\2026-09-07\use-the-autoresearch-skill-x20-https\outputs\STAGE2_RESEARCH_20260907\experiments\p3_A6_real_s43_cv2\hypothesis.md,PROMPT_3\ARCHITECTURES\A6\RESULTS\RUNS\p3_A6_real_s43_cv2\hypothesis.md,3e4c544549700e3dc17fc1aef26e12d7089f164faef10d6c879088e431c69cc8,p3_A6_real_s43_cv2,43,2,.md
C:\Users\Hngk\Documents\Codex\2026-09-07\use-the-autoresearch-skill-x20-https\outputs\STAGE2_RESEARCH_20260907\experiments\p3_A6_real_s43_cv2\model.pt,PROMPT_3\ARCHITECTURES\A6\RESULTS\RUNS\p3_A6_real_s43_cv2\model.pt,38fcdf840240737a1da0a122082a7bf7a939630c227a1cdbde5482482900d719,p3_A6_real_s43_cv2,43,2,.pt
C:\Users\Hngk\Documents\Codex\2026-09-07\use-the-autoresearch-skill-x20-https\outputs\STAGE2_RESEARCH_20260907\experiments\p3_A6_real_s43_cv2\normalizer.json,PROMPT_3\ARCHITECTURES\A6\RESULTS\RUNS\p3_A6_real_s43_cv2\normalizer.json,96d50de899d030d0814f1b1de6a785fda82d824637a9237bf0cd5ed8f713a28b,p3_A6_real_s43_cv2,43,2,.json
C:\Users\Hngk\Documents\Codex\2026-09-07\use-the-autoresearch-skill-x20-https\outputs\STAGE2_RESEARCH_20260907\experiments\p3_A6_real_s43_cv2\predictions.npz,PROMPT_3\ARCHITECTURES\A6\RESULTS\RUNS\p3_A6_real_s43_cv2\predictions.npz,1388935668a85285acfe2be700c3ca2cfaf769391e4ca8260ef7a1bc0d93accf,p3_A6_real_s43_cv2,43,2,.npz
C:\Users\Hngk\Documents\Codex\2026-09-07\use-the-autoresearch-skill-x20-https\outputs\STAGE2_RESEARCH_20260907\experiments\p3_A6_real_s43_cv2\provenance.json,PROMPT_3\ARCHITECTURES\A6\RESULTS\RUNS\p3_A6_real_s43_cv2\provenance.json,bf5382f36ca02b5d5f552b6c16fd940ab13ffe77de65d91087a0b0990d3e9f12,p3_A6_real_s43_cv2,43,2,.json
C:\Users\Hngk\Documents\Codex\2026-09-07\use-the-autoresearch-skill-x20-https\outputs\STAGE2_RESEARCH_20260907\experiments\p3_A6_real_s43_cv2\summary.json,PROMPT_3\ARCHITECTURES\A6\RESULTS\RUNS\p3_A6_real_s43_cv2\summary.json,ab207f570f38155e3a6ec410b17268df213e8bc7ba36b1b8e9d0dd740bd194b9,p3_A6_real_s43_cv2,43,2,.json
C:\Users\Hngk\Documents\Codex\2026-09-07\use-the-autoresearch-skill-x20-https\outputs\STAGE2_RESEARCH_20260907\experiments\p3_A6_shuffle_s17_cv0\command.txt,PROMPT_3\ARCHITECTURES\A6\RESULTS\RUNS\p3_A6_shuffle_s17_cv0\command.txt,7b88a4a517283a8f27954bd67f31721f073b6e306c9cf62e2d847b8bcb3c4cc7,p3_A6_shuffle_s17_cv0,17,0,.txt
C:\Users\Hngk\Documents\Codex\2026-09-07\use-the-autoresearch-skill-x20-https\outputs\STAGE2_RESEARCH_20260907\experiments\p3_A6_shuffle_s17_cv0\config.json,PROMPT_3\ARCHITECTURES\A6\RESULTS\RUNS\p3_A6_shuffle_s17_cv0\config.json,7525029e86b0325a51deb91ed7ac4cabdbcc3aaae0223222214cd0ff9611c314,p3_A6_shuffle_s17_cv0,17,0,.json
C:\Users\Hngk\Documents\Codex\2026-09-07\use-the-autoresearch-skill-x20-https\outputs\STAGE2_RESEARCH_20260907\experiments\p3_A6_shuffle_s17_cv0\history.jsonl,PROMPT_3\ARCHITECTURES\A6\RESULTS\RUNS\p3_A6_shuffle_s17_cv0\history.jsonl,fadcdbfd45e420c8c70b4bedab6475edb4786e6cc1a366fe545b7bc17ed46c0c,p3_A6_shuffle_s17_cv0,17,0,.jsonl
C:\Users\Hngk\Documents\Codex\2026-09-07\use-the-autoresearch-skill-x20-https\outputs\STAGE2_RESEARCH_20260907\experiments\p3_A6_shuffle_s17_cv0\hypothesis.md,PROMPT_3\ARCHITECTURES\A6\RESULTS\RUNS\p3_A6_shuffle_s17_cv0\hypothesis.md,1e20d8a6f1571b9a394f9811b5a52a429baa34bf30c70d27914e261f4e6c6a12,p3_A6_shuffle_s17_cv0,17,0,.md
C:\Users\Hngk\Documents\Codex\2026-09-07\use-the-autoresearch-skill-x20-https\outputs\STAGE2_RESEARCH_20260907\experiments\p3_A6_shuffle_s17_cv0\model.pt,PROMPT_3\ARCHITECTURES\A6\RESULTS\RUNS\p3_A6_shuffle_s17_cv0\model.pt,f6c286faad40192784b76991db51e52bcfd96afb8848674b619e64223bd9b217,p3_A6_shuffle_s17_cv0,17,0,.pt
C:\Users\Hngk\Documents\Codex\2026-09-07\use-the-autoresearch-skill-x20-https\outputs\STAGE2_RESEARCH_20260907\experiments\p3_A6_shuffle_s17_cv0\normalizer.json,PROMPT_3\ARCHITECTURES\A6\RESULTS\RUNS\p3_A6_shuffle_s17_cv0\normalizer.json,556a64a330bd26a2766e7e660e9792107d9dac7156e5a6686e942e732b893c1b,p3_A6_shuffle_s17_cv0,17,0,.json
C:\Users\Hngk\Documents\Codex\2026-09-07\use-the-autoresearch-skill-x20-https\outputs\STAGE2_RESEARCH_20260907\experiments\p3_A6_shuffle_s17_cv0\predictions.npz,PROMPT_3\ARCHITECTURES\A6\RESULTS\RUNS\p3_A6_shuffle_s17_cv0\predictions.npz,d4c96ee6759f7bd528e547fa09b730641b4164e0a376988c87a54f9b41b8ccc8,p3_A6_shuffle_s17_cv0,17,0,.npz
C:\Users\Hngk\Documents\Codex\2026-09-07\use-the-autoresearch-skill-x20-https\outputs\STAGE2_RESEARCH_20260907\experiments\p3_A6_shuffle_s17_cv0\provenance.json,PROMPT_3\ARCHITECTURES\A6\RESULTS\RUNS\p3_A6_shuffle_s17_cv0\provenance.json,bf5382f36ca02b5d5f552b6c16fd940ab13ffe77de65d91087a0b0990d3e9f12,p3_A6_shuffle_s17_cv0,17,0,.json
C:\Users\Hngk\Documents\Codex\2026-09-07\use-the-autoresearch-skill-x20-https\outputs\STAGE2_RESEARCH_20260907\experiments\p3_A6_shuffle_s17_cv0\summary.json,PROMPT_3\ARCHITECTURES\A6\RESULTS\RUNS\p3_A6_shuffle_s17_cv0\summary.json,46fa7e322cd8af90e3ab0dd25a9d269c845601ddf06c9e991569eb4007b49c0a,p3_A6_shuffle_s17_cv0,17,0,.json
C:\Users\Hngk\Documents\Codex\2026-09-07\use-the-autoresearch-skill-x20-https\outputs\STAGE2_RESEARCH_20260907\experiments\p3_A6_shuffle_s17_cv1\command.txt,PROMPT_3\ARCHITECTURES\A6\RESULTS\RUNS\p3_A6_shuffle_s17_cv1\command.txt,a8f63a64169dfe4deeafee1b3ebd721aefec327b37667ade2e29af11078a7949,p3_A6_shuffle_s17_cv1,17,1,.txt
C:\Users\Hngk\Documents\Codex\2026-09-07\use-the-autoresearch-skill-x20-https\outputs\STAGE2_RESEARCH_20260907\experiments\p3_A6_shuffle_s17_cv1\config.json,PROMPT_3\ARCHITECTURES\A6\RESULTS\RUNS\p3_A6_shuffle_s17_cv1\config.json,5590a713e0a179c9e245e178937946494b6ffffa7e0449cac0a2c2d06e04d03b,p3_A6_shuffle_s17_cv1,17,1,.json
C:\Users\Hngk\Documents\Codex\2026-09-07\use-the-autoresearch-skill-x20-https\outputs\STAGE2_RESEARCH_20260907\experiments\p3_A6_shuffle_s17_cv1\history.jsonl,PROMPT_3\ARCHITECTURES\A6\RESULTS\RUNS\p3_A6_shuffle_s17_cv1\history.jsonl,471d0ade0939bce7a7d1047016fc8e5475be5355c7983c5115612cde390c3415,p3_A6_shuffle_s17_cv1,17,1,.jsonl
C:\Users\Hngk\Documents\Codex\2026-09-07\use-the-autoresearch-skill-x20-https\outputs\STAGE2_RESEARCH_20260907\experiments\p3_A6_shuffle_s17_cv1\hypothesis.md,PROMPT_3\ARCHITECTURES\A6\RESULTS\RUNS\p3_A6_shuffle_s17_cv1\hypothesis.md,1e20d8a6f1571b9a394f9811b5a52a429baa34bf30c70d27914e261f4e6c6a12,p3_A6_shuffle_s17_cv1,17,1,.md
C:\Users\Hngk\Documents\Codex\2026-09-07\use-the-autoresearch-skill-x20-https\outputs\STAGE2_RESEARCH_20260907\experiments\p3_A6_shuffle_s17_cv1\model.pt,PROMPT_3\ARCHITECTURES\A6\RESULTS\RUNS\p3_A6_shuffle_s17_cv1\model.pt,24094a72621be94daf27c776f8264b958c83bb38cf89ac50faf4f072fe1cd92c,p3_A6_shuffle_s17_cv1,17,1,.pt
C:\Users\Hngk\Documents\Codex\2026-09-07\use-the-autoresearch-skill-x20-https\outputs\STAGE2_RESEARCH_20260907\experiments\p3_A6_shuffle_s17_cv1\normalizer.json,PROMPT_3\ARCHITECTURES\A6\RESULTS\RUNS\p3_A6_shuffle_s17_cv1\normalizer.json,2bfc011e3fc4a938eba13ae74e803499885442724b00cebac6f4cd0faaa63ecd,p3_A6_shuffle_s17_cv1,17,1,.json
C:\Users\Hngk\Documents\Codex\2026-09-07\use-the-autoresearch-skill-x20-https\outputs\STAGE2_RESEARCH_20260907\experiments\p3_A6_shuffle_s17_cv1\predictions.npz,PROMPT_3\ARCHITECTURES\A6\RESULTS\RUNS\p3_A6_shuffle_s17_cv1\predictions.npz,142fd4d5ce1ddd7d9079e4349e31f84dff341c34de87f1d491456098610391ac,p3_A6_shuffle_s17_cv1,17,1,.npz
C:\Users\Hngk\Documents\Codex\2026-09-07\use-the-autoresearch-skill-x20-https\outputs\STAGE2_RESEARCH_20260907\experiments\p3_A6_shuffle_s17_cv1\provenance.json,PROMPT_3\ARCHITECTURES\A6\RESULTS\RUNS\p3_A6_shuffle_s17_cv1\provenance.json,bf5382f36ca02b5d5f552b6c16fd940ab13ffe77de65d91087a0b0990d3e9f12,p3_A6_shuffle_s17_cv1,17,1,.json
C:\Users\Hngk\Documents\Codex\2026-09-07\use-the-autoresearch-skill-x20-https\outputs\STAGE2_RESEARCH_20260907\experiments\p3_A6_shuffle_s17_cv1\summary.json,PROMPT_3\ARCHITECTURES\A6\RESULTS\RUNS\p3_A6_shuffle_s17_cv1\summary.json,57defced51545f2fccff4b4063a61f997df5bb22e53074bfe62c235a7aac0fc3,p3_A6_shuffle_s17_cv1,17,1,.json
C:\Users\Hngk\Documents\Codex\2026-09-07\use-the-autoresearch-skill-x20-https\outputs\STAGE2_RESEARCH_20260907\experiments\p3_A6_shuffle_s17_cv2\command.txt,PROMPT_3\ARCHITECTURES\A6\RESULTS\RUNS\p3_A6_shuffle_s17_cv2\command.txt,a777875799e54b7230c89899ca7f70076dfb9c0e59bb8f5639e22e8ee8ba6d26,p3_A6_shuffle_s17_cv2,17,2,.txt
C:\Users\Hngk\Documents\Codex\2026-09-07\use-the-autoresearch-skill-x20-https\outputs\STAGE2_RESEARCH_20260907\experiments\p3_A6_shuffle_s17_cv2\config.json,PROMPT_3\ARCHITECTURES\A6\RESULTS\RUNS\p3_A6_shuffle_s17_cv2\config.json,87a566de93deb70bc527f66d818ab410c984a46e7ad054c48dff19c98a1c7033,p3_A6_shuffle_s17_cv2,17,2,.json
C:\Users\Hngk\Documents\Codex\2026-09-07\use-the-autoresearch-skill-x20-https\outputs\STAGE2_RESEARCH_20260907\experiments\p3_A6_shuffle_s17_cv2\history.jsonl,PROMPT_3\ARCHITECTURES\A6\RESULTS\RUNS\p3_A6_shuffle_s17_cv2\history.jsonl,58e8273610db8c4750a2e54f49263e0eda4adc75ec7f1e62cc4770a5637c5c3e,p3_A6_shuffle_s17_cv2,17,2,.jsonl
C:\Users\Hngk\Documents\Codex\2026-09-07\use-the-autoresearch-skill-x20-https\outputs\STAGE2_RESEARCH_20260907\experiments\p3_A6_shuffle_s17_cv2\hypothesis.md,PROMPT_3\ARCHITECTURES\A6\RESULTS\RUNS\p3_A6_shuffle_s17_cv2\hypothesis.md,1e20d8a6f1571b9a394f9811b5a52a429baa34bf30c70d27914e261f4e6c6a12,p3_A6_shuffle_s17_cv2,17,2,.md
C:\Users\Hngk\Documents\Codex\2026-09-07\use-the-autoresearch-skill-x20-https\outputs\STAGE2_RESEARCH_20260907\experiments\p3_A6_shuffle_s17_cv2\model.pt,PROMPT_3\ARCHITECTURES\A6\RESULTS\RUNS\p3_A6_shuffle_s17_cv2\model.pt,6a8aae0ae5fb3476a3a377c0cc364a031dc2437517a6db81233603bf8d05aaa5,p3_A6_shuffle_s17_cv2,17,2,.pt
C:\Users\Hngk\Documents\Codex\2026-09-07\use-the-autoresearch-skill-x20-https\outputs\STAGE2_RESEARCH_20260907\experiments\p3_A6_shuffle_s17_cv2\normalizer.json,PROMPT_3\ARCHITECTURES\A6\RESULTS\RUNS\p3_A6_shuffle_s17_cv2\normalizer.json,d8acb91748a764af17cf77ba8d2018a411e95ead14ee32968500d873889fecfd,p3_A6_shuffle_s17_cv2,17,2,.json
C:\Users\Hngk\Documents\Codex\2026-09-07\use-the-autoresearch-skill-x20-https\outputs\STAGE2_RESEARCH_20260907\experiments\p3_A6_shuffle_s17_cv2\predictions.npz,PROMPT_3\ARCHITECTURES\A6\RESULTS\RUNS\p3_A6_shuffle_s17_cv2\predictions.npz,82959e9f50d06a0aa1fd345c6255b0204483ef0f19acdf0854470595e652e530,p3_A6_shuffle_s17_cv2,17,2,.npz
C:\Users\Hngk\Documents\Codex\2026-09-07\use-the-autoresearch-skill-x20-https\outputs\STAGE2_RESEARCH_20260907\experiments\p3_A6_shuffle_s17_cv2\provenance.json,PROMPT_3\ARCHITECTURES\A6\RESULTS\RUNS\p3_A6_shuffle_s17_cv2\provenance.json,bf5382f36ca02b5d5f552b6c16fd940ab13ffe77de65d91087a0b0990d3e9f12,p3_A6_shuffle_s17_cv2,17,2,.json
C:\Users\Hngk\Documents\Codex\2026-09-07\use-the-autoresearch-skill-x20-https\outputs\STAGE2_RESEARCH_20260907\experiments\p3_A6_shuffle_s17_cv2\summary.json,PROMPT_3\ARCHITECTURES\A6\RESULTS\RUNS\p3_A6_shuffle_s17_cv2\summary.json,813ec9850c91d6774b378c325dc0beec33c19baaac2b06f5fc50807229704cec,p3_A6_shuffle_s17_cv2,17,2,.json
C:\Users\Hngk\Documents\Codex\2026-09-07\use-the-autoresearch-skill-x20-https\outputs\STAGE2_RESEARCH_20260907\experiments\p3_A6_shuffle_s29_cv0\command.txt,PROMPT_3\ARCHITECTURES\A6\RESULTS\RUNS\p3_A6_shuffle_s29_cv0\command.txt,b4b54f3e873e56f3425589852d101f6b49ecf4c648eed9b0365e426e4ca57f8d,p3_A6_shuffle_s29_cv0,29,0,.txt
C:\Users\Hngk\Documents\Codex\2026-09-07\use-the-autoresearch-skill-x20-https\outputs\STAGE2_RESEARCH_20260907\experiments\p3_A6_shuffle_s29_cv0\config.json,PROMPT_3\ARCHITECTURES\A6\RESULTS\RUNS\p3_A6_shuffle_s29_cv0\config.json,04e89ea5c985cbec9e8bc0cb883e73d1030dedc7cafb7b2c920f10c8fe398932,p3_A6_shuffle_s29_cv0,29,0,.json
C:\Users\Hngk\Documents\Codex\2026-09-07\use-the-autoresearch-skill-x20-https\outputs\STAGE2_RESEARCH_20260907\experiments\p3_A6_shuffle_s29_cv0\history.jsonl,PROMPT_3\ARCHITECTURES\A6\RESULTS\RUNS\p3_A6_shuffle_s29_cv0\history.jsonl,c73609f56dd490b91e5dac27a25c9160395b7bd2cff80d6d8990b79427b66169,p3_A6_shuffle_s29_cv0,29,0,.jsonl
C:\Users\Hngk\Documents\Codex\2026-09-07\use-the-autoresearch-skill-x20-https\outputs\STAGE2_RESEARCH_20260907\experiments\p3_A6_shuffle_s29_cv0\hypothesis.md,PROMPT_3\ARCHITECTURES\A6\RESULTS\RUNS\p3_A6_shuffle_s29_cv0\hypothesis.md,1e20d8a6f1571b9a394f9811b5a52a429baa34bf30c70d27914e261f4e6c6a12,p3_A6_shuffle_s29_cv0,29,0,.md
C:\Users\Hngk\Documents\Codex\2026-09-07\use-the-autoresearch-skill-x20-https\outputs\STAGE2_RESEARCH_20260907\experiments\p3_A6_shuffle_s29_cv0\model.pt,PROMPT_3\ARCHITECTURES\A6\RESULTS\RUNS\p3_A6_shuffle_s29_cv0\model.pt,7b7842760ab3c97e7524373945507b2ccb59c54ff030a3b9ac931c7dc4cf3ea6,p3_A6_shuffle_s29_cv0,29,0,.pt
C:\Users\Hngk\Documents\Codex\2026-09-07\use-the-autoresearch-skill-x20-https\outputs\STAGE2_RESEARCH_20260907\experiments\p3_A6_shuffle_s29_cv0\normalizer.json,PROMPT_3\ARCHITECTURES\A6\RESULTS\RUNS\p3_A6_shuffle_s29_cv0\normalizer.json,af2144fc1485f0a2655938348ae8adba6c9507a3a473642751a8abbfd464ca47,p3_A6_shuffle_s29_cv0,29,0,.json
C:\Users\Hngk\Documents\Codex\2026-09-07\use-the-autoresearch-skill-x20-https\outputs\STAGE2_RESEARCH_20260907\experiments\p3_A6_shuffle_s29_cv0\predictions.npz,PROMPT_3\ARCHITECTURES\A6\RESULTS\RUNS\p3_A6_shuffle_s29_cv0\predictions.npz,d0b495fa2da4dc79388d4196e47130678c82bb3129b289c2bbcf50afbd15cdad,p3_A6_shuffle_s29_cv0,29,0,.npz
C:\Users\Hngk\Documents\Codex\2026-09-07\use-the-autoresearch-skill-x20-https\outputs\STAGE2_RESEARCH_20260907\experiments\p3_A6_shuffle_s29_cv0\provenance.json,PROMPT_3\ARCHITECTURES\A6\RESULTS\RUNS\p3_A6_shuffle_s29_cv0\provenance.json,bf5382f36ca02b5d5f552b6c16fd940ab13ffe77de65d91087a0b0990d3e9f12,p3_A6_shuffle_s29_cv0,29,0,.json
C:\Users\Hngk\Documents\Codex\2026-09-07\use-the-autoresearch-skill-x20-https\outputs\STAGE2_RESEARCH_20260907\experiments\p3_A6_shuffle_s29_cv0\summary.json,PROMPT_3\ARCHITECTURES\A6\RESULTS\RUNS\p3_A6_shuffle_s29_cv0\summary.json,b66f1ec74fea19fcecbd123d779a048d92a11b7e85e8f616149438158a0017ca,p3_A6_shuffle_s29_cv0,29,0,.json
C:\Users\Hngk\Documents\Codex\2026-09-07\use-the-autoresearch-skill-x20-https\outputs\STAGE2_RESEARCH_20260907\experiments\p3_A6_shuffle_s29_cv1\command.txt,PROMPT_3\ARCHITECTURES\A6\RESULTS\RUNS\p3_A6_shuffle_s29_cv1\command.txt,9dc90cd6b6fca996b3b17971c10473c8cd227860dc5ab198939a2342095db336,p3_A6_shuffle_s29_cv1,29,1,.txt
C:\Users\Hngk\Documents\Codex\2026-09-07\use-the-autoresearch-skill-x20-https\outputs\STAGE2_RESEARCH_20260907\experiments\p3_A6_shuffle_s29_cv1\config.json,PROMPT_3\ARCHITECTURES\A6\RESULTS\RUNS\p3_A6_shuffle_s29_cv1\config.json,2ce8f2f021b39453ea6fee003a36c44dde46dc777d800235695c039930666c77,p3_A6_shuffle_s29_cv1,29,1,.json
C:\Users\Hngk\Documents\Codex\2026-09-07\use-the-autoresearch-skill-x20-https\outputs\STAGE2_RESEARCH_20260907\experiments\p3_A6_shuffle_s29_cv1\history.jsonl,PROMPT_3\ARCHITECTURES\A6\RESULTS\RUNS\p3_A6_shuffle_s29_cv1\history.jsonl,40e4ec49d2bebcb8bb9ee2dc0d301278e9f57285a28130b5b7b3072f0d470cf6,p3_A6_shuffle_s29_cv1,29,1,.jsonl
C:\Users\Hngk\Documents\Codex\2026-09-07\use-the-autoresearch-skill-x20-https\outputs\STAGE2_RESEARCH_20260907\experiments\p3_A6_shuffle_s29_cv1\hypothesis.md,PROMPT_3\ARCHITECTURES\A6\RESULTS\RUNS\p3_A6_shuffle_s29_cv1\hypothesis.md,1e20d8a6f1571b9a394f9811b5a52a429baa34bf30c70d27914e261f4e6c6a12,p3_A6_shuffle_s29_cv1,29,1,.md
C:\Users\Hngk\Documents\Codex\2026-09-07\use-the-autoresearch-skill-x20-https\outputs\STAGE2_RESEARCH_20260907\experiments\p3_A6_shuffle_s29_cv1\model.pt,PROMPT_3\ARCHITECTURES\A6\RESULTS\RUNS\p3_A6_shuffle_s29_cv1\model.pt,8840842c603c9b3631537e00e2a8efe15dea8a048a182f871480dba7e3d2ff40,p3_A6_shuffle_s29_cv1,29,1,.pt
C:\Users\Hngk\Documents\Codex\2026-09-07\use-the-autoresearch-skill-x20-https\outputs\STAGE2_RESEARCH_20260907\experiments\p3_A6_shuffle_s29_cv1\normalizer.json,PROMPT_3\ARCHITECTURES\A6\RESULTS\RUNS\p3_A6_shuffle_s29_cv1\normalizer.json,337863b442d902c51258d9a7ed529250c3ef1fc4a0764fc440ab6c3498c4ef56,p3_A6_shuffle_s29_cv1,29,1,.json
C:\Users\Hngk\Documents\Codex\2026-09-07\use-the-autoresearch-skill-x20-https\outputs\STAGE2_RESEARCH_20260907\experiments\p3_A6_shuffle_s29_cv1\predictions.npz,PROMPT_3\ARCHITECTURES\A6\RESULTS\RUNS\p3_A6_shuffle_s29_cv1\predictions.npz,a4a5ac212d06196dcd96a97d8b835f372c690843a1924962c44cbbb65d338821,p3_A6_shuffle_s29_cv1,29,1,.npz
C:\Users\Hngk\Documents\Codex\2026-09-07\use-the-autoresearch-skill-x20-https\outputs\STAGE2_RESEARCH_20260907\experiments\p3_A6_shuffle_s29_cv1\provenance.json,PROMPT_3\ARCHITECTURES\A6\RESULTS\RUNS\p3_A6_shuffle_s29_cv1\provenance.json,bf5382f36ca02b5d5f552b6c16fd940ab13ffe77de65d91087a0b0990d3e9f12,p3_A6_shuffle_s29_cv1,29,1,.json
C:\Users\Hngk\Documents\Codex\2026-09-07\use-the-autoresearch-skill-x20-https\outputs\STAGE2_RESEARCH_20260907\experiments\p3_A6_shuffle_s29_cv1\summary.json,PROMPT_3\ARCHITECTURES\A6\RESULTS\RUNS\p3_A6_shuffle_s29_cv1\summary.json,1b75207d477ebf71621b7b9fe8fd68533e77efc52bbf5d74c24145a1ecbb7c59,p3_A6_shuffle_s29_cv1,29,1,.json
C:\Users\Hngk\Documents\Codex\2026-09-07\use-the-autoresearch-skill-x20-https\outputs\STAGE2_RESEARCH_20260907\experiments\p3_A6_shuffle_s29_cv2\command.txt,PROMPT_3\ARCHITECTURES\A6\RESULTS\RUNS\p3_A6_shuffle_s29_cv2\command.txt,1ab4812b4bf670a06c1bd510a5ccb84c1af44a1abe85653469fbbafb50fb3de6,p3_A6_shuffle_s29_cv2,29,2,.txt
C:\Users\Hngk\Documents\Codex\2026-09-07\use-the-autoresearch-skill-x20-https\outputs\STAGE2_RESEARCH_20260907\experiments\p3_A6_shuffle_s29_cv2\config.json,PROMPT_3\ARCHITECTURES\A6\RESULTS\RUNS\p3_A6_shuffle_s29_cv2\config.json,4ac64050317f62ab0ab2adbebb674f16119bd4193e4d349f422e96c800f240d2,p3_A6_shuffle_s29_cv2,29,2,.json
C:\Users\Hngk\Documents\Codex\2026-09-07\use-the-autoresearch-skill-x20-https\outputs\STAGE2_RESEARCH_20260907\experiments\p3_A6_shuffle_s29_cv2\history.jsonl,PROMPT_3\ARCHITECTURES\A6\RESULTS\RUNS\p3_A6_shuffle_s29_cv2\history.jsonl,a71f45a33ea8f5deec2e08eccd5df1d5161694080d48c78b0e3f4d7420e11c04,p3_A6_shuffle_s29_cv2,29,2,.jsonl
C:\Users\Hngk\Documents\Codex\2026-09-07\use-the-autoresearch-skill-x20-https\outputs\STAGE2_RESEARCH_20260907\experiments\p3_A6_shuffle_s29_cv2\hypothesis.md,PROMPT_3\ARCHITECTURES\A6\RESULTS\RUNS\p3_A6_shuffle_s29_cv2\hypothesis.md,1e20d8a6f1571b9a394f9811b5a52a429baa34bf30c70d27914e261f4e6c6a12,p3_A6_shuffle_s29_cv2,29,2,.md
C:\Users\Hngk\Documents\Codex\2026-09-07\use-the-autoresearch-skill-x20-https\outputs\STAGE2_RESEARCH_20260907\experiments\p3_A6_shuffle_s29_cv2\model.pt,PROMPT_3\ARCHITECTURES\A6\RESULTS\RUNS\p3_A6_shuffle_s29_cv2\model.pt,01ebb865e2ea335b9936d68b33747f1d00bcbe2d642edf12d0b4fad2ff24ab4b,p3_A6_shuffle_s29_cv2,29,2,.pt
C:\Users\Hngk\Documents\Codex\2026-09-07\use-the-autoresearch-skill-x20-https\outputs\STAGE2_RESEARCH_20260907\experiments\p3_A6_shuffle_s29_cv2\normalizer.json,PROMPT_3\ARCHITECTURES\A6\RESULTS\RUNS\p3_A6_shuffle_s29_cv2\normalizer.json,95817499e4711055a9c7e65c6a2de4f03be12c8107c530498a6b388d9c8a56be,p3_A6_shuffle_s29_cv2,29,2,.json
C:\Users\Hngk\Documents\Codex\2026-09-07\use-the-autoresearch-skill-x20-https\outputs\STAGE2_RESEARCH_20260907\experiments\p3_A6_shuffle_s29_cv2\predictions.npz,PROMPT_3\ARCHITECTURES\A6\RESULTS\RUNS\p3_A6_shuffle_s29_cv2\predictions.npz,3cb0e3b364525607382a96a32e44efd8433642fb14daf5e5bdd0f42ad1878f04,p3_A6_shuffle_s29_cv2,29,2,.npz
C:\Users\Hngk\Documents\Codex\2026-09-07\use-the-autoresearch-skill-x20-https\outputs\STAGE2_RESEARCH_20260907\experiments\p3_A6_shuffle_s29_cv2\provenance.json,PROMPT_3\ARCHITECTURES\A6\RESULTS\RUNS\p3_A6_shuffle_s29_cv2\provenance.json,bf5382f36ca02b5d5f552b6c16fd940ab13ffe77de65d91087a0b0990d3e9f12,p3_A6_shuffle_s29_cv2,29,2,.json
C:\Users\Hngk\Documents\Codex\2026-09-07\use-the-autoresearch-skill-x20-https\outputs\STAGE2_RESEARCH_20260907\experiments\p3_A6_shuffle_s29_cv2\summary.json,PROMPT_3\ARCHITECTURES\A6\RESULTS\RUNS\p3_A6_shuffle_s29_cv2\summary.json,f9daa33c9742d2160baa2281a76872fe357ad35ccbff80df62f3d4b5b0819839,p3_A6_shuffle_s29_cv2,29,2,.json
C:\Users\Hngk\Documents\Codex\2026-09-07\use-the-autoresearch-skill-x20-https\outputs\STAGE2_RESEARCH_20260907\experiments\p3_A6_shuffle_s43_cv0\command.txt,PROMPT_3\ARCHITECTURES\A6\RESULTS\RUNS\p3_A6_shuffle_s43_cv0\command.txt,08cde57febd388977972de91ba0fb4c9a654914ecd6f42caa436febd9d92d605,p3_A6_shuffle_s43_cv0,43,0,.txt
C:\Users\Hngk\Documents\Codex\2026-09-07\use-the-autoresearch-skill-x20-https\outputs\STAGE2_RESEARCH_20260907\experiments\p3_A6_shuffle_s43_cv0\config.json,PROMPT_3\ARCHITECTURES\A6\RESULTS\RUNS\p3_A6_shuffle_s43_cv0\config.json,9553ccbc4084b3c506db487f146f3216a95eb5277853806bcf79a82a64e775d2,p3_A6_shuffle_s43_cv0,43,0,.json
C:\Users\Hngk\Documents\Codex\2026-09-07\use-the-autoresearch-skill-x20-https\outputs\STAGE2_RESEARCH_20260907\experiments\p3_A6_shuffle_s43_cv0\history.jsonl,PROMPT_3\ARCHITECTURES\A6\RESULTS\RUNS\p3_A6_shuffle_s43_cv0\history.jsonl,a7bfc4bf1960db6f2d2e3a75789a8ef6adff5fc630212d306a36b70077970fed,p3_A6_shuffle_s43_cv0,43,0,.jsonl
C:\Users\Hngk\Documents\Codex\2026-09-07\use-the-autoresearch-skill-x20-https\outputs\STAGE2_RESEARCH_20260907\experiments\p3_A6_shuffle_s43_cv0\hypothesis.md,PROMPT_3\ARCHITECTURES\A6\RESULTS\RUNS\p3_A6_shuffle_s43_cv0\hypothesis.md,1e20d8a6f1571b9a394f9811b5a52a429baa34bf30c70d27914e261f4e6c6a12,p3_A6_shuffle_s43_cv0,43,0,.md
C:\Users\Hngk\Documents\Codex\2026-09-07\use-the-autoresearch-skill-x20-https\outputs\STAGE2_RESEARCH_20260907\experiments\p3_A6_shuffle_s43_cv0\model.pt,PROMPT_3\ARCHITECTURES\A6\RESULTS\RUNS\p3_A6_shuffle_s43_cv0\model.pt,8c06709728cd84a6c73168d3e394c4761a7a31942ad73029057c65b43f94b2e2,p3_A6_shuffle_s43_cv0,43,0,.pt
C:\Users\Hngk\Documents\Codex\2026-09-07\use-the-autoresearch-skill-x20-https\outputs\STAGE2_RESEARCH_20260907\experiments\p3_A6_shuffle_s43_cv0\normalizer.json,PROMPT_3\ARCHITECTURES\A6\RESULTS\RUNS\p3_A6_shuffle_s43_cv0\normalizer.json,f95925290cdf5ed691a69616ed03c742b311ef4dafed43dc4c3c225e38c8f890,p3_A6_shuffle_s43_cv0,43,0,.json
C:\Users\Hngk\Documents\Codex\2026-09-07\use-the-autoresearch-skill-x20-https\outputs\STAGE2_RESEARCH_20260907\experiments\p3_A6_shuffle_s43_cv0\predictions.npz,PROMPT_3\ARCHITECTURES\A6\RESULTS\RUNS\p3_A6_shuffle_s43_cv0\predictions.npz,6209c03ae3d17670745f90114c27e6886f5928b5739cba6bbd6df0085272eb01,p3_A6_shuffle_s43_cv0,43,0,.npz
C:\Users\Hngk\Documents\Codex\2026-09-07\use-the-autoresearch-skill-x20-https\outputs\STAGE2_RESEARCH_20260907\experiments\p3_A6_shuffle_s43_cv0\provenance.json,PROMPT_3\ARCHITECTURES\A6\RESULTS\RUNS\p3_A6_shuffle_s43_cv0\provenance.json,bf5382f36ca02b5d5f552b6c16fd940ab13ffe77de65d91087a0b0990d3e9f12,p3_A6_shuffle_s43_cv0,43,0,.json
C:\Users\Hngk\Documents\Codex\2026-09-07\use-the-autoresearch-skill-x20-https\outputs\STAGE2_RESEARCH_20260907\experiments\p3_A6_shuffle_s43_cv0\summary.json,PROMPT_3\ARCHITECTURES\A6\RESULTS\RUNS\p3_A6_shuffle_s43_cv0\summary.json,d318d7773352f44fbae109e2f0d84bbb575abfac28c409b0f59dd25da0a315b6,p3_A6_shuffle_s43_cv0,43,0,.json
C:\Users\Hngk\Documents\Codex\2026-09-07\use-the-autoresearch-skill-x20-https\outputs\STAGE2_RESEARCH_20260907\experiments\p3_A6_shuffle_s43_cv1\command.txt,PROMPT_3\ARCHITECTURES\A6\RESULTS\RUNS\p3_A6_shuffle_s43_cv1\command.txt,6d90f28e359e2fcf7f7422cdca8eafbc1a129c42905a36ad839cc0d6eec2e704,p3_A6_shuffle_s43_cv1,43,1,.txt
C:\Users\Hngk\Documents\Codex\2026-09-07\use-the-autoresearch-skill-x20-https\outputs\STAGE2_RESEARCH_20260907\experiments\p3_A6_shuffle_s43_cv1\config.json,PROMPT_3\ARCHITECTURES\A6\RESULTS\RUNS\p3_A6_shuffle_s43_cv1\config.json,1621a8a5aee800252d41fd7a97adbb107af13640077c4cd83a626ec4d3290c0f,p3_A6_shuffle_s43_cv1,43,1,.json
C:\Users\Hngk\Documents\Codex\2026-09-07\use-the-autoresearch-skill-x20-https\outputs\STAGE2_RESEARCH_20260907\experiments\p3_A6_shuffle_s43_cv1\history.jsonl,PROMPT_3\ARCHITECTURES\A6\RESULTS\RUNS\p3_A6_shuffle_s43_cv1\history.jsonl,a20f3513be8a8d7ffbba00d9a01483293d5f291993ea724efeed6243a321d4ab,p3_A6_shuffle_s43_cv1,43,1,.jsonl
C:\Users\Hngk\Documents\Codex\2026-09-07\use-the-autoresearch-skill-x20-https\outputs\STAGE2_RESEARCH_20260907\experiments\p3_A6_shuffle_s43_cv1\hypothesis.md,PROMPT_3\ARCHITECTURES\A6\RESULTS\RUNS\p3_A6_shuffle_s43_cv1\hypothesis.md,1e20d8a6f1571b9a394f9811b5a52a429baa34bf30c70d27914e261f4e6c6a12,p3_A6_shuffle_s43_cv1,43,1,.md
C:\Users\Hngk\Documents\Codex\2026-09-07\use-the-autoresearch-skill-x20-https\outputs\STAGE2_RESEARCH_20260907\experiments\p3_A6_shuffle_s43_cv1\model.pt,PROMPT_3\ARCHITECTURES\A6\RESULTS\RUNS\p3_A6_shuffle_s43_cv1\model.pt,2133e6623b5423db95e633cd1733a0d253e88e39a9defb26ac9fd70cd17ff19b,p3_A6_shuffle_s43_cv1,43,1,.pt
C:\Users\Hngk\Documents\Codex\2026-09-07\use-the-autoresearch-skill-x20-https\outputs\STAGE2_RESEARCH_20260907\experiments\p3_A6_shuffle_s43_cv1\normalizer.json,PROMPT_3\ARCHITECTURES\A6\RESULTS\RUNS\p3_A6_shuffle_s43_cv1\normalizer.json,2a21bf5d7ed71eba56fc73605db392f5e638eca28d0a49e474480b636465987f,p3_A6_shuffle_s43_cv1,43,1,.json
C:\Users\Hngk\Documents\Codex\2026-09-07\use-the-autoresearch-skill-x20-https\outputs\STAGE2_RESEARCH_20260907\experiments\p3_A6_shuffle_s43_cv1\predictions.npz,PROMPT_3\ARCHITECTURES\A6\RESULTS\RUNS\p3_A6_shuffle_s43_cv1\predictions.npz,ec8d753f8d0e3a0710889d3004d263c8c36894963905cdd0a2a142e060a83ea4,p3_A6_shuffle_s43_cv1,43,1,.npz
C:\Users\Hngk\Documents\Codex\2026-09-07\use-the-autoresearch-skill-x20-https\outputs\STAGE2_RESEARCH_20260907\experiments\p3_A6_shuffle_s43_cv1\provenance.json,PROMPT_3\ARCHITECTURES\A6\RESULTS\RUNS\p3_A6_shuffle_s43_cv1\provenance.json,bf5382f36ca02b5d5f552b6c16fd940ab13ffe77de65d91087a0b0990d3e9f12,p3_A6_shuffle_s43_cv1,43,1,.json
C:\Users\Hngk\Documents\Codex\2026-09-07\use-the-autoresearch-skill-x20-https\outputs\STAGE2_RESEARCH_20260907\experiments\p3_A6_shuffle_s43_cv1\summary.json,PROMPT_3\ARCHITECTURES\A6\RESULTS\RUNS\p3_A6_shuffle_s43_cv1\summary.json,67f05914cfad9bba453ccc4da71c9538670c6ecef1ca1305c16869d0a27e6eed,p3_A6_shuffle_s43_cv1,43,1,.json
C:\Users\Hngk\Documents\Codex\2026-09-07\use-the-autoresearch-skill-x20-https\outputs\STAGE2_RESEARCH_20260907\experiments\p3_A6_shuffle_s43_cv2\command.txt,PROMPT_3\ARCHITECTURES\A6\RESULTS\RUNS\p3_A6_shuffle_s43_cv2\command.txt,3730a4a680ff6bd6b3d89b5008d04d6cd77b1670cf1ef59451c8647a3ba6da36,p3_A6_shuffle_s43_cv2,43,2,.txt
C:\Users\Hngk\Documents\Codex\2026-09-07\use-the-autoresearch-skill-x20-https\outputs\STAGE2_RESEARCH_20260907\experiments\p3_A6_shuffle_s43_cv2\config.json,PROMPT_3\ARCHITECTURES\A6\RESULTS\RUNS\p3_A6_shuffle_s43_cv2\config.json,922f525e875d45b6922161de3bdebdcb8eabb5fa6f43b4bb32f8a6993ab48816,p3_A6_shuffle_s43_cv2,43,2,.json
C:\Users\Hngk\Documents\Codex\2026-09-07\use-the-autoresearch-skill-x20-https\outputs\STAGE2_RESEARCH_20260907\experiments\p3_A6_shuffle_s43_cv2\history.jsonl,PROMPT_3\ARCHITECTURES\A6\RESULTS\RUNS\p3_A6_shuffle_s43_cv2\history.jsonl,9f1e0c5ac26e9a9c25768dc2bcad810bb9edb5d8afb6d7d60de5e2644df38a1a,p3_A6_shuffle_s43_cv2,43,2,.jsonl
C:\Users\Hngk\Documents\Codex\2026-09-07\use-the-autoresearch-skill-x20-https\outputs\STAGE2_RESEARCH_20260907\experiments\p3_A6_shuffle_s43_cv2\hypothesis.md,PROMPT_3\ARCHITECTURES\A6\RESULTS\RUNS\p3_A6_shuffle_s43_cv2\hypothesis.md,1e20d8a6f1571b9a394f9811b5a52a429baa34bf30c70d27914e261f4e6c6a12,p3_A6_shuffle_s43_cv2,43,2,.md
C:\Users\Hngk\Documents\Codex\2026-09-07\use-the-autoresearch-skill-x20-https\outputs\STAGE2_RESEARCH_20260907\experiments\p3_A6_shuffle_s43_cv2\model.pt,PROMPT_3\ARCHITECTURES\A6\RESULTS\RUNS\p3_A6_shuffle_s43_cv2\model.pt,184add4ad08c6416561334fbf7635ec42cfde9d32144f89412bf28030c559f4e,p3_A6_shuffle_s43_cv2,43,2,.pt
C:\Users\Hngk\Documents\Codex\2026-09-07\use-the-autoresearch-skill-x20-https\outputs\STAGE2_RESEARCH_20260907\experiments\p3_A6_shuffle_s43_cv2\normalizer.json,PROMPT_3\ARCHITECTURES\A6\RESULTS\RUNS\p3_A6_shuffle_s43_cv2\normalizer.json,8e50c5ffba166706b51128b98720d5f94a1633ffdfc3234fc44fb77c6a5281a4,p3_A6_shuffle_s43_cv2,43,2,.json
C:\Users\Hngk\Documents\Codex\2026-09-07\use-the-autoresearch-skill-x20-https\outputs\STAGE2_RESEARCH_20260907\experiments\p3_A6_shuffle_s43_cv2\predictions.npz,PROMPT_3\ARCHITECTURES\A6\RESULTS\RUNS\p3_A6_shuffle_s43_cv2\predictions.npz,a0104fb3a2f4292ada6b1edf37df379b2506a3bbcbf9182d7592d7a2dfd087cf,p3_A6_shuffle_s43_cv2,43,2,.npz
C:\Users\Hngk\Documents\Codex\2026-09-07\use-the-autoresearch-skill-x20-https\outputs\STAGE2_RESEARCH_20260907\experiments\p3_A6_shuffle_s43_cv2\provenance.json,PROMPT_3\ARCHITECTURES\A6\RESULTS\RUNS\p3_A6_shuffle_s43_cv2\provenance.json,bf5382f36ca02b5d5f552b6c16fd940ab13ffe77de65d91087a0b0990d3e9f12,p3_A6_shuffle_s43_cv2,43,2,.json
C:\Users\Hngk\Documents\Codex\2026-09-07\use-the-autoresearch-skill-x20-https\outputs\STAGE2_RESEARCH_20260907\experiments\p3_A6_shuffle_s43_cv2\summary.json,PROMPT_3\ARCHITECTURES\A6\RESULTS\RUNS\p3_A6_shuffle_s43_cv2\summary.json,6d13d02029e27f4bdd2a7887a170c4ecd8f0ac53f83cb94498dbd398a8fa64d8,p3_A6_shuffle_s43_cv2,43,2,.json
