prompt,experiment_family,experiment_id,hypothesis,baseline,changed_variable,parameter_count,seeds,folds,epoch_budget,ROI_F1,delta,uncertainty,semantic_F1,per_class_harm,train_val_gap,control_result,decision,reason,validity_limitations,source
3,A0,A0_real,test A0 with real,A1,real,15370,17;29;43,0;1;2,10,0.0752088258471237,-0.0028920409771473,"[-0.0059340031520882, 7.919621749408789e-05]",0.3936635653728548,see HISTORICAL_RUN_ENDPOINTS.csv,0.5104641897814006,real,not promoted,predeclared gain/control/class/gap/uncertainty rule,300 enriched nuclei; reused confirmation; ROI grouping,NOT RECORDED IN ORIGINAL RUN
3,A1,A1_real,test A1 with real,A1,real,15530,17;29;43,0;1;2,10,0.078100866824271,0.0,"[0.0, 0.0]",0.4112778179736343,see HISTORICAL_RUN_ENDPOINTS.csv,0.5025083501082248,real,not promoted,predeclared gain/control/class/gap/uncertainty rule,300 enriched nuclei; reused confirmation; ROI grouping,NOT RECORDED IN ORIGINAL RUN
3,A2,A2_placebo,test A2 with placebo,A1,placebo,15812,17;29;43,0;1;2,10,0.0750512214342001,-0.0030496453900709,"[-0.0059495665878644, -0.0001574074074074]",0.392693214367316,see HISTORICAL_RUN_ENDPOINTS.csv,0.5134523803713207,placebo,not promoted,predeclared gain/control/class/gap/uncertainty rule,300 enriched nuclei; reused confirmation; ROI grouping,NOT RECORDED IN ORIGINAL RUN
3,A2,A2_real,test A2 with real,A1,real,15812,17;29;43,0;1;2,10,0.0768400315208825,-0.0012608353033884,"[-0.0034357762017336, 0.0007726556343577]",0.4004963996060767,see HISTORICAL_RUN_ENDPOINTS.csv,0.5077335827066264,real,not promoted,predeclared gain/control/class/gap/uncertainty rule,300 enriched nuclei; reused confirmation; ROI grouping,NOT RECORDED IN ORIGINAL RUN
3,A2,A2_shuffle,test A2 with shuffle,A1,shuffle,15812,17;29;43,0;1;2,10,0.0755240346729708,-0.0025768321513002,"[-0.0057927501970055, 0.0004966509062253]",0.395092062815148,see HISTORICAL_RUN_ENDPOINTS.csv,0.5088006219099598,shuffle,not promoted,predeclared gain/control/class/gap/uncertainty rule,300 enriched nuclei; reused confirmation; ROI grouping,NOT RECORDED IN ORIGINAL RUN
3,A3,A3_placebo,test A3 with placebo,A1,placebo,15540,17;29;43,0;1;2,10,0.0758392434988179,-0.0022616233254531,"[-0.0051694247438928, 0.0004651300236406]",0.3957370130613458,see HISTORICAL_RUN_ENDPOINTS.csv,0.5114766245147252,placebo,not promoted,predeclared gain/control/class/gap/uncertainty rule,300 enriched nuclei; reused confirmation; ROI grouping,NOT RECORDED IN ORIGINAL RUN
3,A3,A3_real,test A3 with real,A1,real,15540,17;29;43,0;1;2,10,0.0783372734436564,0.0002364066193853,"[-0.0012452718676122, 0.0017572892040977]",0.4092074070230166,see HISTORICAL_RUN_ENDPOINTS.csv,0.5013534387903861,real,not promoted,predeclared gain/control/class/gap/uncertainty rule,300 enriched nuclei; reused confirmation; ROI grouping,NOT RECORDED IN ORIGINAL RUN
3,A3,A3_shuffle,test A3 with shuffle,A1,shuffle,15540,17;29;43,0;1;2,10,0.0753664302600472,-0.0027344365642237,"[-0.0058711583924349, 0.0002048857368006]",0.3949676876241694,see HISTORICAL_RUN_ENDPOINTS.csv,0.5099513277144382,shuffle,not promoted,predeclared gain/control/class/gap/uncertainty rule,300 enriched nuclei; reused confirmation; ROI grouping,NOT RECORDED IN ORIGINAL RUN
3,A4,A4_placebo,test A4 with placebo,A1,placebo,15533,17;29;43,0;1;2,10,0.0758392434988179,-0.0022616233254531,"[-0.0051694247438928, 0.0004651300236406]",0.3957370130613458,see HISTORICAL_RUN_ENDPOINTS.csv,0.5114766245147252,placebo,not promoted,predeclared gain/control/class/gap/uncertainty rule,300 enriched nuclei; reused confirmation; ROI grouping,NOT RECORDED IN ORIGINAL RUN
3,A4,A4_real,test A4 with real,A1,real,15533,17;29;43,0;1;2,10,0.0783372734436564,0.0002364066193853,"[-0.0012452718676122, 0.0017572892040977]",0.4092074070230166,see HISTORICAL_RUN_ENDPOINTS.csv,0.5019502569310639,real,not promoted,predeclared gain/control/class/gap/uncertainty rule,300 enriched nuclei; reused confirmation; ROI grouping,NOT RECORDED IN ORIGINAL RUN
3,A4,A4_shuffle,test A4 with shuffle,A1,shuffle,15533,17;29;43,0;1;2,10,0.0753664302600472,-0.0027344365642237,"[-0.0058711583924349, 0.0002048857368006]",0.3949695863102787,see HISTORICAL_RUN_ENDPOINTS.csv,0.509984216636216,shuffle,not promoted,predeclared gain/control/class/gap/uncertainty rule,300 enriched nuclei; reused confirmation; ROI grouping,NOT RECORDED IN ORIGINAL RUN
3,A5,A5_placebo,test A5 with placebo,A1,placebo,27866,17;29;43,0;1;2,10,0.0723561859732072,-0.0057446808510638,"[-0.0104109535066981, -0.0012056737588652]",0.3802200512910636,see HISTORICAL_RUN_ENDPOINTS.csv,0.5386248022237973,placebo,not promoted,predeclared gain/control/class/gap/uncertainty rule,300 enriched nuclei; reused confirmation; ROI grouping,NOT RECORDED IN ORIGINAL RUN
3,A5,A5_real,test A5 with real,A1,real,27866,17;29;43,0;1;2,10,0.0840977147360126,0.0059968479117415,"[0.0016142631993695, 0.0108120567375886]",0.4329959582910279,see HISTORICAL_RUN_ENDPOINTS.csv,0.4904925759795622,real,eligible for one confirmation,predeclared gain/control/class/gap/uncertainty rule,300 enriched nuclei; reused confirmation; ROI grouping,NOT RECORDED IN ORIGINAL RUN
3,A5,A5_shuffle,test A5 with shuffle,A1,shuffle,27866,17;29;43,0;1;2,10,0.0733963750985027,-0.0047044917257683,"[-0.0088735224586288, -0.0005433412135539]",0.3810798650112132,see HISTORICAL_RUN_ENDPOINTS.csv,0.5405064561856516,shuffle,not promoted,predeclared gain/control/class/gap/uncertainty rule,300 enriched nuclei; reused confirmation; ROI grouping,NOT RECORDED IN ORIGINAL RUN
3,A6,A6_placebo,test A6 with placebo,A1,placebo,50026,17;29;43,0;1;2,10,0.0742159180457052,-0.0038849487785657,"[-0.0083065405831363, 0.0003467297084318]",0.3936589891121593,see HISTORICAL_RUN_ENDPOINTS.csv,0.4861760341893088,placebo,not promoted,predeclared gain/control/class/gap/uncertainty rule,300 enriched nuclei; reused confirmation; ROI grouping,NOT RECORDED IN ORIGINAL RUN
3,A6,A6_real,test A6 with real,A1,real,50026,17;29;43,0;1;2,10,0.0785342789598108,0.0004334121355397,"[-0.003617415287628, 0.004452915681639]",0.4193380411783385,see HISTORICAL_RUN_ENDPOINTS.csv,0.4665521252623555,real,not promoted,predeclared gain/control/class/gap/uncertainty rule,300 enriched nuclei; reused confirmation; ROI grouping,NOT RECORDED IN ORIGINAL RUN
3,A6,A6_shuffle,test A6 with shuffle,A1,shuffle,50026,17;29;43,0;1;2,10,0.0754373522458628,-0.0026635145784081,"[-0.0074864066193853, 0.0019938928289992]",0.3992411429435645,see HISTORICAL_RUN_ENDPOINTS.csv,0.4756790365682706,shuffle,not promoted,predeclared gain/control/class/gap/uncertainty rule,300 enriched nuclei; reused confirmation; ROI grouping,NOT RECORDED IN ORIGINAL RUN
3,B0,B0_real,test B0 with real,A1,real,210,17;29;43,0;1;2,10,0.0288810086682427,-0.0492198581560283,"[-0.0602373916469661, -0.0386258865248227]",0.1421980980069988,see HISTORICAL_RUN_ENDPOINTS.csv,0.0138195495943553,real,diagnostic only,predeclared gain/control/class/gap/uncertainty rule,upstream contaminated; diagnostic only,NOT RECORDED IN ORIGINAL RUN
3,B1,B1_real,test B1 with real,A1,real,15450,17;29;43,0;1;2,10,0.077171000788022,-0.000929866036249,"[-0.0037825059101654, 0.001931245074862]",0.4046904078380468,see HISTORICAL_RUN_ENDPOINTS.csv,0.5116732832667052,real,diagnostic only,predeclared gain/control/class/gap/uncertainty rule,upstream contaminated; diagnostic only,NOT RECORDED IN ORIGINAL RUN
3,B2,B2_real,test B2 with real,A1,real,15430,17;29;43,0;1;2,10,0.0788337273443656,0.0007328605200945,"[-0.0013396375098502, 0.0029944838455476]",0.4130876503894874,see HISTORICAL_RUN_ENDPOINTS.csv,0.4973187576007847,real,diagnostic only,predeclared gain/control/class/gap/uncertainty rule,upstream contaminated; diagnostic only,NOT RECORDED IN ORIGINAL RUN
3,B3,B3_placebo,test B3 with placebo,A1,placebo,15570,17;29;43,0;1;2,10,0.074649330181245,-0.0034515366430259,"[-0.0064869976359338, -0.0005358550039401]",0.3906389231589593,see HISTORICAL_RUN_ENDPOINTS.csv,0.5203098307234876,placebo,diagnostic only,predeclared gain/control/class/gap/uncertainty rule,upstream contaminated; diagnostic only,NOT RECORDED IN ORIGINAL RUN
3,B3,B3_real,test B3 with real,A1,real,15570,17;29;43,0;1;2,10,0.0810165484633569,0.0029156816390858,"[0.0005516154452324, 0.0055949566587864]",0.4246887667367324,see HISTORICAL_RUN_ENDPOINTS.csv,0.4989918785537797,real,diagnostic only,predeclared gain/control/class/gap/uncertainty rule,upstream contaminated; diagnostic only,NOT RECORDED IN ORIGINAL RUN
3,B3,B3_shuffle,test B3 with shuffle,A1,shuffle,15570,17;29;43,0;1;2,10,0.0754846335697399,-0.0026162332545311,"[-0.0059022852639873, 0.0005598896769109]",0.3971519119727877,see HISTORICAL_RUN_ENDPOINTS.csv,0.5144506435560396,shuffle,diagnostic only,predeclared gain/control/class/gap/uncertainty rule,upstream contaminated; diagnostic only,NOT RECORDED IN ORIGINAL RUN
3,B4,B4_placebo,test B4 with placebo,A1,placebo,15730,17;29;43,0;1;2,10,0.0778644602048857,-0.0002364066193853,"[-0.0017970843183609, 0.0013634751773049]",0.4090870877888091,see HISTORICAL_RUN_ENDPOINTS.csv,0.5061768444732363,placebo,diagnostic only,predeclared gain/control/class/gap/uncertainty rule,upstream contaminated; diagnostic only,NOT RECORDED IN ORIGINAL RUN
3,B4,B4_real,test B4 with real,A1,real,15730,17;29;43,0;1;2,10,0.0819385342789598,0.0038376674546887,"[0.0016154452324665, 0.0064621749408983]",0.4284030783709463,see HISTORICAL_RUN_ENDPOINTS.csv,0.5026758017774626,real,diagnostic only,predeclared gain/control/class/gap/uncertainty rule,upstream contaminated; diagnostic only,NOT RECORDED IN ORIGINAL RUN
3,B4,B4_shuffle,test B4 with shuffle,A1,shuffle,15730,17;29;43,0;1;2,10,0.0775334909377462,-0.0005673758865248,"[-0.0027269503546099, 0.0015681639085894]",0.4067357845600468,see HISTORICAL_RUN_ENDPOINTS.csv,0.5187352982336098,shuffle,diagnostic only,predeclared gain/control/class/gap/uncertainty rule,upstream contaminated; diagnostic only,NOT RECORDED IN ORIGINAL RUN
4,A_complete,A0,representation/multiscale/sampling controlled comparison,P3 A5 / P4 A0,A0,27866,17;29;43,0;1;2,10,0.0840977147360126,0.0,"[0.0, 0.0]",0.43299595829102794,"{""apoptosis"": 0.0, ""endothelium"": 0.0, ""epithelium"": 0.0, ""histiocyte"": 0.0, ""lymphocyte"": 0.0, ""melanophage"": 0.0, ""neutrophil"": 0.0, ""plasma_cell"": 0.0, ""stroma"": 0.0, ""tumor"": 0.0}",NOT RECORDED IN ORIGINAL RUN,NOT RECORDED IN ORIGINAL RUN,not promoted,finite predeclared promotion rule,300 enriched development nuclei; no untouched test,NOT RECORDED IN ORIGINAL RUN
4,A_complete,A1,representation/multiscale/sampling controlled comparison,P3 A5 / P4 A0,A1,27866,17;29;43,0;1;2,10,0.1017313970505459,0.0176336823145333,"[0.006668270854441, 0.0285220083305189]",0.5250656327181765,"{""apoptosis"": 0.16, ""endothelium"": 0.05555555555555557, ""epithelium"": -0.041666666666666664, ""histiocyte"": 0.04166666666666669, ""lymphocyte"": 0.10810810810810807, ""melanophage"": -0.041666666666666706, ""neutrophil"": 0.12500000000000003, ""plasma_cell"": 0.16666666666666666, ""stroma"": 0.18055555555555555, ""tumor"": 0.051643192488262935}",NOT RECORDED IN ORIGINAL RUN,0.0484847461443205,internal eligible; A3 final confirmation FAILED,finite predeclared promotion rule,300 enriched development nuclei; no untouched test,NOT RECORDED IN ORIGINAL RUN
4,A_complete,A1_broken,representation/multiscale/sampling controlled comparison,P3 A5 / P4 A0,A1_broken,27866,17;29;43,0;1;2,10,0.0532466509062253,-0.0308510638297872,"[-0.0424586288416075, -0.0186363278171788]",0.2508323152577088,"{""apoptosis"": -0.12, ""endothelium"": -0.18055555555555558, ""epithelium"": -0.15277777777777776, ""histiocyte"": -0.09722222222222222, ""lymphocyte"": -0.27027027027027023, ""melanophage"": -0.48611111111111116, ""neutrophil"": -0.27777777777777773, ""plasma_cell"": -0.0277777777777778, ""stroma"": -0.23611111111111113, ""tumor"": -0.02816901408450706}",NOT RECORDED IN ORIGINAL RUN,NOT RECORDED IN ORIGINAL RUN,not promoted,finite predeclared promotion rule,300 enriched development nuclei; no untouched test,NOT RECORDED IN ORIGINAL RUN
4,A_complete,A2,representation/multiscale/sampling controlled comparison,P3 A5 / P4 A0,A2,27866,17;29;43,0;1;2,10,0.1066542834627941,0.0225565687267814,"[0.0123068220195879, 0.0333244399414612]",0.5524128810106673,"{""apoptosis"": 0.17333333333333334, ""endothelium"": 0.06944444444444445, ""epithelium"": 0.055555555555555546, ""histiocyte"": 0.08333333333333337, ""lymphocyte"": 0.0900900900900901, ""melanophage"": 0.041666666666666664, ""neutrophil"": 0.1111111111111111, ""plasma_cell"": 0.16666666666666666, ""stroma"": 0.2222222222222222, ""tumor"": 0.09859154929577468}",NOT RECORDED IN ORIGINAL RUN,0.0374659461893504,internal eligible; A3 final confirmation FAILED,finite predeclared promotion rule,300 enriched development nuclei; no untouched test,NOT RECORDED IN ORIGINAL RUN
4,A_complete,A2_broken,representation/multiscale/sampling controlled comparison,P3 A5 / P4 A0,A2_broken,27866,17;29;43,0;1;2,10,0.0691883372734436,-0.0149093774625689,"[-0.0269269109535067, -0.0023319542947202]",0.35403754485416705,"{""apoptosis"": -0.04, ""endothelium"": -0.11111111111111112, ""epithelium"": -0.06944444444444443, ""histiocyte"": 0.02777777777777778, ""lymphocyte"": -0.1171171171171171, ""melanophage"": -0.34722222222222227, ""neutrophil"": -0.1111111111111111, ""plasma_cell"": -0.05555555555555557, ""stroma"": -0.05555555555555556, ""tumor"": 0.004694835680751186}",NOT RECORDED IN ORIGINAL RUN,NOT RECORDED IN ORIGINAL RUN,not promoted,finite predeclared promotion rule,300 enriched development nuclei; no untouched test,NOT RECORDED IN ORIGINAL RUN
4,A_complete,A3,representation/multiscale/sampling controlled comparison,P3 A5 / P4 A0,A3,27866,17;29;43,0;1;2,10,0.1087583023753236,0.024660587639311,"[0.0138206124057187, 0.0360914949904311]",0.5612835349668917,"{""apoptosis"": 0.12000000000000001, ""endothelium"": 0.1111111111111111, ""epithelium"": 0.041666666666666706, ""histiocyte"": 0.04166666666666668, ""lymphocyte"": 0.09909909909909909, ""melanophage"": 0.06944444444444442, ""neutrophil"": 0.16666666666666666, ""plasma_cell"": 0.20833333333333334, ""stroma"": 0.2638888888888889, ""tumor"": 0.08920187793427231}",NOT RECORDED IN ORIGINAL RUN,0.0502003827535742,internal eligible; A3 final confirmation FAILED,finite predeclared promotion rule,300 enriched development nuclei; no untouched test,NOT RECORDED IN ORIGINAL RUN
4,A_complete,A3_broken,representation/multiscale/sampling controlled comparison,P3 A5 / P4 A0,A3_broken,27866,17;29;43,0;1;2,10,0.0585579196217494,-0.0255397951142632,"[-0.0371081560283687, -0.0135853033884948]",0.28694452566594414,"{""apoptosis"": -0.04, ""endothelium"": -0.16666666666666666, ""epithelium"": -0.16666666666666666, ""histiocyte"": -0.05555555555555553, ""lymphocyte"": -0.21621621621621626, ""melanophage"": -0.3888888888888889, ""neutrophil"": -0.2222222222222222, ""plasma_cell"": -0.11111111111111115, ""stroma"": -0.1527777777777778, ""tumor"": -0.01877934272300469}",NOT RECORDED IN ORIGINAL RUN,NOT RECORDED IN ORIGINAL RUN,not promoted,finite predeclared promotion rule,300 enriched development nuclei; no untouched test,NOT RECORDED IN ORIGINAL RUN
4,A_complete,A4,representation/multiscale/sampling controlled comparison,P3 A5 / P4 A0,A4,27866,17;29;43,0;1;2,10,0.1046864797928627,0.0205887650568501,"[0.0118121974558144, 0.0294496228751547]",0.5431164826333444,"{""apoptosis"": 0.10666666666666667, ""endothelium"": 0.05555555555555557, ""epithelium"": 0.05555555555555558, ""histiocyte"": 0.04166666666666668, ""lymphocyte"": 0.09909909909909909, ""melanophage"": 0.06944444444444442, ""neutrophil"": 0.16666666666666666, ""plasma_cell"": 0.125, ""stroma"": 0.18055555555555555, ""tumor"": 0.10798122065727699}",NOT RECORDED IN ORIGINAL RUN,0.018268602949454,internal eligible; A3 final confirmation FAILED,finite predeclared promotion rule,300 enriched development nuclei; no untouched test,NOT RECORDED IN ORIGINAL RUN
4,A_complete,A4_broken,representation/multiscale/sampling controlled comparison,P3 A5 / P4 A0,A4_broken,27866,17;29;43,0;1;2,10,0.0864178768434087,0.0023201621073961,"[-0.0069868569177079, 0.0117898795451986]",0.44739121173773766,"{""apoptosis"": 0.06666666666666667, ""endothelium"": -0.013888888888888867, ""epithelium"": 0.05555555555555558, ""histiocyte"": -0.08333333333333337, ""lymphocyte"": -0.02702702702702703, ""melanophage"": 0.0, ""neutrophil"": 0.041666666666666685, ""plasma_cell"": -0.013888888888888895, ""stroma"": 0.04166666666666668, ""tumor"": 0.04694835680751173}",NOT RECORDED IN ORIGINAL RUN,NOT RECORDED IN ORIGINAL RUN,not promoted,finite predeclared promotion rule,300 enriched development nuclei; no untouched test,NOT RECORDED IN ORIGINAL RUN
4,A_complete,B1,representation/multiscale/sampling controlled comparison,P3 A5 / P4 A0,B1,40234,17;29;43,0;1;2,10,0.0843341213553979,0.0002364066193853,"[-0.0013396375098502, 0.0017336485421591]",0.43695680921337177,"{""apoptosis"": 0.013333333333333327, ""endothelium"": 0.013888888888888904, ""epithelium"": 0.0, ""histiocyte"": 0.013888888888888895, ""lymphocyte"": 0.009009009009008992, ""melanophage"": -3.700743415417188e-17, ""neutrophil"": 0.013888888888888914, ""plasma_cell"": 0.0, ""stroma"": -0.013888888888888895, ""tumor"": -0.014084507042253539}",NOT RECORDED IN ORIGINAL RUN,-5.516154452323008e-05,not promoted,finite predeclared promotion rule,300 enriched development nuclei; no untouched test,NOT RECORDED IN ORIGINAL RUN
4,A_complete,B2,representation/multiscale/sampling controlled comparison,P3 A5 / P4 A0,B2,40234,17;29;43,0;1;2,10,0.0857289204097714,0.0016312056737588,"[-2.364066193853436e-05, 0.0034200157604412]",0.4423980206604587,"{""apoptosis"": 0.0, ""endothelium"": -0.013888888888888895, ""epithelium"": 0.02777777777777779, ""histiocyte"": 0.013888888888888895, ""lymphocyte"": 0.009009009009008992, ""melanophage"": -3.700743415417188e-17, ""neutrophil"": 0.02777777777777779, ""plasma_cell"": 0.0, ""stroma"": 0.013888888888888895, ""tumor"": 0.009389671361502353}",NOT RECORDED IN ORIGINAL RUN,0.0013396375098502,not promoted,finite predeclared promotion rule,300 enriched development nuclei; no untouched test,NOT RECORDED IN ORIGINAL RUN
4,A_complete,B_duplicate,representation/multiscale/sampling controlled comparison,P3 A5 / P4 A0,B_duplicate,40234,17;29;43,0;1;2,10,0.0843892828999212,0.0002915681639085,"[-0.0007328605200945, 0.0013711583924349]",0.4361776895512072,"{""apoptosis"": 0.013333333333333327, ""endothelium"": 0.0, ""epithelium"": 0.0, ""histiocyte"": 0.0, ""lymphocyte"": 0.009009009009008992, ""melanophage"": -3.700743415417188e-17, ""neutrophil"": 0.013888888888888914, ""plasma_cell"": 0.0, ""stroma"": -0.013888888888888895, ""tumor"": 0.004694835680751168}",NOT RECORDED IN ORIGINAL RUN,NOT RECORDED IN ORIGINAL RUN,not promoted,finite predeclared promotion rule,300 enriched development nuclei; no untouched test,NOT RECORDED IN ORIGINAL RUN
4,D_complete,A0,representation/multiscale/sampling controlled comparison,P3 A5 / P4 A0,A0,27866,17;29;43,0;1;2,10,0.0840977147360126,0.0,"[0.0, 0.0]",0.43299595829102794,"{""apoptosis"": 0.0, ""endothelium"": 0.0, ""epithelium"": 0.0, ""histiocyte"": 0.0, ""lymphocyte"": 0.0, ""melanophage"": 0.0, ""neutrophil"": 0.0, ""plasma_cell"": 0.0, ""stroma"": 0.0, ""tumor"": 0.0}",NOT RECORDED IN ORIGINAL RUN,NOT RECORDED IN ORIGINAL RUN,not promoted,finite predeclared promotion rule,300 enriched development nuclei; no untouched test,NOT RECORDED IN ORIGINAL RUN
4,D_complete,A1,representation/multiscale/sampling controlled comparison,P3 A5 / P4 A0,A1,27866,17;29;43,0;1;2,10,0.1017313970505459,0.0176336823145333,"[0.006668270854441, 0.0285220083305189]",0.5250656327181765,"{""apoptosis"": 0.16, ""endothelium"": 0.05555555555555557, ""epithelium"": -0.041666666666666664, ""histiocyte"": 0.04166666666666669, ""lymphocyte"": 0.10810810810810807, ""melanophage"": -0.041666666666666706, ""neutrophil"": 0.12500000000000003, ""plasma_cell"": 0.16666666666666666, ""stroma"": 0.18055555555555555, ""tumor"": 0.051643192488262935}",NOT RECORDED IN ORIGINAL RUN,0.0484847461443205,internal eligible; A3 final confirmation FAILED,finite predeclared promotion rule,300 enriched development nuclei; no untouched test,NOT RECORDED IN ORIGINAL RUN
4,D_complete,A1_broken,representation/multiscale/sampling controlled comparison,P3 A5 / P4 A0,A1_broken,27866,17;29;43,0;1;2,10,0.0532466509062253,-0.0308510638297872,"[-0.0424586288416075, -0.0186363278171788]",0.2508323152577088,"{""apoptosis"": -0.12, ""endothelium"": -0.18055555555555558, ""epithelium"": -0.15277777777777776, ""histiocyte"": -0.09722222222222222, ""lymphocyte"": -0.27027027027027023, ""melanophage"": -0.48611111111111116, ""neutrophil"": -0.27777777777777773, ""plasma_cell"": -0.0277777777777778, ""stroma"": -0.23611111111111113, ""tumor"": -0.02816901408450706}",NOT RECORDED IN ORIGINAL RUN,NOT RECORDED IN ORIGINAL RUN,not promoted,finite predeclared promotion rule,300 enriched development nuclei; no untouched test,NOT RECORDED IN ORIGINAL RUN
4,D_complete,A2,representation/multiscale/sampling controlled comparison,P3 A5 / P4 A0,A2,27866,17;29;43,0;1;2,10,0.1066542834627941,0.0225565687267814,"[0.0123068220195879, 0.0333244399414612]",0.5524128810106673,"{""apoptosis"": 0.17333333333333334, ""endothelium"": 0.06944444444444445, ""epithelium"": 0.055555555555555546, ""histiocyte"": 0.08333333333333337, ""lymphocyte"": 0.0900900900900901, ""melanophage"": 0.041666666666666664, ""neutrophil"": 0.1111111111111111, ""plasma_cell"": 0.16666666666666666, ""stroma"": 0.2222222222222222, ""tumor"": 0.09859154929577468}",NOT RECORDED IN ORIGINAL RUN,0.0374659461893504,internal eligible; A3 final confirmation FAILED,finite predeclared promotion rule,300 enriched development nuclei; no untouched test,NOT RECORDED IN ORIGINAL RUN
4,D_complete,A2_broken,representation/multiscale/sampling controlled comparison,P3 A5 / P4 A0,A2_broken,27866,17;29;43,0;1;2,10,0.0691883372734436,-0.0149093774625689,"[-0.0269269109535067, -0.0023319542947202]",0.35403754485416705,"{""apoptosis"": -0.04, ""endothelium"": -0.11111111111111112, ""epithelium"": -0.06944444444444443, ""histiocyte"": 0.02777777777777778, ""lymphocyte"": -0.1171171171171171, ""melanophage"": -0.34722222222222227, ""neutrophil"": -0.1111111111111111, ""plasma_cell"": -0.05555555555555557, ""stroma"": -0.05555555555555556, ""tumor"": 0.004694835680751186}",NOT RECORDED IN ORIGINAL RUN,NOT RECORDED IN ORIGINAL RUN,not promoted,finite predeclared promotion rule,300 enriched development nuclei; no untouched test,NOT RECORDED IN ORIGINAL RUN
4,D_complete,A3,representation/multiscale/sampling controlled comparison,P3 A5 / P4 A0,A3,27866,17;29;43,0;1;2,10,0.1087583023753236,0.024660587639311,"[0.0138206124057187, 0.0360914949904311]",0.5612835349668917,"{""apoptosis"": 0.12000000000000001, ""endothelium"": 0.1111111111111111, ""epithelium"": 0.041666666666666706, ""histiocyte"": 0.04166666666666668, ""lymphocyte"": 0.09909909909909909, ""melanophage"": 0.06944444444444442, ""neutrophil"": 0.16666666666666666, ""plasma_cell"": 0.20833333333333334, ""stroma"": 0.2638888888888889, ""tumor"": 0.08920187793427231}",NOT RECORDED IN ORIGINAL RUN,0.0502003827535742,internal eligible; A3 final confirmation FAILED,finite predeclared promotion rule,300 enriched development nuclei; no untouched test,NOT RECORDED IN ORIGINAL RUN
4,D_complete,A3_broken,representation/multiscale/sampling controlled comparison,P3 A5 / P4 A0,A3_broken,27866,17;29;43,0;1;2,10,0.0585579196217494,-0.0255397951142632,"[-0.0371081560283687, -0.0135853033884948]",0.28694452566594414,"{""apoptosis"": -0.04, ""endothelium"": -0.16666666666666666, ""epithelium"": -0.16666666666666666, ""histiocyte"": -0.05555555555555553, ""lymphocyte"": -0.21621621621621626, ""melanophage"": -0.3888888888888889, ""neutrophil"": -0.2222222222222222, ""plasma_cell"": -0.11111111111111115, ""stroma"": -0.1527777777777778, ""tumor"": -0.01877934272300469}",NOT RECORDED IN ORIGINAL RUN,NOT RECORDED IN ORIGINAL RUN,not promoted,finite predeclared promotion rule,300 enriched development nuclei; no untouched test,NOT RECORDED IN ORIGINAL RUN
4,D_complete,A4,representation/multiscale/sampling controlled comparison,P3 A5 / P4 A0,A4,27866,17;29;43,0;1;2,10,0.1046864797928627,0.0205887650568501,"[0.0118121974558144, 0.0294496228751547]",0.5431164826333444,"{""apoptosis"": 0.10666666666666667, ""endothelium"": 0.05555555555555557, ""epithelium"": 0.05555555555555558, ""histiocyte"": 0.04166666666666668, ""lymphocyte"": 0.09909909909909909, ""melanophage"": 0.06944444444444442, ""neutrophil"": 0.16666666666666666, ""plasma_cell"": 0.125, ""stroma"": 0.18055555555555555, ""tumor"": 0.10798122065727699}",NOT RECORDED IN ORIGINAL RUN,0.018268602949454,internal eligible; A3 final confirmation FAILED,finite predeclared promotion rule,300 enriched development nuclei; no untouched test,NOT RECORDED IN ORIGINAL RUN
4,D_complete,A4_broken,representation/multiscale/sampling controlled comparison,P3 A5 / P4 A0,A4_broken,27866,17;29;43,0;1;2,10,0.0864178768434087,0.0023201621073961,"[-0.0069868569177079, 0.0117898795451986]",0.44739121173773766,"{""apoptosis"": 0.06666666666666667, ""endothelium"": -0.013888888888888867, ""epithelium"": 0.05555555555555558, ""histiocyte"": -0.08333333333333337, ""lymphocyte"": -0.02702702702702703, ""melanophage"": 0.0, ""neutrophil"": 0.041666666666666685, ""plasma_cell"": -0.013888888888888895, ""stroma"": 0.04166666666666668, ""tumor"": 0.04694835680751173}",NOT RECORDED IN ORIGINAL RUN,NOT RECORDED IN ORIGINAL RUN,not promoted,finite predeclared promotion rule,300 enriched development nuclei; no untouched test,NOT RECORDED IN ORIGINAL RUN
4,D_complete,B1,representation/multiscale/sampling controlled comparison,P3 A5 / P4 A0,B1,40234,17;29;43,0;1;2,10,0.0843341213553979,0.0002364066193853,"[-0.0013396375098502, 0.0017336485421591]",0.43695680921337177,"{""apoptosis"": 0.013333333333333327, ""endothelium"": 0.013888888888888904, ""epithelium"": 0.0, ""histiocyte"": 0.013888888888888895, ""lymphocyte"": 0.009009009009008992, ""melanophage"": -3.700743415417188e-17, ""neutrophil"": 0.013888888888888914, ""plasma_cell"": 0.0, ""stroma"": -0.013888888888888895, ""tumor"": -0.014084507042253539}",NOT RECORDED IN ORIGINAL RUN,-5.516154452323008e-05,not promoted,finite predeclared promotion rule,300 enriched development nuclei; no untouched test,NOT RECORDED IN ORIGINAL RUN
4,D_complete,B2,representation/multiscale/sampling controlled comparison,P3 A5 / P4 A0,B2,40234,17;29;43,0;1;2,10,0.0857289204097714,0.0016312056737588,"[-2.364066193853436e-05, 0.0034200157604412]",0.4423980206604587,"{""apoptosis"": 0.0, ""endothelium"": -0.013888888888888895, ""epithelium"": 0.02777777777777779, ""histiocyte"": 0.013888888888888895, ""lymphocyte"": 0.009009009009008992, ""melanophage"": -3.700743415417188e-17, ""neutrophil"": 0.02777777777777779, ""plasma_cell"": 0.0, ""stroma"": 0.013888888888888895, ""tumor"": 0.009389671361502353}",NOT RECORDED IN ORIGINAL RUN,0.0013396375098502,not promoted,finite predeclared promotion rule,300 enriched development nuclei; no untouched test,NOT RECORDED IN ORIGINAL RUN
4,D_complete,B_duplicate,representation/multiscale/sampling controlled comparison,P3 A5 / P4 A0,B_duplicate,40234,17;29;43,0;1;2,10,0.0843892828999212,0.0002915681639085,"[-0.0007328605200945, 0.0013711583924349]",0.4361776895512072,"{""apoptosis"": 0.013333333333333327, ""endothelium"": 0.0, ""epithelium"": 0.0, ""histiocyte"": 0.0, ""lymphocyte"": 0.009009009009008992, ""melanophage"": -3.700743415417188e-17, ""neutrophil"": 0.013888888888888914, ""plasma_cell"": 0.0, ""stroma"": -0.013888888888888895, ""tumor"": 0.004694835680751168}",NOT RECORDED IN ORIGINAL RUN,NOT RECORDED IN ORIGINAL RUN,not promoted,finite predeclared promotion rule,300 enriched development nuclei; no untouched test,NOT RECORDED IN ORIGINAL RUN
4,D_complete,D1,representation/multiscale/sampling controlled comparison,P3 A5 / P4 A0,D1,27866,17;29;43,0;1;2,10,0.0840346729708432,-6.304176516941835e-05,"[-0.0055636327817178, 0.0055084712371946]",0.42849833973223234,"{""apoptosis"": -0.06666666666666667, ""endothelium"": 0.0277777777777778, ""epithelium"": -0.013888888888888914, ""histiocyte"": -0.041666666666666664, ""lymphocyte"": 0.02702702702702701, ""melanophage"": -0.12500000000000003, ""neutrophil"": -0.06944444444444442, ""plasma_cell"": -0.041666666666666664, ""stroma"": -0.027777777777777818, ""tumor"": 0.1502347417840376}",NOT RECORDED IN ORIGINAL RUN,NOT RECORDED IN ORIGINAL RUN,not promoted,finite predeclared promotion rule,300 enriched development nuclei; no untouched test,NOT RECORDED IN ORIGINAL RUN
2,tierA,exp_biology_lr_0.003,"Exploratory correction of linear biology under-optimization
",matched P2 appearance/control (see report),"{""id"": ""exp_biology_lr_0.003"", ""biology"": ""tierA"", ""biology_only"": true, ""epochs"": 10, ""seed"": 17, ""fov"": 96, ""tau"": 1, ""sampler"": ""natural"", ""lr"": 0.003, ""weight_decay"": 0.01, ""hypothesis"": ""Exploratory correction of linear biology under-optimization""}",170,17,original300/150,10,0.0509545454545454,NOT RECORDED IN ORIGINAL RUN,single-run endpoint; aggregate controls in report,0.1444208196193267,"[0.1794871794871795, 0.0, 0.5, 0.16666666666666666, 0.0, 0.08333333333333333, 0.08333333333333333, 0.08333333333333333, 0.3333333333333333, 0.3333333333333333]",-0.0025718473978294,tierA,"historical selected endpoint, development only",P2 best-epoch selection; not matched to P3 fixed epoch10,reused enriched150; best epoch 8,PROMPT_2\ARCHITECTURES\BIOLOGY_ONLY_tierA\RESULTS\RUNS\exp_biology_lr_0.003\metrics\summary.json
2,tierA,exp_biology_lr_0.01,"Exploratory correction of linear biology under-optimization
",matched P2 appearance/control (see report),"{""id"": ""exp_biology_lr_0.01"", ""biology"": ""tierA"", ""biology_only"": true, ""epochs"": 10, ""seed"": 17, ""fov"": 96, ""tau"": 1, ""sampler"": ""natural"", ""lr"": 0.01, ""weight_decay"": 0.01, ""hypothesis"": ""Exploratory correction of linear biology under-optimization""}",170,17,original300/150,10,0.0647720057720057,NOT RECORDED IN ORIGINAL RUN,single-run endpoint; aggregate controls in report,0.1809278371770975,"[0.358974358974359, 0.26666666666666666, 0.25, 0.0, 0.0, 0.08333333333333333, 0.25, 0.08333333333333333, 0.4166666666666667, 0.16666666666666666]",0.0541614244384798,tierA,"historical selected endpoint, development only",P2 best-epoch selection; not matched to P3 fixed epoch10,reused enriched150; best epoch 7,PROMPT_2\ARCHITECTURES\BIOLOGY_ONLY_tierA\RESULTS\RUNS\exp_biology_lr_0.01\metrics\summary.json
2,tierA,exp_biology_only,"Does direct RGB biology generalize by itself?
",matched P2 appearance/control (see report),"{""id"": ""exp_biology_only"", ""epochs"": 10, ""seed"": 17, ""fov"": 96, ""tau"": 1, ""sampler"": ""natural"", ""lr"": 0.001, ""weight_decay"": 0.01, ""biology"": ""tierA"", ""biology_only"": true, ""hypothesis"": ""Does direct RGB biology generalize by itself?""}",170,17,original300/150,10,0.03575,NOT RECORDED IN ORIGINAL RUN,single-run endpoint; aggregate controls in report,0.1121374886786298,"[0.1282051282051282, 0.0, 0.5, 0.16666666666666666, 0.0, 0.0, 0.0, 0.08333333333333333, 0.08333333333333333, 0.3333333333333333]",0.0022060367432863,tierA,"historical selected endpoint, development only",P2 best-epoch selection; not matched to P3 fixed epoch10,reused enriched150; best epoch 10,PROMPT_2\ARCHITECTURES\BIOLOGY_ONLY_tierA\RESULTS\RUNS\exp_biology_only\metrics\summary.json
2,FOV/loss,exp_fov128_la,"Matched single-field-of-view screen
",matched P2 appearance/control (see report),"{""id"": ""exp_fov128_la"", ""epochs"": 10, ""seed"": 17, ""fov"": 128, ""tau"": 1, ""sampler"": ""natural"", ""lr"": 0.001, ""weight_decay"": 0.01, ""hypothesis"": ""Matched single-field-of-view screen""}",15370,17,original300/150,10,0.1185454545454545,NOT RECORDED IN ORIGINAL RUN,single-run endpoint; aggregate controls in report,0.4865147545756715,"[0.46153846153846156, 0.2, 0.5, 0.08333333333333333, 0.8333333333333334, 1.0, 0.5, 0.9166666666666666, 0.4166666666666667, 0.3333333333333333]",0.4635291228590806,NOT RECORDED IN ORIGINAL RUN,"historical selected endpoint, development only",P2 best-epoch selection; not matched to P3 fixed epoch10,reused enriched150; best epoch 9,PROMPT_2\ARCHITECTURES\FROZEN_UNI2_none\RESULTS\RUNS\exp_fov128_la\metrics\summary.json
2,FOV/loss,exp_fov64_la,"Matched single-field-of-view screen
",matched P2 appearance/control (see report),"{""id"": ""exp_fov64_la"", ""epochs"": 10, ""seed"": 17, ""fov"": 64, ""tau"": 1, ""sampler"": ""natural"", ""lr"": 0.001, ""weight_decay"": 0.01, ""hypothesis"": ""Matched single-field-of-view screen""}",15370,17,original300/150,10,0.1134517543859648,NOT RECORDED IN ORIGINAL RUN,single-run endpoint; aggregate controls in report,0.4795804938549355,"[0.5128205128205128, 0.26666666666666666, 0.6666666666666666, 0.16666666666666666, 0.9166666666666666, 0.8333333333333334, 0.5, 0.5, 0.3333333333333333, 0.25]",0.4567783745346498,NOT RECORDED IN ORIGINAL RUN,"historical selected endpoint, development only",P2 best-epoch selection; not matched to P3 fixed epoch10,reused enriched150; best epoch 10,PROMPT_2\ARCHITECTURES\FROZEN_UNI2_none\RESULTS\RUNS\exp_fov64_la\metrics\summary.json
2,FOV/loss,exp_fov96_la,"Matched single-field-of-view screen
",matched P2 appearance/control (see report),"{""id"": ""exp_fov96_la"", ""epochs"": 10, ""seed"": 17, ""fov"": 96, ""tau"": 1, ""sampler"": ""natural"", ""lr"": 0.001, ""weight_decay"": 0.01, ""hypothesis"": ""Matched single-field-of-view screen""}",15370,17,original300/150,10,0.1255517598343685,NOT RECORDED IN ORIGINAL RUN,single-run endpoint; aggregate controls in report,0.5007173014161524,"[0.5384615384615384, 0.2, 0.6666666666666666, 0.16666666666666666, 0.75, 1.0, 0.5833333333333334, 0.8333333333333334, 0.5, 0.16666666666666666]",0.4040354201853088,NOT RECORDED IN ORIGINAL RUN,"historical selected endpoint, development only",P2 best-epoch selection; not matched to P3 fixed epoch10,reused enriched150; best epoch 9,PROMPT_2\ARCHITECTURES\FROZEN_UNI2_none\RESULTS\RUNS\exp_fov96_la\metrics\summary.json
2,FOV/loss,exp_loss_balanced_ce,"Isolate effective prior and exposure
",matched P2 appearance/control (see report),"{""id"": ""exp_loss_balanced_ce"", ""epochs"": 10, ""seed"": 17, ""fov"": 96, ""tau"": 0, ""sampler"": ""balanced"", ""lr"": 0.001, ""weight_decay"": 0.01, ""hypothesis"": ""Isolate effective prior and exposure""}",15370,17,original300/150,10,0.1331666666666666,NOT RECORDED IN ORIGINAL RUN,single-run endpoint; aggregate controls in report,0.5372487533183846,"[0.717948717948718, 0.4666666666666667, 0.5833333333333334, 0.08333333333333333, 0.75, 0.9166666666666666, 0.5833333333333334, 0.75, 0.4166666666666667, 0.16666666666666666]",0.370729542125819,NOT RECORDED IN ORIGINAL RUN,"historical selected endpoint, development only",P2 best-epoch selection; not matched to P3 fixed epoch10,reused enriched150; best epoch 10,PROMPT_2\ARCHITECTURES\FROZEN_UNI2_none\RESULTS\RUNS\exp_loss_balanced_ce\metrics\summary.json
2,FOV/loss,exp_loss_ce,"Isolate effective prior and exposure
",matched P2 appearance/control (see report),"{""id"": ""exp_loss_ce"", ""epochs"": 10, ""seed"": 17, ""fov"": 96, ""tau"": 0, ""sampler"": ""natural"", ""lr"": 0.001, ""weight_decay"": 0.01, ""hypothesis"": ""Isolate effective prior and exposure""}",15370,17,original300/150,10,0.1211962481962481,NOT RECORDED IN ORIGINAL RUN,single-run endpoint; aggregate controls in report,0.491856373116378,"[0.8205128205128205, 0.3333333333333333, 0.4166666666666667, 0.0, 0.75, 1.0, 0.5833333333333334, 0.75, 0.3333333333333333, 0.08333333333333333]",0.4645873712306811,NOT RECORDED IN ORIGINAL RUN,"historical selected endpoint, development only",P2 best-epoch selection; not matched to P3 fixed epoch10,reused enriched150; best epoch 10,PROMPT_2\ARCHITECTURES\FROZEN_UNI2_none\RESULTS\RUNS\exp_loss_ce\metrics\summary.json
2,none,exp_rep_none_29,"Repeat apparent biological increment across initialization and sampling seeds
",matched P2 appearance/control (see report),"{""id"": ""exp_rep_none_29"", ""epochs"": 10, ""seed"": 29, ""fov"": 96, ""tau"": 0, ""sampler"": ""balanced"", ""lr"": 0.001, ""weight_decay"": 0.01, ""biology"": ""none"", ""hypothesis"": ""Repeat apparent biological increment across initialization and sampling seeds""}",15370,29,original300/150,10,0.116373188405797,NOT RECORDED IN ORIGINAL RUN,single-run endpoint; aggregate controls in report,0.4700373199784963,"[0.5897435897435898, 0.26666666666666666, 0.5, 0.0, 0.8333333333333334, 1.0, 0.3333333333333333, 0.8333333333333334, 0.4166666666666667, 0.25]",0.4139983938476881,none,"historical selected endpoint, development only",P2 best-epoch selection; not matched to P3 fixed epoch10,reused enriched150; best epoch 9,PROMPT_2\ARCHITECTURES\FROZEN_UNI2_none\RESULTS\RUNS\exp_rep_none_29\metrics\summary.json
2,none,exp_rep_none_43,"Repeat apparent biological increment across initialization and sampling seeds
",matched P2 appearance/control (see report),"{""id"": ""exp_rep_none_43"", ""epochs"": 10, ""seed"": 43, ""fov"": 96, ""tau"": 0, ""sampler"": ""balanced"", ""lr"": 0.001, ""weight_decay"": 0.01, ""biology"": ""none"", ""hypothesis"": ""Repeat apparent biological increment across initialization and sampling seeds""}",15370,43,original300/150,10,0.1134880952380952,NOT RECORDED IN ORIGINAL RUN,single-run endpoint; aggregate controls in report,0.448837944926066,"[0.5641025641025641, 0.13333333333333333, 0.6666666666666666, 0.0, 0.8333333333333334, 0.9166666666666666, 0.5833333333333334, 0.8333333333333334, 0.4166666666666667, 0.08333333333333333]",0.3833886595239815,none,"historical selected endpoint, development only",P2 best-epoch selection; not matched to P3 fixed epoch10,reused enriched150; best epoch 8,PROMPT_2\ARCHITECTURES\FROZEN_UNI2_none\RESULTS\RUNS\exp_rep_none_43\metrics\summary.json
2,oracle,exp_fusion_oracle,"Incremental biology with matched capacity and information controls
",matched P2 appearance/control (see report),"{""id"": ""exp_fusion_oracle"", ""epochs"": 10, ""seed"": 17, ""fov"": 96, ""tau"": 0, ""sampler"": ""balanced"", ""lr"": 0.001, ""weight_decay"": 0.01, ""biology"": ""oracle"", ""hypothesis"": ""Incremental biology with matched capacity and information controls""}",15430,17,original300/150,10,0.1336666666666666,NOT RECORDED IN ORIGINAL RUN,single-run endpoint; aggregate controls in report,0.5436019961851164,"[0.7435897435897436, 0.4666666666666667, 0.5833333333333334, 0.08333333333333333, 0.75, 0.9166666666666666, 0.5833333333333334, 0.75, 0.4166666666666667, 0.16666666666666666]",0.3662936904820597,oracle,"historical selected endpoint, development only",P2 best-epoch selection; not matched to P3 fixed epoch10,reused enriched150; best epoch 10,PROMPT_2\ARCHITECTURES\FROZEN_UNI2_oracle\RESULTS\RUNS\exp_fusion_oracle\metrics\summary.json
2,placebo,exp_fusion_placebo,"Incremental biology with matched capacity and information controls
",matched P2 appearance/control (see report),"{""id"": ""exp_fusion_placebo"", ""epochs"": 10, ""seed"": 17, ""fov"": 96, ""tau"": 0, ""sampler"": ""balanced"", ""lr"": 0.001, ""weight_decay"": 0.01, ""biology"": ""placebo"", ""hypothesis"": ""Incremental biology with matched capacity and information controls""}",15530,17,original300/150,10,0.1336666666666666,NOT RECORDED IN ORIGINAL RUN,single-run endpoint; aggregate controls in report,0.5423201070853906,"[0.7435897435897436, 0.4666666666666667, 0.5833333333333334, 0.08333333333333333, 0.75, 0.9166666666666666, 0.5833333333333334, 0.75, 0.4166666666666667, 0.16666666666666666]",0.3738099350478268,placebo,"historical selected endpoint, development only",P2 best-epoch selection; not matched to P3 fixed epoch10,reused enriched150; best epoch 10,PROMPT_2\ARCHITECTURES\FROZEN_UNI2_placebo\RESULTS\RUNS\exp_fusion_placebo\metrics\summary.json
2,placebo,exp_rep_placebo_29,"Repeat apparent biological increment across initialization and sampling seeds
",matched P2 appearance/control (see report),"{""id"": ""exp_rep_placebo_29"", ""epochs"": 10, ""seed"": 29, ""fov"": 96, ""tau"": 0, ""sampler"": ""balanced"", ""lr"": 0.001, ""weight_decay"": 0.01, ""biology"": ""placebo"", ""hypothesis"": ""Repeat apparent biological increment across initialization and sampling seeds""}",15530,29,original300/150,10,0.1177380952380952,NOT RECORDED IN ORIGINAL RUN,single-run endpoint; aggregate controls in report,0.491351618188048,"[0.6153846153846154, 0.26666666666666666, 0.5, 0.08333333333333333, 0.6666666666666666, 0.9166666666666666, 0.5, 0.75, 0.4166666666666667, 0.3333333333333333]",0.3618365865380553,placebo,"historical selected endpoint, development only",P2 best-epoch selection; not matched to P3 fixed epoch10,reused enriched150; best epoch 8,PROMPT_2\ARCHITECTURES\FROZEN_UNI2_placebo\RESULTS\RUNS\exp_rep_placebo_29\metrics\summary.json
2,placebo,exp_rep_placebo_43,"Repeat apparent biological increment across initialization and sampling seeds
",matched P2 appearance/control (see report),"{""id"": ""exp_rep_placebo_43"", ""epochs"": 10, ""seed"": 43, ""fov"": 96, ""tau"": 0, ""sampler"": ""balanced"", ""lr"": 0.001, ""weight_decay"": 0.01, ""biology"": ""placebo"", ""hypothesis"": ""Repeat apparent biological increment across initialization and sampling seeds""}",15530,43,original300/150,10,0.1171547619047618,NOT RECORDED IN ORIGINAL RUN,single-run endpoint; aggregate controls in report,0.4548788968864548,"[0.6153846153846154, 0.13333333333333333, 0.6666666666666666, 0.0, 0.8333333333333334, 0.9166666666666666, 0.5833333333333334, 0.8333333333333334, 0.4166666666666667, 0.08333333333333333]",0.385543578573216,placebo,"historical selected endpoint, development only",P2 best-epoch selection; not matched to P3 fixed epoch10,reused enriched150; best epoch 8,PROMPT_2\ARCHITECTURES\FROZEN_UNI2_placebo\RESULTS\RUNS\exp_rep_placebo_43\metrics\summary.json
2,shuffle,exp_fusion_shuffle,"Incremental biology with matched capacity and information controls
",matched P2 appearance/control (see report),"{""id"": ""exp_fusion_shuffle"", ""epochs"": 10, ""seed"": 17, ""fov"": 96, ""tau"": 0, ""sampler"": ""balanced"", ""lr"": 0.001, ""weight_decay"": 0.01, ""biology"": ""shuffle"", ""hypothesis"": ""Incremental biology with matched capacity and information controls""}",15530,17,original300/150,10,0.1329166666666666,NOT RECORDED IN ORIGINAL RUN,single-run endpoint; aggregate controls in report,0.534813976276866,"[0.717948717948718, 0.4666666666666667, 0.5833333333333334, 0.08333333333333333, 0.75, 0.9166666666666666, 0.5833333333333334, 0.75, 0.4166666666666667, 0.16666666666666666]",0.371440529235104,shuffle,"historical selected endpoint, development only",P2 best-epoch selection; not matched to P3 fixed epoch10,reused enriched150; best epoch 10,PROMPT_2\ARCHITECTURES\FROZEN_UNI2_shuffle\RESULTS\RUNS\exp_fusion_shuffle\metrics\summary.json
2,shuffle,exp_rep_shuffle_29,"Repeat apparent biological increment across initialization and sampling seeds
",matched P2 appearance/control (see report),"{""id"": ""exp_rep_shuffle_29"", ""epochs"": 10, ""seed"": 29, ""fov"": 96, ""tau"": 0, ""sampler"": ""balanced"", ""lr"": 0.001, ""weight_decay"": 0.01, ""biology"": ""shuffle"", ""hypothesis"": ""Repeat apparent biological increment across initialization and sampling seeds""}",15530,29,original300/150,10,0.1181231884057971,NOT RECORDED IN ORIGINAL RUN,single-run endpoint; aggregate controls in report,0.4765098828875919,"[0.5384615384615384, 0.3333333333333333, 0.5, 0.0, 0.8333333333333334, 1.0, 0.4166666666666667, 0.8333333333333334, 0.4166666666666667, 0.25]",0.4093301359451768,shuffle,"historical selected endpoint, development only",P2 best-epoch selection; not matched to P3 fixed epoch10,reused enriched150; best epoch 9,PROMPT_2\ARCHITECTURES\FROZEN_UNI2_shuffle\RESULTS\RUNS\exp_rep_shuffle_29\metrics\summary.json
2,shuffle,exp_rep_shuffle_43,"Repeat apparent biological increment across initialization and sampling seeds
",matched P2 appearance/control (see report),"{""id"": ""exp_rep_shuffle_43"", ""epochs"": 10, ""seed"": 43, ""fov"": 96, ""tau"": 0, ""sampler"": ""balanced"", ""lr"": 0.001, ""weight_decay"": 0.01, ""biology"": ""shuffle"", ""hypothesis"": ""Repeat apparent biological increment across initialization and sampling seeds""}",15530,43,original300/150,10,0.1150714285714285,NOT RECORDED IN ORIGINAL RUN,single-run endpoint; aggregate controls in report,0.4681503440199092,"[0.5897435897435898, 0.13333333333333333, 0.6666666666666666, 0.08333333333333333, 0.8333333333333334, 0.9166666666666666, 0.5, 0.8333333333333334, 0.5, 0.08333333333333333]",0.3656302753656662,shuffle,"historical selected endpoint, development only",P2 best-epoch selection; not matched to P3 fixed epoch10,reused enriched150; best epoch 8,PROMPT_2\ARCHITECTURES\FROZEN_UNI2_shuffle\RESULTS\RUNS\exp_rep_shuffle_43\metrics\summary.json
2,tierA,exp_drop_gradient_texture,"Leave one family out of the qualifying full TierA model
",matched P2 appearance/control (see report),"{""id"": ""exp_drop_gradient_texture"", ""epochs"": 10, ""seed"": 17, ""fov"": 96, ""tau"": 0, ""sampler"": ""balanced"", ""lr"": 0.001, ""weight_decay"": 0.01, ""biology"": ""tierA"", ""families"": [""stain"", ""ring"", ""roi_relative""], ""hypothesis"": ""Leave one family out of the qualifying full TierA model""}",15490,17,original300/150,10,0.1328333333333333,NOT RECORDED IN ORIGINAL RUN,single-run endpoint; aggregate controls in report,0.5313570289944971,"[0.7435897435897436, 0.3333333333333333, 0.5833333333333334, 0.08333333333333333, 0.75, 0.9166666666666666, 0.5833333333333334, 0.75, 0.5, 0.16666666666666666]",0.3882552420008576,tierA,"historical selected endpoint, development only",P2 best-epoch selection; not matched to P3 fixed epoch10,reused enriched150; best epoch 10,PROMPT_2\ARCHITECTURES\FROZEN_UNI2_tierA\RESULTS\RUNS\exp_drop_gradient_texture\metrics\summary.json
2,tierA,exp_drop_ring,"Leave one family out of the qualifying full TierA model
",matched P2 appearance/control (see report),"{""id"": ""exp_drop_ring"", ""epochs"": 10, ""seed"": 17, ""fov"": 96, ""tau"": 0, ""sampler"": ""balanced"", ""lr"": 0.001, ""weight_decay"": 0.01, ""biology"": ""tierA"", ""families"": [""stain"", ""gradient_texture"", ""roi_relative""], ""hypothesis"": ""Leave one family out of the qualifying full TierA model""}",15480,17,original300/150,10,0.1345119047619047,NOT RECORDED IN ORIGINAL RUN,single-run endpoint; aggregate controls in report,0.5388862461068343,"[0.7692307692307693, 0.3333333333333333, 0.5, 0.16666666666666666, 0.75, 0.9166666666666666, 0.5833333333333334, 0.75, 0.5, 0.16666666666666666]",0.3854434802917341,tierA,"historical selected endpoint, development only",P2 best-epoch selection; not matched to P3 fixed epoch10,reused enriched150; best epoch 10,PROMPT_2\ARCHITECTURES\FROZEN_UNI2_tierA\RESULTS\RUNS\exp_drop_ring\metrics\summary.json
2,tierA,exp_drop_roi_relative,"Leave one family out of the qualifying full TierA model
",matched P2 appearance/control (see report),"{""id"": ""exp_drop_roi_relative"", ""epochs"": 10, ""seed"": 17, ""fov"": 96, ""tau"": 0, ""sampler"": ""balanced"", ""lr"": 0.001, ""weight_decay"": 0.01, ""biology"": ""tierA"", ""families"": [""stain"", ""gradient_texture"", ""ring""], ""hypothesis"": ""Leave one family out of the qualifying full TierA model""}",15510,17,original300/150,10,0.1363571428571428,NOT RECORDED IN ORIGINAL RUN,single-run endpoint; aggregate controls in report,0.5475503917197672,"[0.7692307692307693, 0.4, 0.5, 0.16666666666666666, 0.75, 0.9166666666666666, 0.5833333333333334, 0.75, 0.5, 0.16666666666666666]",0.3836255936088506,tierA,"historical selected endpoint, development only",P2 best-epoch selection; not matched to P3 fixed epoch10,reused enriched150; best epoch 10,PROMPT_2\ARCHITECTURES\FROZEN_UNI2_tierA\RESULTS\RUNS\exp_drop_roi_relative\metrics\summary.json
2,tierA,exp_drop_stain,"Leave one family out of the qualifying full TierA model
",matched P2 appearance/control (see report),"{""id"": ""exp_drop_stain"", ""epochs"": 10, ""seed"": 17, ""fov"": 96, ""tau"": 0, ""sampler"": ""balanced"", ""lr"": 0.001, ""weight_decay"": 0.01, ""biology"": ""tierA"", ""families"": [""gradient_texture"", ""ring"", ""roi_relative""], ""hypothesis"": ""Leave one family out of the qualifying full TierA model""}",15480,17,original300/150,10,0.1357738095238095,NOT RECORDED IN ORIGINAL RUN,single-run endpoint; aggregate controls in report,0.5433961124657878,"[0.7692307692307693, 0.4, 0.5833333333333334, 0.08333333333333333, 0.75, 0.9166666666666666, 0.5833333333333334, 0.75, 0.5, 0.16666666666666666]",0.3788001366463608,tierA,"historical selected endpoint, development only",P2 best-epoch selection; not matched to P3 fixed epoch10,reused enriched150; best epoch 10,PROMPT_2\ARCHITECTURES\FROZEN_UNI2_tierA\RESULTS\RUNS\exp_drop_stain\metrics\summary.json
2,tierA,exp_family_gradient_texture,"Which biological family contributes beyond appearance?
",matched P2 appearance/control (see report),"{""id"": ""exp_family_gradient_texture"", ""epochs"": 10, ""seed"": 17, ""fov"": 96, ""tau"": 0, ""sampler"": ""balanced"", ""lr"": 0.001, ""weight_decay"": 0.01, ""biology"": ""tierA"", ""families"": [""gradient_texture""], ""hypothesis"": ""Which biological family contributes beyond appearance?""}",15410,17,original300/150,10,0.1320952380952381,NOT RECORDED IN ORIGINAL RUN,single-run endpoint; aggregate controls in report,0.5401236397277978,"[0.7692307692307693, 0.4, 0.5, 0.16666666666666666, 0.75, 0.9166666666666666, 0.5833333333333334, 0.75, 0.4166666666666667, 0.16666666666666666]",0.3731548057845433,tierA,"historical selected endpoint, development only",P2 best-epoch selection; not matched to P3 fixed epoch10,reused enriched150; best epoch 10,PROMPT_2\ARCHITECTURES\FROZEN_UNI2_tierA\RESULTS\RUNS\exp_family_gradient_texture\metrics\summary.json
2,tierA,exp_family_ring,"Which biological family contributes beyond appearance?
",matched P2 appearance/control (see report),"{""id"": ""exp_family_ring"", ""epochs"": 10, ""seed"": 17, ""fov"": 96, ""tau"": 0, ""sampler"": ""balanced"", ""lr"": 0.001, ""weight_decay"": 0.01, ""biology"": ""tierA"", ""families"": [""ring""], ""hypothesis"": ""Which biological family contributes beyond appearance?""}",15420,17,original300/150,10,0.1331666666666666,NOT RECORDED IN ORIGINAL RUN,single-run endpoint; aggregate controls in report,0.5364786710919456,"[0.717948717948718, 0.4666666666666667, 0.5833333333333334, 0.08333333333333333, 0.75, 0.9166666666666666, 0.5833333333333334, 0.75, 0.4166666666666667, 0.16666666666666666]",0.3741982593618171,tierA,"historical selected endpoint, development only",P2 best-epoch selection; not matched to P3 fixed epoch10,reused enriched150; best epoch 10,PROMPT_2\ARCHITECTURES\FROZEN_UNI2_tierA\RESULTS\RUNS\exp_family_ring\metrics\summary.json
2,tierA,exp_family_roi_relative,"Which biological family contributes beyond appearance?
",matched P2 appearance/control (see report),"{""id"": ""exp_family_roi_relative"", ""epochs"": 10, ""seed"": 17, ""fov"": 96, ""tau"": 0, ""sampler"": ""balanced"", ""lr"": 0.001, ""weight_decay"": 0.01, ""biology"": ""tierA"", ""families"": [""roi_relative""], ""hypothesis"": ""Which biological family contributes beyond appearance?""}",15390,17,original300/150,10,0.1336666666666666,NOT RECORDED IN ORIGINAL RUN,single-run endpoint; aggregate controls in report,0.5412408850740053,"[0.7435897435897436, 0.4666666666666667, 0.5833333333333334, 0.08333333333333333, 0.75, 0.9166666666666666, 0.5833333333333334, 0.75, 0.4166666666666667, 0.16666666666666666]",0.3667374103701983,tierA,"historical selected endpoint, development only",P2 best-epoch selection; not matched to P3 fixed epoch10,reused enriched150; best epoch 10,PROMPT_2\ARCHITECTURES\FROZEN_UNI2_tierA\RESULTS\RUNS\exp_family_roi_relative\metrics\summary.json
2,tierA,exp_family_stain,"Which biological family contributes beyond appearance?
",matched P2 appearance/control (see report),"{""id"": ""exp_family_stain"", ""epochs"": 10, ""seed"": 17, ""fov"": 96, ""tau"": 0, ""sampler"": ""balanced"", ""lr"": 0.001, ""weight_decay"": 0.01, ""biology"": ""tierA"", ""families"": [""stain""], ""hypothesis"": ""Which biological family contributes beyond appearance?""}",15420,17,original300/150,10,0.1302380952380952,NOT RECORDED IN ORIGINAL RUN,single-run endpoint; aggregate controls in report,0.5262280520464664,"[0.6153846153846154, 0.4, 0.3333333333333333, 0.16666666666666666, 0.8333333333333334, 0.9166666666666666, 0.5833333333333334, 0.75, 0.5, 0.25]",0.3232506540891913,tierA,"historical selected endpoint, development only",P2 best-epoch selection; not matched to P3 fixed epoch10,reused enriched150; best epoch 9,PROMPT_2\ARCHITECTURES\FROZEN_UNI2_tierA\RESULTS\RUNS\exp_family_stain\metrics\summary.json
2,tierA,exp_fusion_tierA,"Incremental biology with matched capacity and information controls
",matched P2 appearance/control (see report),"{""id"": ""exp_fusion_tierA"", ""epochs"": 10, ""seed"": 17, ""fov"": 96, ""tau"": 0, ""sampler"": ""balanced"", ""lr"": 0.001, ""weight_decay"": 0.01, ""biology"": ""tierA"", ""hypothesis"": ""Incremental biology with matched capacity and information controls""}",15530,17,original300/150,10,0.1396071428571428,NOT RECORDED IN ORIGINAL RUN,single-run endpoint; aggregate controls in report,0.5538183728036669,"[0.7692307692307693, 0.4, 0.5833333333333334, 0.16666666666666666, 0.75, 0.9166666666666666, 0.5833333333333334, 0.75, 0.5, 0.16666666666666666]",0.3773576125249509,tierA,"historical selected endpoint, development only",P2 best-epoch selection; not matched to P3 fixed epoch10,reused enriched150; best epoch 10,PROMPT_2\ARCHITECTURES\FROZEN_UNI2_tierA\RESULTS\RUNS\exp_fusion_tierA\metrics\summary.json
2,tierA,exp_rep_tierA_29,"Repeat apparent biological increment across initialization and sampling seeds
",matched P2 appearance/control (see report),"{""id"": ""exp_rep_tierA_29"", ""epochs"": 10, ""seed"": 29, ""fov"": 96, ""tau"": 0, ""sampler"": ""balanced"", ""lr"": 0.001, ""weight_decay"": 0.01, ""biology"": ""tierA"", ""hypothesis"": ""Repeat apparent biological increment across initialization and sampling seeds""}",15530,29,original300/150,10,0.1309285714285714,NOT RECORDED IN ORIGINAL RUN,single-run endpoint; aggregate controls in report,0.5422259392502433,"[0.6923076923076923, 0.3333333333333333, 0.5833333333333334, 0.08333333333333333, 0.6666666666666666, 0.9166666666666666, 0.5833333333333334, 0.75, 0.5833333333333334, 0.3333333333333333]",0.3206806218531491,tierA,"historical selected endpoint, development only",P2 best-epoch selection; not matched to P3 fixed epoch10,reused enriched150; best epoch 8,PROMPT_2\ARCHITECTURES\FROZEN_UNI2_tierA\RESULTS\RUNS\exp_rep_tierA_29\metrics\summary.json
2,tierA,exp_rep_tierA_43,"Repeat apparent biological increment across initialization and sampling seeds
",matched P2 appearance/control (see report),"{""id"": ""exp_rep_tierA_43"", ""epochs"": 10, ""seed"": 43, ""fov"": 96, ""tau"": 0, ""sampler"": ""balanced"", ""lr"": 0.001, ""weight_decay"": 0.01, ""biology"": ""tierA"", ""hypothesis"": ""Repeat apparent biological increment across initialization and sampling seeds""}",15530,43,original300/150,10,0.1208511904761904,NOT RECORDED IN ORIGINAL RUN,single-run endpoint; aggregate controls in report,0.4782793698676051,"[0.5897435897435898, 0.2, 0.6666666666666666, 0.08333333333333333, 0.8333333333333334, 0.9166666666666666, 0.5833333333333334, 0.8333333333333334, 0.5, 0.08333333333333333]",0.3755748346300384,tierA,"historical selected endpoint, development only",P2 best-epoch selection; not matched to P3 fixed epoch10,reused enriched150; best epoch 8,PROMPT_2\ARCHITECTURES\FROZEN_UNI2_tierA\RESULTS\RUNS\exp_rep_tierA_43\metrics\summary.json
2,tierA,exp_tune_bio_lr_0.0003,"Prespecified small head LR refinement for surviving minimal biology fusion
",matched P2 appearance/control (see report),"{""id"": ""exp_tune_bio_lr_0.0003"", ""epochs"": 10, ""seed"": 17, ""fov"": 96, ""tau"": 0, ""sampler"": ""balanced"", ""lr"": 0.0003, ""weight_decay"": 0.01, ""biology"": ""tierA"", ""hypothesis"": ""Prespecified small head LR refinement for surviving minimal biology fusion""}",15530,17,original300/150,10,0.1183731884057971,NOT RECORDED IN ORIGINAL RUN,single-run endpoint; aggregate controls in report,0.4799132000833321,"[0.4358974358974359, 0.26666666666666666, 0.5833333333333334, 0.16666666666666666, 0.8333333333333334, 1.0, 0.5, 0.75, 0.5, 0.16666666666666666]",0.209025758879049,tierA,"historical selected endpoint, development only",P2 best-epoch selection; not matched to P3 fixed epoch10,reused enriched150; best epoch 9,PROMPT_2\ARCHITECTURES\FROZEN_UNI2_tierA\RESULTS\RUNS\exp_tune_bio_lr_0.0003\metrics\summary.json
2,tierA,exp_tune_bio_lr_0.003,"Prespecified small head LR refinement for surviving minimal biology fusion
",matched P2 appearance/control (see report),"{""id"": ""exp_tune_bio_lr_0.003"", ""epochs"": 10, ""seed"": 17, ""fov"": 96, ""tau"": 0, ""sampler"": ""balanced"", ""lr"": 0.003, ""weight_decay"": 0.01, ""biology"": ""tierA"", ""hypothesis"": ""Prespecified small head LR refinement for surviving minimal biology fusion""}",15530,17,original300/150,10,0.1280357142857143,NOT RECORDED IN ORIGINAL RUN,single-run endpoint; aggregate controls in report,0.5064521972271427,"[0.7692307692307693, 0.6666666666666666, 0.4166666666666667, 0.0, 0.5, 1.0, 0.5, 0.5833333333333334, 0.5, 0.16666666666666666]",0.4813525710190157,tierA,"historical selected endpoint, development only",P2 best-epoch selection; not matched to P3 fixed epoch10,reused enriched150; best epoch 10,PROMPT_2\ARCHITECTURES\FROZEN_UNI2_tierA\RESULTS\RUNS\exp_tune_bio_lr_0.003\metrics\summary.json
4,LORA,LoRA,restricted Q/V adaptation,matched five-epoch frozen,LoRA,224474,17;29;43,original300/150,5,0.1526053113553113,0.0,see original decision JSON,0.5933239194141744,see report and original per_class,0.2229751338565638,matched frozen / shuffled masks / Gaussian,not promoted,no reproducible advantage under original guards,"conditional enriched population, reused development",PROMPT_4\LORA\endpoints.csv
4,LORA,frozen,restricted Q/V adaptation,matched five-epoch frozen,frozen,27866,17;29;43,original300/150,5,0.1526053113553113,0.0,see original decision JSON,0.5933239194141744,see report and original per_class,0.2229751338565638,matched frozen / shuffled masks / Gaussian,not promoted,no reproducible advantage under original guards,"conditional enriched population, reused development",PROMPT_4\LORA\endpoints.csv
4,BIOMASK_GUIDED,F_A3,clean mask classification utility,F_A3,F_A3,27866,17;29;43,detector-held fold0 80/76,10,0.2274735449735449,0.0,see original decision JSON,0.5546786199024051,see report and original per_class,0.3678027467763636,matched frozen / shuffled masks / Gaussian,not promoted,no reproducible advantage under original guards,"conditional enriched population, reused development",PROMPT_4\BIOMASK_GUIDED\endpoints.csv
4,BIOMASK_GUIDED,F_CLS_MASK,clean mask classification utility,F_A3,F_CLS_MASK,27866,17;29;43,detector-held fold0 80/76,10,0.213479007764722,-0.0139945372088229,see original decision JSON,0.5391595491821076,see report and original per_class,0.3910453974593717,matched frozen / shuffled masks / Gaussian,not promoted,no reproducible advantage under original guards,"conditional enriched population, reused development",PROMPT_4\BIOMASK_GUIDED\endpoints.csv
4,BIOMASK_GUIDED,F_CLS_SHUFFLE,clean mask classification utility,F_A3,F_CLS_SHUFFLE,27866,17;29;43,detector-held fold0 80/76,10,0.2124596505268774,-0.0150138944466675,see original decision JSON,0.5171923539255663,see report and original per_class,0.4322438877366816,matched frozen / shuffled masks / Gaussian,not promoted,no reproducible advantage under original guards,"conditional enriched population, reused development",PROMPT_4\BIOMASK_GUIDED\endpoints.csv
4,BIOMASK_GUIDED,F_GAUSSIAN,clean mask classification utility,F_A3,F_GAUSSIAN,27866,17;29;43,detector-held fold0 80/76,10,0.2393386243386243,0.0118650793650793,see original decision JSON,0.5848647375044603,see report and original per_class,0.3255329571832241,matched frozen / shuffled masks / Gaussian,not promoted,no reproducible advantage under original guards,"conditional enriched population, reused development",PROMPT_4\BIOMASK_GUIDED\endpoints.csv
4,BIOMASK_GUIDED,F_MASK,clean mask classification utility,F_A3,F_MASK,27866,17;29;43,detector-held fold0 80/76,10,0.2282030932030931,0.0007295482295482,see original decision JSON,0.5508136929178119,see report and original per_class,0.3700599219625108,matched frozen / shuffled masks / Gaussian,not promoted,no reproducible advantage under original guards,"conditional enriched population, reused development",PROMPT_4\BIOMASK_GUIDED\endpoints.csv
4,BIOMASK_GUIDED,F_SHUFFLE,clean mask classification utility,F_A3,F_SHUFFLE,27866,17;29;43,detector-held fold0 80/76,10,0.2152405002405002,-0.0122330447330447,see original decision JSON,0.5153911074401271,see report and original per_class,0.4096946613566841,matched frozen / shuffled masks / Gaussian,not promoted,no reproducible advantage under original guards,"conditional enriched population, reused development",PROMPT_4\BIOMASK_GUIDED\endpoints.csv
4,Stage1 alignment,C_ALIGNMENT,coordinate shift limits classification,GT-centered training; Stage1 evaluation,Stage1-centered training,27866,17;29;43,same detector-held fold0,10,NOT RECORDED IN ORIGINAL RUN,0.0056349206349206,"[-0.006666666666666667, 0.017857142857142856]",NOT RECORDED IN ORIGINAL RUN,"[0.027777777777777773, 0.11111111111111112, 0.0, -0.041666666666666664, 0.0, 0.0, 0.0, 0.08333333333333333, 0.0, -0.16666666666666666]",NOT RECORDED IN ORIGINAL RUN,2x2 train/evaluation coordinates,not promoted,interval crosses zero; apoptosis recall -1/6,samefold0 upstream-excluded conditional matched nuclei; not fullproposal score,NOT RECORDED IN ORIGINAL RUN
