run_id,seed,config_sha256,config,provenance,checkpoint_rule,selected_epoch,final_executed_epoch
p6_A_D300_s17,17,6eccb917f801a5ebf07914f1b201a082a09e0a9ad765fd4e894c24ef21fa5686,"{""experiment_id"":""p6_A_D300_s17"",""manifest"":""C:\\Users\\Hngk\\Documents\\Codex\\PUMA_STAGE2_PROMPT6\\DATA_PRESELECTION\\SELECTION\\D300.csv"",""output_dir"":""C:\\Users\\Hngk\\Documents\\Codex\\2026-09-07\\use-the-autoresearch-skill-x20-https\\outputs\\PUMA_STAGE2_RESEARCH_PROMPTS_1_TO_4\\PROMPT_6\\EXPERIMENTS"",""uni2_weights"":null,""cached_features"":""C:\\Users\\Hngk\\Documents\\Codex\\PUMA_STAGE2_PROMPT6\\DATA_PRESELECTION\\D300_cls.npy"",""cached_tokens"":null,""tier_a"":""C:\\Users\\Hngk\\Documents\\Codex\\PUMA_STAGE2_PROMPT6\\DATA_PRESELECTION\\D300_tierA.npy"",""fov"":96,""seed"":17,""device"":""cpu"",""num_workers"":0,""selection_metric"":""roi_macro_f1"",""augmentation"":{""geometric"":false,""stain_mode"":""none"",""stain_strength"":0.0,""coordinate_jitter_sigma"":0.0,""coordinate_jitter_clip"":0.0},""sampler"":{""mode"":""inverse"",""alpha"":1.0,""num_samples_multiplier"":1.0},""loss"":{""kind"":""ce"",""tau"":0.0,""label_smoothing"":0.0},""model"":{""representation"":""cls"",""gaussian_sigma"":1.5,""neighborhood_radius"":1,""interaction_rank"":8,""representation_dropout"":0.0,""interaction_dropout"":0.0,""tier_a_dropout"":0.0,""use_tier_a"":true,""scalar_mix_init"":0.5},""optimizer"":{""lr"":0.001,""weight_decay"":0.01,""batch_size"":64,""accumulation_steps"":1,""max_epochs"":10,""patience"":10,""min_delta"":0.0001,""scheduler"":""constant"",""warmup_fraction"":0.05,""min_lr_ratio"":0.1,""grad_clip"":1.0,""amp"":false,""decay_bias_and_vectors"":true,""selection_mode"":""fixed_final""},""encoder"":{""adaptation"":""frozen"",""allow_adaptation"":false,""adapter_lr"":1e-05,""lora_rank"":4,""lora_alpha"":8.0,""last_blocks"":2},""decoupled"":{""enabled"":false,""retrain_epochs"":5,""retrain_lr"":0.001,""reset_classifier"":true,""sampler"":{""mode"":""inverse"",""alpha"":1.0,""num_samples_multiplier"":1.0},""loss"":{""kind"":""ce"",""tau"":0.0,""label_smoothing"":0.0}}}","{""manifest_sha256"":""4ea6d7a0f1c2127a4caf042128e2ec8bec2f74c7ef525359346356a885964c9c"",""tier_a_sha256"":""ee013399b4693bc19d41b7adc743422123380b2dfa9e877367fcd6d8e58f6041"",""representation_sha256"":""195f4cb0b95d33cf4e7042e74145090f53fc1cbd047bdabb2474e5493220ad83"",""uni2_sha256"":null,""config_hash"":""2f5abca4ed2508b875904fe0477962ae6ae6baef6563262e2470a8eef071f13d"",""python"":""3.10.11"",""torch"":""2.11.0+cpu"",""device"":""cpu""}",fixed_final,10,10
p6_A_D300_s29,29,39212aa46de2080a7fb72ba3dc4a92d50dd9ffa0126c942a56ec7b4e0373d716,"{""experiment_id"":""p6_A_D300_s29"",""manifest"":""C:\\Users\\Hngk\\Documents\\Codex\\PUMA_STAGE2_PROMPT6\\DATA_PRESELECTION\\SELECTION\\D300.csv"",""output_dir"":""C:\\Users\\Hngk\\Documents\\Codex\\2026-09-07\\use-the-autoresearch-skill-x20-https\\outputs\\PUMA_STAGE2_RESEARCH_PROMPTS_1_TO_4\\PROMPT_6\\EXPERIMENTS"",""uni2_weights"":null,""cached_features"":""C:\\Users\\Hngk\\Documents\\Codex\\PUMA_STAGE2_PROMPT6\\DATA_PRESELECTION\\D300_cls.npy"",""cached_tokens"":null,""tier_a"":""C:\\Users\\Hngk\\Documents\\Codex\\PUMA_STAGE2_PROMPT6\\DATA_PRESELECTION\\D300_tierA.npy"",""fov"":96,""seed"":29,""device"":""cpu"",""num_workers"":0,""selection_metric"":""roi_macro_f1"",""augmentation"":{""geometric"":false,""stain_mode"":""none"",""stain_strength"":0.0,""coordinate_jitter_sigma"":0.0,""coordinate_jitter_clip"":0.0},""sampler"":{""mode"":""inverse"",""alpha"":1.0,""num_samples_multiplier"":1.0},""loss"":{""kind"":""ce"",""tau"":0.0,""label_smoothing"":0.0},""model"":{""representation"":""cls"",""gaussian_sigma"":1.5,""neighborhood_radius"":1,""interaction_rank"":8,""representation_dropout"":0.0,""interaction_dropout"":0.0,""tier_a_dropout"":0.0,""use_tier_a"":true,""scalar_mix_init"":0.5},""optimizer"":{""lr"":0.001,""weight_decay"":0.01,""batch_size"":64,""accumulation_steps"":1,""max_epochs"":10,""patience"":10,""min_delta"":0.0001,""scheduler"":""constant"",""warmup_fraction"":0.05,""min_lr_ratio"":0.1,""grad_clip"":1.0,""amp"":false,""decay_bias_and_vectors"":true,""selection_mode"":""fixed_final""},""encoder"":{""adaptation"":""frozen"",""allow_adaptation"":false,""adapter_lr"":1e-05,""lora_rank"":4,""lora_alpha"":8.0,""last_blocks"":2},""decoupled"":{""enabled"":false,""retrain_epochs"":5,""retrain_lr"":0.001,""reset_classifier"":true,""sampler"":{""mode"":""inverse"",""alpha"":1.0,""num_samples_multiplier"":1.0},""loss"":{""kind"":""ce"",""tau"":0.0,""label_smoothing"":0.0}}}","{""manifest_sha256"":""4ea6d7a0f1c2127a4caf042128e2ec8bec2f74c7ef525359346356a885964c9c"",""tier_a_sha256"":""ee013399b4693bc19d41b7adc743422123380b2dfa9e877367fcd6d8e58f6041"",""representation_sha256"":""195f4cb0b95d33cf4e7042e74145090f53fc1cbd047bdabb2474e5493220ad83"",""uni2_sha256"":null,""config_hash"":""135d1de208ee0337443b99a9e91176c5a699951057fc0ceee7a1abfc40d5d43d"",""python"":""3.10.11"",""torch"":""2.11.0+cpu"",""device"":""cpu""}",fixed_final,10,10
p6_A_D300_s43,43,41b05077e8ada3a158402023aaeb89fdd43d565ca25cb414775048d857f1227f,"{""experiment_id"":""p6_A_D300_s43"",""manifest"":""C:\\Users\\Hngk\\Documents\\Codex\\PUMA_STAGE2_PROMPT6\\DATA_PRESELECTION\\SELECTION\\D300.csv"",""output_dir"":""C:\\Users\\Hngk\\Documents\\Codex\\2026-09-07\\use-the-autoresearch-skill-x20-https\\outputs\\PUMA_STAGE2_RESEARCH_PROMPTS_1_TO_4\\PROMPT_6\\EXPERIMENTS"",""uni2_weights"":null,""cached_features"":""C:\\Users\\Hngk\\Documents\\Codex\\PUMA_STAGE2_PROMPT6\\DATA_PRESELECTION\\D300_cls.npy"",""cached_tokens"":null,""tier_a"":""C:\\Users\\Hngk\\Documents\\Codex\\PUMA_STAGE2_PROMPT6\\DATA_PRESELECTION\\D300_tierA.npy"",""fov"":96,""seed"":43,""device"":""cpu"",""num_workers"":0,""selection_metric"":""roi_macro_f1"",""augmentation"":{""geometric"":false,""stain_mode"":""none"",""stain_strength"":0.0,""coordinate_jitter_sigma"":0.0,""coordinate_jitter_clip"":0.0},""sampler"":{""mode"":""inverse"",""alpha"":1.0,""num_samples_multiplier"":1.0},""loss"":{""kind"":""ce"",""tau"":0.0,""label_smoothing"":0.0},""model"":{""representation"":""cls"",""gaussian_sigma"":1.5,""neighborhood_radius"":1,""interaction_rank"":8,""representation_dropout"":0.0,""interaction_dropout"":0.0,""tier_a_dropout"":0.0,""use_tier_a"":true,""scalar_mix_init"":0.5},""optimizer"":{""lr"":0.001,""weight_decay"":0.01,""batch_size"":64,""accumulation_steps"":1,""max_epochs"":10,""patience"":10,""min_delta"":0.0001,""scheduler"":""constant"",""warmup_fraction"":0.05,""min_lr_ratio"":0.1,""grad_clip"":1.0,""amp"":false,""decay_bias_and_vectors"":true,""selection_mode"":""fixed_final""},""encoder"":{""adaptation"":""frozen"",""allow_adaptation"":false,""adapter_lr"":1e-05,""lora_rank"":4,""lora_alpha"":8.0,""last_blocks"":2},""decoupled"":{""enabled"":false,""retrain_epochs"":5,""retrain_lr"":0.001,""reset_classifier"":true,""sampler"":{""mode"":""inverse"",""alpha"":1.0,""num_samples_multiplier"":1.0},""loss"":{""kind"":""ce"",""tau"":0.0,""label_smoothing"":0.0}}}","{""manifest_sha256"":""4ea6d7a0f1c2127a4caf042128e2ec8bec2f74c7ef525359346356a885964c9c"",""tier_a_sha256"":""ee013399b4693bc19d41b7adc743422123380b2dfa9e877367fcd6d8e58f6041"",""representation_sha256"":""195f4cb0b95d33cf4e7042e74145090f53fc1cbd047bdabb2474e5493220ad83"",""uni2_sha256"":null,""config_hash"":""bfce2a11821c61515ee4565724baee74de1b1c3be8c6fa1ddc1453de69be89c4"",""python"":""3.10.11"",""torch"":""2.11.0+cpu"",""device"":""cpu""}",fixed_final,10,10
p6_A_D600_s17,17,57f765e9ae6dbba183398d20fe4b29c96fd899625863126a4d06acb8bb1943ec,"{""experiment_id"":""p6_A_D600_s17"",""manifest"":""C:\\Users\\Hngk\\Documents\\Codex\\PUMA_STAGE2_PROMPT6\\DATA_PRESELECTION\\SELECTION\\D600.csv"",""output_dir"":""C:\\Users\\Hngk\\Documents\\Codex\\2026-09-07\\use-the-autoresearch-skill-x20-https\\outputs\\PUMA_STAGE2_RESEARCH_PROMPTS_1_TO_4\\PROMPT_6\\EXPERIMENTS"",""uni2_weights"":null,""cached_features"":""C:\\Users\\Hngk\\Documents\\Codex\\PUMA_STAGE2_PROMPT6\\DATA_PRESELECTION\\D600_cls.npy"",""cached_tokens"":null,""tier_a"":""C:\\Users\\Hngk\\Documents\\Codex\\PUMA_STAGE2_PROMPT6\\DATA_PRESELECTION\\D600_tierA.npy"",""fov"":96,""seed"":17,""device"":""cpu"",""num_workers"":0,""selection_metric"":""roi_macro_f1"",""augmentation"":{""geometric"":false,""stain_mode"":""none"",""stain_strength"":0.0,""coordinate_jitter_sigma"":0.0,""coordinate_jitter_clip"":0.0},""sampler"":{""mode"":""inverse"",""alpha"":1.0,""num_samples_multiplier"":1.0},""loss"":{""kind"":""ce"",""tau"":0.0,""label_smoothing"":0.0},""model"":{""representation"":""cls"",""gaussian_sigma"":1.5,""neighborhood_radius"":1,""interaction_rank"":8,""representation_dropout"":0.0,""interaction_dropout"":0.0,""tier_a_dropout"":0.0,""use_tier_a"":true,""scalar_mix_init"":0.5},""optimizer"":{""lr"":0.001,""weight_decay"":0.01,""batch_size"":64,""accumulation_steps"":1,""max_epochs"":10,""patience"":10,""min_delta"":0.0001,""scheduler"":""constant"",""warmup_fraction"":0.05,""min_lr_ratio"":0.1,""grad_clip"":1.0,""amp"":false,""decay_bias_and_vectors"":true,""selection_mode"":""fixed_final""},""encoder"":{""adaptation"":""frozen"",""allow_adaptation"":false,""adapter_lr"":1e-05,""lora_rank"":4,""lora_alpha"":8.0,""last_blocks"":2},""decoupled"":{""enabled"":false,""retrain_epochs"":5,""retrain_lr"":0.001,""reset_classifier"":true,""sampler"":{""mode"":""inverse"",""alpha"":1.0,""num_samples_multiplier"":1.0},""loss"":{""kind"":""ce"",""tau"":0.0,""label_smoothing"":0.0}}}","{""manifest_sha256"":""1f56bd0e5ee9065e80b9a7b3961e1db4e7a7f5aa1ce672e9c31495ebca87727d"",""tier_a_sha256"":""754ea42c7414262fe7ca5e0808fabd0458a836e658c0d68898803ad114d53794"",""representation_sha256"":""d6be0f9fd30220232ec93a0738c7591bf77a42636d57f8435c1b8776cffbd76f"",""uni2_sha256"":null,""config_hash"":""28919a636107f54e4f5cf04a18e8fb769d6bc0212c16c0c931c5aa94910ed66d"",""python"":""3.10.11"",""torch"":""2.11.0+cpu"",""device"":""cpu""}",fixed_final,10,10
p6_A_D600_s29,29,49c09f393b251fe9804f8a3907bf47d80661158663705033b47d3c15b9c0bada,"{""experiment_id"":""p6_A_D600_s29"",""manifest"":""C:\\Users\\Hngk\\Documents\\Codex\\PUMA_STAGE2_PROMPT6\\DATA_PRESELECTION\\SELECTION\\D600.csv"",""output_dir"":""C:\\Users\\Hngk\\Documents\\Codex\\2026-09-07\\use-the-autoresearch-skill-x20-https\\outputs\\PUMA_STAGE2_RESEARCH_PROMPTS_1_TO_4\\PROMPT_6\\EXPERIMENTS"",""uni2_weights"":null,""cached_features"":""C:\\Users\\Hngk\\Documents\\Codex\\PUMA_STAGE2_PROMPT6\\DATA_PRESELECTION\\D600_cls.npy"",""cached_tokens"":null,""tier_a"":""C:\\Users\\Hngk\\Documents\\Codex\\PUMA_STAGE2_PROMPT6\\DATA_PRESELECTION\\D600_tierA.npy"",""fov"":96,""seed"":29,""device"":""cpu"",""num_workers"":0,""selection_metric"":""roi_macro_f1"",""augmentation"":{""geometric"":false,""stain_mode"":""none"",""stain_strength"":0.0,""coordinate_jitter_sigma"":0.0,""coordinate_jitter_clip"":0.0},""sampler"":{""mode"":""inverse"",""alpha"":1.0,""num_samples_multiplier"":1.0},""loss"":{""kind"":""ce"",""tau"":0.0,""label_smoothing"":0.0},""model"":{""representation"":""cls"",""gaussian_sigma"":1.5,""neighborhood_radius"":1,""interaction_rank"":8,""representation_dropout"":0.0,""interaction_dropout"":0.0,""tier_a_dropout"":0.0,""use_tier_a"":true,""scalar_mix_init"":0.5},""optimizer"":{""lr"":0.001,""weight_decay"":0.01,""batch_size"":64,""accumulation_steps"":1,""max_epochs"":10,""patience"":10,""min_delta"":0.0001,""scheduler"":""constant"",""warmup_fraction"":0.05,""min_lr_ratio"":0.1,""grad_clip"":1.0,""amp"":false,""decay_bias_and_vectors"":true,""selection_mode"":""fixed_final""},""encoder"":{""adaptation"":""frozen"",""allow_adaptation"":false,""adapter_lr"":1e-05,""lora_rank"":4,""lora_alpha"":8.0,""last_blocks"":2},""decoupled"":{""enabled"":false,""retrain_epochs"":5,""retrain_lr"":0.001,""reset_classifier"":true,""sampler"":{""mode"":""inverse"",""alpha"":1.0,""num_samples_multiplier"":1.0},""loss"":{""kind"":""ce"",""tau"":0.0,""label_smoothing"":0.0}}}","{""manifest_sha256"":""1f56bd0e5ee9065e80b9a7b3961e1db4e7a7f5aa1ce672e9c31495ebca87727d"",""tier_a_sha256"":""754ea42c7414262fe7ca5e0808fabd0458a836e658c0d68898803ad114d53794"",""representation_sha256"":""d6be0f9fd30220232ec93a0738c7591bf77a42636d57f8435c1b8776cffbd76f"",""uni2_sha256"":null,""config_hash"":""47c29792c8dec990a3c38ef80d5d541c7ce8f64fd0caba7d2edeab3f65e8b345"",""python"":""3.10.11"",""torch"":""2.11.0+cpu"",""device"":""cpu""}",fixed_final,10,10
p6_A_D600_s43,43,b38b42022b604707c0941dd6b6be150654ca38b577a872f9af7de77dbf962ac5,"{""experiment_id"":""p6_A_D600_s43"",""manifest"":""C:\\Users\\Hngk\\Documents\\Codex\\PUMA_STAGE2_PROMPT6\\DATA_PRESELECTION\\SELECTION\\D600.csv"",""output_dir"":""C:\\Users\\Hngk\\Documents\\Codex\\2026-09-07\\use-the-autoresearch-skill-x20-https\\outputs\\PUMA_STAGE2_RESEARCH_PROMPTS_1_TO_4\\PROMPT_6\\EXPERIMENTS"",""uni2_weights"":null,""cached_features"":""C:\\Users\\Hngk\\Documents\\Codex\\PUMA_STAGE2_PROMPT6\\DATA_PRESELECTION\\D600_cls.npy"",""cached_tokens"":null,""tier_a"":""C:\\Users\\Hngk\\Documents\\Codex\\PUMA_STAGE2_PROMPT6\\DATA_PRESELECTION\\D600_tierA.npy"",""fov"":96,""seed"":43,""device"":""cpu"",""num_workers"":0,""selection_metric"":""roi_macro_f1"",""augmentation"":{""geometric"":false,""stain_mode"":""none"",""stain_strength"":0.0,""coordinate_jitter_sigma"":0.0,""coordinate_jitter_clip"":0.0},""sampler"":{""mode"":""inverse"",""alpha"":1.0,""num_samples_multiplier"":1.0},""loss"":{""kind"":""ce"",""tau"":0.0,""label_smoothing"":0.0},""model"":{""representation"":""cls"",""gaussian_sigma"":1.5,""neighborhood_radius"":1,""interaction_rank"":8,""representation_dropout"":0.0,""interaction_dropout"":0.0,""tier_a_dropout"":0.0,""use_tier_a"":true,""scalar_mix_init"":0.5},""optimizer"":{""lr"":0.001,""weight_decay"":0.01,""batch_size"":64,""accumulation_steps"":1,""max_epochs"":10,""patience"":10,""min_delta"":0.0001,""scheduler"":""constant"",""warmup_fraction"":0.05,""min_lr_ratio"":0.1,""grad_clip"":1.0,""amp"":false,""decay_bias_and_vectors"":true,""selection_mode"":""fixed_final""},""encoder"":{""adaptation"":""frozen"",""allow_adaptation"":false,""adapter_lr"":1e-05,""lora_rank"":4,""lora_alpha"":8.0,""last_blocks"":2},""decoupled"":{""enabled"":false,""retrain_epochs"":5,""retrain_lr"":0.001,""reset_classifier"":true,""sampler"":{""mode"":""inverse"",""alpha"":1.0,""num_samples_multiplier"":1.0},""loss"":{""kind"":""ce"",""tau"":0.0,""label_smoothing"":0.0}}}","{""manifest_sha256"":""1f56bd0e5ee9065e80b9a7b3961e1db4e7a7f5aa1ce672e9c31495ebca87727d"",""tier_a_sha256"":""754ea42c7414262fe7ca5e0808fabd0458a836e658c0d68898803ad114d53794"",""representation_sha256"":""d6be0f9fd30220232ec93a0738c7591bf77a42636d57f8435c1b8776cffbd76f"",""uni2_sha256"":null,""config_hash"":""f914f2de3a30fcf11ac075ba0f58c8c3ecbda6cabaf5a81da0840d7841901193"",""python"":""3.10.11"",""torch"":""2.11.0+cpu"",""device"":""cpu""}",fixed_final,10,10
p6_A_D900_s17,17,754981f36cb301a226dcf88694f5cc37b8ebbd7a6c5df32cae6c79798146f990,"{""experiment_id"":""p6_A_D900_s17"",""manifest"":""C:\\Users\\Hngk\\Documents\\Codex\\PUMA_STAGE2_PROMPT6\\DATA_PRESELECTION\\SELECTION\\D900.csv"",""output_dir"":""C:\\Users\\Hngk\\Documents\\Codex\\2026-09-07\\use-the-autoresearch-skill-x20-https\\outputs\\PUMA_STAGE2_RESEARCH_PROMPTS_1_TO_4\\PROMPT_6\\EXPERIMENTS"",""uni2_weights"":null,""cached_features"":""C:\\Users\\Hngk\\Documents\\Codex\\PUMA_STAGE2_PROMPT6\\DATA_PRESELECTION\\D900_cls.npy"",""cached_tokens"":null,""tier_a"":""C:\\Users\\Hngk\\Documents\\Codex\\PUMA_STAGE2_PROMPT6\\DATA_PRESELECTION\\D900_tierA.npy"",""fov"":96,""seed"":17,""device"":""cpu"",""num_workers"":0,""selection_metric"":""roi_macro_f1"",""augmentation"":{""geometric"":false,""stain_mode"":""none"",""stain_strength"":0.0,""coordinate_jitter_sigma"":0.0,""coordinate_jitter_clip"":0.0},""sampler"":{""mode"":""inverse"",""alpha"":1.0,""num_samples_multiplier"":1.0},""loss"":{""kind"":""ce"",""tau"":0.0,""label_smoothing"":0.0},""model"":{""representation"":""cls"",""gaussian_sigma"":1.5,""neighborhood_radius"":1,""interaction_rank"":8,""representation_dropout"":0.0,""interaction_dropout"":0.0,""tier_a_dropout"":0.0,""use_tier_a"":true,""scalar_mix_init"":0.5},""optimizer"":{""lr"":0.001,""weight_decay"":0.01,""batch_size"":64,""accumulation_steps"":1,""max_epochs"":10,""patience"":10,""min_delta"":0.0001,""scheduler"":""constant"",""warmup_fraction"":0.05,""min_lr_ratio"":0.1,""grad_clip"":1.0,""amp"":false,""decay_bias_and_vectors"":true,""selection_mode"":""fixed_final""},""encoder"":{""adaptation"":""frozen"",""allow_adaptation"":false,""adapter_lr"":1e-05,""lora_rank"":4,""lora_alpha"":8.0,""last_blocks"":2},""decoupled"":{""enabled"":false,""retrain_epochs"":5,""retrain_lr"":0.001,""reset_classifier"":true,""sampler"":{""mode"":""inverse"",""alpha"":1.0,""num_samples_multiplier"":1.0},""loss"":{""kind"":""ce"",""tau"":0.0,""label_smoothing"":0.0}}}","{""manifest_sha256"":""d541ed0c492dc652477844cacc64c4b32db840d2d7a8a26c1c5c21df6411bbed"",""tier_a_sha256"":""57fe77287f2b3320fd7ad6260cd07da6ff11e310274af17aad9873f905f1c570"",""representation_sha256"":""3f0ca693c9b513c54c3ad866e9fd853397fe2fc9d36fdae7a716954b22e63ccc"",""uni2_sha256"":null,""config_hash"":""0df3bbe84dd52e8325cf02035849ab4c2d10829e9ccd7a6a5fe2177a248ae93c"",""python"":""3.10.11"",""torch"":""2.11.0+cpu"",""device"":""cpu""}",fixed_final,10,10
p6_A_D900_s29,29,ca8a1c51008d3e7ad81e4a00af73d8c1aa61b7c8472aec604ba6d13653c7bb55,"{""experiment_id"":""p6_A_D900_s29"",""manifest"":""C:\\Users\\Hngk\\Documents\\Codex\\PUMA_STAGE2_PROMPT6\\DATA_PRESELECTION\\SELECTION\\D900.csv"",""output_dir"":""C:\\Users\\Hngk\\Documents\\Codex\\2026-09-07\\use-the-autoresearch-skill-x20-https\\outputs\\PUMA_STAGE2_RESEARCH_PROMPTS_1_TO_4\\PROMPT_6\\EXPERIMENTS"",""uni2_weights"":null,""cached_features"":""C:\\Users\\Hngk\\Documents\\Codex\\PUMA_STAGE2_PROMPT6\\DATA_PRESELECTION\\D900_cls.npy"",""cached_tokens"":null,""tier_a"":""C:\\Users\\Hngk\\Documents\\Codex\\PUMA_STAGE2_PROMPT6\\DATA_PRESELECTION\\D900_tierA.npy"",""fov"":96,""seed"":29,""device"":""cpu"",""num_workers"":0,""selection_metric"":""roi_macro_f1"",""augmentation"":{""geometric"":false,""stain_mode"":""none"",""stain_strength"":0.0,""coordinate_jitter_sigma"":0.0,""coordinate_jitter_clip"":0.0},""sampler"":{""mode"":""inverse"",""alpha"":1.0,""num_samples_multiplier"":1.0},""loss"":{""kind"":""ce"",""tau"":0.0,""label_smoothing"":0.0},""model"":{""representation"":""cls"",""gaussian_sigma"":1.5,""neighborhood_radius"":1,""interaction_rank"":8,""representation_dropout"":0.0,""interaction_dropout"":0.0,""tier_a_dropout"":0.0,""use_tier_a"":true,""scalar_mix_init"":0.5},""optimizer"":{""lr"":0.001,""weight_decay"":0.01,""batch_size"":64,""accumulation_steps"":1,""max_epochs"":10,""patience"":10,""min_delta"":0.0001,""scheduler"":""constant"",""warmup_fraction"":0.05,""min_lr_ratio"":0.1,""grad_clip"":1.0,""amp"":false,""decay_bias_and_vectors"":true,""selection_mode"":""fixed_final""},""encoder"":{""adaptation"":""frozen"",""allow_adaptation"":false,""adapter_lr"":1e-05,""lora_rank"":4,""lora_alpha"":8.0,""last_blocks"":2},""decoupled"":{""enabled"":false,""retrain_epochs"":5,""retrain_lr"":0.001,""reset_classifier"":true,""sampler"":{""mode"":""inverse"",""alpha"":1.0,""num_samples_multiplier"":1.0},""loss"":{""kind"":""ce"",""tau"":0.0,""label_smoothing"":0.0}}}","{""manifest_sha256"":""d541ed0c492dc652477844cacc64c4b32db840d2d7a8a26c1c5c21df6411bbed"",""tier_a_sha256"":""57fe77287f2b3320fd7ad6260cd07da6ff11e310274af17aad9873f905f1c570"",""representation_sha256"":""3f0ca693c9b513c54c3ad866e9fd853397fe2fc9d36fdae7a716954b22e63ccc"",""uni2_sha256"":null,""config_hash"":""103b913058906c83e42e27c929db2718fa9daceeef44244602f088889e1af530"",""python"":""3.10.11"",""torch"":""2.11.0+cpu"",""device"":""cpu""}",fixed_final,10,10
p6_A_D900_s43,43,3b57de3257ad87b7b4b254be8c6c8829a82e6d87bfbfcc31d9d8da02da1dbefd,"{""experiment_id"":""p6_A_D900_s43"",""manifest"":""C:\\Users\\Hngk\\Documents\\Codex\\PUMA_STAGE2_PROMPT6\\DATA_PRESELECTION\\SELECTION\\D900.csv"",""output_dir"":""C:\\Users\\Hngk\\Documents\\Codex\\2026-09-07\\use-the-autoresearch-skill-x20-https\\outputs\\PUMA_STAGE2_RESEARCH_PROMPTS_1_TO_4\\PROMPT_6\\EXPERIMENTS"",""uni2_weights"":null,""cached_features"":""C:\\Users\\Hngk\\Documents\\Codex\\PUMA_STAGE2_PROMPT6\\DATA_PRESELECTION\\D900_cls.npy"",""cached_tokens"":null,""tier_a"":""C:\\Users\\Hngk\\Documents\\Codex\\PUMA_STAGE2_PROMPT6\\DATA_PRESELECTION\\D900_tierA.npy"",""fov"":96,""seed"":43,""device"":""cpu"",""num_workers"":0,""selection_metric"":""roi_macro_f1"",""augmentation"":{""geometric"":false,""stain_mode"":""none"",""stain_strength"":0.0,""coordinate_jitter_sigma"":0.0,""coordinate_jitter_clip"":0.0},""sampler"":{""mode"":""inverse"",""alpha"":1.0,""num_samples_multiplier"":1.0},""loss"":{""kind"":""ce"",""tau"":0.0,""label_smoothing"":0.0},""model"":{""representation"":""cls"",""gaussian_sigma"":1.5,""neighborhood_radius"":1,""interaction_rank"":8,""representation_dropout"":0.0,""interaction_dropout"":0.0,""tier_a_dropout"":0.0,""use_tier_a"":true,""scalar_mix_init"":0.5},""optimizer"":{""lr"":0.001,""weight_decay"":0.01,""batch_size"":64,""accumulation_steps"":1,""max_epochs"":10,""patience"":10,""min_delta"":0.0001,""scheduler"":""constant"",""warmup_fraction"":0.05,""min_lr_ratio"":0.1,""grad_clip"":1.0,""amp"":false,""decay_bias_and_vectors"":true,""selection_mode"":""fixed_final""},""encoder"":{""adaptation"":""frozen"",""allow_adaptation"":false,""adapter_lr"":1e-05,""lora_rank"":4,""lora_alpha"":8.0,""last_blocks"":2},""decoupled"":{""enabled"":false,""retrain_epochs"":5,""retrain_lr"":0.001,""reset_classifier"":true,""sampler"":{""mode"":""inverse"",""alpha"":1.0,""num_samples_multiplier"":1.0},""loss"":{""kind"":""ce"",""tau"":0.0,""label_smoothing"":0.0}}}","{""manifest_sha256"":""d541ed0c492dc652477844cacc64c4b32db840d2d7a8a26c1c5c21df6411bbed"",""tier_a_sha256"":""57fe77287f2b3320fd7ad6260cd07da6ff11e310274af17aad9873f905f1c570"",""representation_sha256"":""3f0ca693c9b513c54c3ad866e9fd853397fe2fc9d36fdae7a716954b22e63ccc"",""uni2_sha256"":null,""config_hash"":""44db02a6a62c1cd98cd79fda93feb8d5d8fe3375b0e98f3c53a44fa4fdee2ba9"",""python"":""3.10.11"",""torch"":""2.11.0+cpu"",""device"":""cpu""}",fixed_final,10,10
p6_B_AUG0_s17,17,18757cf5d56b62aab31713c91abc17d10b65f9884d759a3ec6a926c276d53b51,"{""experiment_id"":""p6_B_AUG0_s17"",""manifest"":""C:\\Users\\Hngk\\Documents\\Codex\\PUMA_STAGE2_PROMPT6\\DATA_PRESELECTION\\SELECTION\\D900.csv"",""output_dir"":""C:\\Users\\Hngk\\Documents\\Codex\\2026-09-07\\use-the-autoresearch-skill-x20-https\\outputs\\PUMA_STAGE2_RESEARCH_PROMPTS_1_TO_4\\PROMPT_6\\EXPERIMENTS"",""uni2_weights"":""D:\\Research\\PUMA\\Code\\PUMA_pretrained_checkpoints\\UNI2-h\\uni2_h_model.bin"",""cached_features"":null,""cached_tokens"":null,""tier_a"":""C:\\Users\\Hngk\\Documents\\Codex\\PUMA_STAGE2_PROMPT6\\DATA_PRESELECTION\\D900_tierA.npy"",""fov"":96,""seed"":17,""device"":""cpu"",""num_workers"":0,""selection_metric"":""roi_macro_f1"",""augmentation"":{""geometric"":false,""stain_mode"":""none"",""stain_strength"":0.0,""coordinate_jitter_sigma"":0.0,""coordinate_jitter_clip"":0.0},""sampler"":{""mode"":""inverse"",""alpha"":1.0,""num_samples_multiplier"":1.0},""loss"":{""kind"":""ce"",""tau"":0.0,""label_smoothing"":0.0},""model"":{""representation"":""cls"",""gaussian_sigma"":1.5,""neighborhood_radius"":1,""interaction_rank"":8,""representation_dropout"":0.0,""interaction_dropout"":0.0,""tier_a_dropout"":0.0,""use_tier_a"":true,""scalar_mix_init"":0.5},""optimizer"":{""lr"":0.001,""weight_decay"":0.01,""batch_size"":1,""accumulation_steps"":64,""max_epochs"":10,""patience"":10,""min_delta"":0.0001,""scheduler"":""constant"",""warmup_fraction"":0.05,""min_lr_ratio"":0.1,""grad_clip"":1.0,""amp"":false,""decay_bias_and_vectors"":true,""selection_mode"":""fixed_final""},""encoder"":{""adaptation"":""frozen"",""allow_adaptation"":false,""adapter_lr"":1e-05,""lora_rank"":4,""lora_alpha"":8.0,""last_blocks"":2},""decoupled"":{""enabled"":false,""retrain_epochs"":5,""retrain_lr"":0.001,""reset_classifier"":true,""sampler"":{""mode"":""inverse"",""alpha"":1.0,""num_samples_multiplier"":1.0},""loss"":{""kind"":""ce"",""tau"":0.0,""label_smoothing"":0.0}}}","{""manifest_sha256"":""d541ed0c492dc652477844cacc64c4b32db840d2d7a8a26c1c5c21df6411bbed"",""tier_a_sha256"":""57fe77287f2b3320fd7ad6260cd07da6ff11e310274af17aad9873f905f1c570"",""representation_sha256"":null,""uni2_sha256"":""32cc070acd809d087debdbe483f388561cf03de825cc7c2935d1732dfb427ffe"",""config_hash"":""d2b467e06ea65e1c6a8b4776681445fafa0024efe1c34f4fed2c63d1d73930b8"",""python"":""3.10.11"",""torch"":""2.11.0+cpu"",""device"":""cpu""}",fixed_final,10,10
p6_B_AUG0_s29,29,e5612ad7fb4e7fa5e857ee4dd8f5d6bbd08867f0740b361d026b5a42a21c093b,"{""experiment_id"":""p6_B_AUG0_s29"",""manifest"":""C:\\Users\\Hngk\\Documents\\Codex\\PUMA_STAGE2_PROMPT6\\DATA_PRESELECTION\\SELECTION\\D900.csv"",""output_dir"":""C:\\Users\\Hngk\\Documents\\Codex\\2026-09-07\\use-the-autoresearch-skill-x20-https\\outputs\\PUMA_STAGE2_RESEARCH_PROMPTS_1_TO_4\\PROMPT_6\\EXPERIMENTS"",""uni2_weights"":""D:\\Research\\PUMA\\Code\\PUMA_pretrained_checkpoints\\UNI2-h\\uni2_h_model.bin"",""cached_features"":null,""cached_tokens"":null,""tier_a"":""C:\\Users\\Hngk\\Documents\\Codex\\PUMA_STAGE2_PROMPT6\\DATA_PRESELECTION\\D900_tierA.npy"",""fov"":96,""seed"":29,""device"":""cpu"",""num_workers"":0,""selection_metric"":""roi_macro_f1"",""augmentation"":{""geometric"":false,""stain_mode"":""none"",""stain_strength"":0.0,""coordinate_jitter_sigma"":0.0,""coordinate_jitter_clip"":0.0},""sampler"":{""mode"":""inverse"",""alpha"":1.0,""num_samples_multiplier"":1.0},""loss"":{""kind"":""ce"",""tau"":0.0,""label_smoothing"":0.0},""model"":{""representation"":""cls"",""gaussian_sigma"":1.5,""neighborhood_radius"":1,""interaction_rank"":8,""representation_dropout"":0.0,""interaction_dropout"":0.0,""tier_a_dropout"":0.0,""use_tier_a"":true,""scalar_mix_init"":0.5},""optimizer"":{""lr"":0.001,""weight_decay"":0.01,""batch_size"":1,""accumulation_steps"":64,""max_epochs"":10,""patience"":10,""min_delta"":0.0001,""scheduler"":""constant"",""warmup_fraction"":0.05,""min_lr_ratio"":0.1,""grad_clip"":1.0,""amp"":false,""decay_bias_and_vectors"":true,""selection_mode"":""fixed_final""},""encoder"":{""adaptation"":""frozen"",""allow_adaptation"":false,""adapter_lr"":1e-05,""lora_rank"":4,""lora_alpha"":8.0,""last_blocks"":2},""decoupled"":{""enabled"":false,""retrain_epochs"":5,""retrain_lr"":0.001,""reset_classifier"":true,""sampler"":{""mode"":""inverse"",""alpha"":1.0,""num_samples_multiplier"":1.0},""loss"":{""kind"":""ce"",""tau"":0.0,""label_smoothing"":0.0}}}","{""manifest_sha256"":""d541ed0c492dc652477844cacc64c4b32db840d2d7a8a26c1c5c21df6411bbed"",""tier_a_sha256"":""57fe77287f2b3320fd7ad6260cd07da6ff11e310274af17aad9873f905f1c570"",""representation_sha256"":null,""uni2_sha256"":""32cc070acd809d087debdbe483f388561cf03de825cc7c2935d1732dfb427ffe"",""config_hash"":""08c9113a9db3d32b10a5b03a41549fd62777ea8bdbe5140c81db5104b6e11565"",""python"":""3.10.11"",""torch"":""2.11.0+cpu"",""device"":""cpu""}",fixed_final,10,10
p6_B_AUG0_s43,43,e1fbe7ea203afaa7cf67911487cd9b6486dafe8c7cc1398af74b52e82705e4fc,"{""experiment_id"":""p6_B_AUG0_s43"",""manifest"":""C:\\Users\\Hngk\\Documents\\Codex\\PUMA_STAGE2_PROMPT6\\DATA_PRESELECTION\\SELECTION\\D900.csv"",""output_dir"":""C:\\Users\\Hngk\\Documents\\Codex\\2026-09-07\\use-the-autoresearch-skill-x20-https\\outputs\\PUMA_STAGE2_RESEARCH_PROMPTS_1_TO_4\\PROMPT_6\\EXPERIMENTS"",""uni2_weights"":""D:\\Research\\PUMA\\Code\\PUMA_pretrained_checkpoints\\UNI2-h\\uni2_h_model.bin"",""cached_features"":null,""cached_tokens"":null,""tier_a"":""C:\\Users\\Hngk\\Documents\\Codex\\PUMA_STAGE2_PROMPT6\\DATA_PRESELECTION\\D900_tierA.npy"",""fov"":96,""seed"":43,""device"":""cpu"",""num_workers"":0,""selection_metric"":""roi_macro_f1"",""augmentation"":{""geometric"":false,""stain_mode"":""none"",""stain_strength"":0.0,""coordinate_jitter_sigma"":0.0,""coordinate_jitter_clip"":0.0},""sampler"":{""mode"":""inverse"",""alpha"":1.0,""num_samples_multiplier"":1.0},""loss"":{""kind"":""ce"",""tau"":0.0,""label_smoothing"":0.0},""model"":{""representation"":""cls"",""gaussian_sigma"":1.5,""neighborhood_radius"":1,""interaction_rank"":8,""representation_dropout"":0.0,""interaction_dropout"":0.0,""tier_a_dropout"":0.0,""use_tier_a"":true,""scalar_mix_init"":0.5},""optimizer"":{""lr"":0.001,""weight_decay"":0.01,""batch_size"":1,""accumulation_steps"":64,""max_epochs"":10,""patience"":10,""min_delta"":0.0001,""scheduler"":""constant"",""warmup_fraction"":0.05,""min_lr_ratio"":0.1,""grad_clip"":1.0,""amp"":false,""decay_bias_and_vectors"":true,""selection_mode"":""fixed_final""},""encoder"":{""adaptation"":""frozen"",""allow_adaptation"":false,""adapter_lr"":1e-05,""lora_rank"":4,""lora_alpha"":8.0,""last_blocks"":2},""decoupled"":{""enabled"":false,""retrain_epochs"":5,""retrain_lr"":0.001,""reset_classifier"":true,""sampler"":{""mode"":""inverse"",""alpha"":1.0,""num_samples_multiplier"":1.0},""loss"":{""kind"":""ce"",""tau"":0.0,""label_smoothing"":0.0}}}","{""manifest_sha256"":""d541ed0c492dc652477844cacc64c4b32db840d2d7a8a26c1c5c21df6411bbed"",""tier_a_sha256"":""57fe77287f2b3320fd7ad6260cd07da6ff11e310274af17aad9873f905f1c570"",""representation_sha256"":null,""uni2_sha256"":""32cc070acd809d087debdbe483f388561cf03de825cc7c2935d1732dfb427ffe"",""config_hash"":""da2d5dce4d36d2b41d835a5bf56350d38e0157eefa59b098632d8862c559d76f"",""python"":""3.10.11"",""torch"":""2.11.0+cpu"",""device"":""cpu""}",fixed_final,NOT YET SELECTED,6
p6_C_cached_crt_noreset_s17,17,01cb29715f58ee3731f5bbc50b4e25674fe0164f18916deacf68b4987c0514c6,"{""experiment_id"":""p6_C_cached_crt_noreset_s17"",""manifest"":""C:\\Users\\Hngk\\Documents\\Codex\\PUMA_STAGE2_PROMPT6\\DATA_PRESELECTION\\SELECTION\\D900.csv"",""output_dir"":""C:\\Users\\Hngk\\Documents\\Codex\\2026-09-07\\use-the-autoresearch-skill-x20-https\\outputs\\PUMA_STAGE2_RESEARCH_PROMPTS_1_TO_4\\PROMPT_6\\EXPERIMENTS"",""uni2_weights"":null,""cached_features"":""C:\\Users\\Hngk\\Documents\\Codex\\PUMA_STAGE2_PROMPT6\\DATA_PRESELECTION\\D900_cls.npy"",""cached_tokens"":null,""tier_a"":""C:\\Users\\Hngk\\Documents\\Codex\\PUMA_STAGE2_PROMPT6\\DATA_PRESELECTION\\D900_tierA.npy"",""fov"":96,""seed"":17,""device"":""cpu"",""num_workers"":0,""selection_metric"":""roi_macro_f1"",""augmentation"":{""geometric"":false,""stain_mode"":""none"",""stain_strength"":0.0,""coordinate_jitter_sigma"":0.0,""coordinate_jitter_clip"":0.0},""sampler"":{""mode"":""inverse"",""alpha"":1.0,""num_samples_multiplier"":1.0},""loss"":{""kind"":""ce"",""tau"":0.0,""label_smoothing"":0.0},""model"":{""representation"":""cls"",""gaussian_sigma"":1.5,""neighborhood_radius"":1,""interaction_rank"":8,""representation_dropout"":0.0,""interaction_dropout"":0.0,""tier_a_dropout"":0.0,""use_tier_a"":true,""scalar_mix_init"":0.5},""optimizer"":{""lr"":0.001,""weight_decay"":0.01,""batch_size"":64,""accumulation_steps"":1,""max_epochs"":10,""patience"":10,""min_delta"":0.0001,""scheduler"":""constant"",""warmup_fraction"":0.05,""min_lr_ratio"":0.1,""grad_clip"":1.0,""amp"":false,""decay_bias_and_vectors"":true,""selection_mode"":""fixed_final""},""encoder"":{""adaptation"":""frozen"",""allow_adaptation"":false,""adapter_lr"":1e-05,""lora_rank"":4,""lora_alpha"":8.0,""last_blocks"":2},""decoupled"":{""enabled"":true,""retrain_epochs"":5,""retrain_lr"":0.001,""reset_classifier"":false,""sampler"":{""mode"":""inverse"",""alpha"":1.0,""num_samples_multiplier"":1.0},""loss"":{""kind"":""ce"",""tau"":0.0,""label_smoothing"":0.0}}}","{""manifest_sha256"":""d541ed0c492dc652477844cacc64c4b32db840d2d7a8a26c1c5c21df6411bbed"",""tier_a_sha256"":""57fe77287f2b3320fd7ad6260cd07da6ff11e310274af17aad9873f905f1c570"",""representation_sha256"":""3f0ca693c9b513c54c3ad866e9fd853397fe2fc9d36fdae7a716954b22e63ccc"",""uni2_sha256"":null,""config_hash"":""6d8a38f27baab1bf1b18e7a2d0ecad0b33ef824b23cd380a562b41890add677b"",""python"":""3.10.11"",""torch"":""2.11.0+cpu"",""device"":""cpu""}",fixed_final,10,10
p6_C_cached_crt_noreset_s29,29,1717f405bd3ea014f5c514560c017688e464e09fccd9946087e731f510f054c8,"{""experiment_id"":""p6_C_cached_crt_noreset_s29"",""manifest"":""C:\\Users\\Hngk\\Documents\\Codex\\PUMA_STAGE2_PROMPT6\\DATA_PRESELECTION\\SELECTION\\D900.csv"",""output_dir"":""C:\\Users\\Hngk\\Documents\\Codex\\2026-09-07\\use-the-autoresearch-skill-x20-https\\outputs\\PUMA_STAGE2_RESEARCH_PROMPTS_1_TO_4\\PROMPT_6\\EXPERIMENTS"",""uni2_weights"":null,""cached_features"":""C:\\Users\\Hngk\\Documents\\Codex\\PUMA_STAGE2_PROMPT6\\DATA_PRESELECTION\\D900_cls.npy"",""cached_tokens"":null,""tier_a"":""C:\\Users\\Hngk\\Documents\\Codex\\PUMA_STAGE2_PROMPT6\\DATA_PRESELECTION\\D900_tierA.npy"",""fov"":96,""seed"":29,""device"":""cpu"",""num_workers"":0,""selection_metric"":""roi_macro_f1"",""augmentation"":{""geometric"":false,""stain_mode"":""none"",""stain_strength"":0.0,""coordinate_jitter_sigma"":0.0,""coordinate_jitter_clip"":0.0},""sampler"":{""mode"":""inverse"",""alpha"":1.0,""num_samples_multiplier"":1.0},""loss"":{""kind"":""ce"",""tau"":0.0,""label_smoothing"":0.0},""model"":{""representation"":""cls"",""gaussian_sigma"":1.5,""neighborhood_radius"":1,""interaction_rank"":8,""representation_dropout"":0.0,""interaction_dropout"":0.0,""tier_a_dropout"":0.0,""use_tier_a"":true,""scalar_mix_init"":0.5},""optimizer"":{""lr"":0.001,""weight_decay"":0.01,""batch_size"":64,""accumulation_steps"":1,""max_epochs"":10,""patience"":10,""min_delta"":0.0001,""scheduler"":""constant"",""warmup_fraction"":0.05,""min_lr_ratio"":0.1,""grad_clip"":1.0,""amp"":false,""decay_bias_and_vectors"":true,""selection_mode"":""fixed_final""},""encoder"":{""adaptation"":""frozen"",""allow_adaptation"":false,""adapter_lr"":1e-05,""lora_rank"":4,""lora_alpha"":8.0,""last_blocks"":2},""decoupled"":{""enabled"":true,""retrain_epochs"":5,""retrain_lr"":0.001,""reset_classifier"":false,""sampler"":{""mode"":""inverse"",""alpha"":1.0,""num_samples_multiplier"":1.0},""loss"":{""kind"":""ce"",""tau"":0.0,""label_smoothing"":0.0}}}","{""manifest_sha256"":""d541ed0c492dc652477844cacc64c4b32db840d2d7a8a26c1c5c21df6411bbed"",""tier_a_sha256"":""57fe77287f2b3320fd7ad6260cd07da6ff11e310274af17aad9873f905f1c570"",""representation_sha256"":""3f0ca693c9b513c54c3ad866e9fd853397fe2fc9d36fdae7a716954b22e63ccc"",""uni2_sha256"":null,""config_hash"":""5c7e82794750b9e68ea6554158eb71a523fa8f001e4d1f61d61b6b35171b0e20"",""python"":""3.10.11"",""torch"":""2.11.0+cpu"",""device"":""cpu""}",fixed_final,10,10
p6_C_cached_crt_noreset_s43,43,8547ec7dded970a877c6de5e8eba9576f2703fc336f7f58628dd70229f08a144,"{""experiment_id"":""p6_C_cached_crt_noreset_s43"",""manifest"":""C:\\Users\\Hngk\\Documents\\Codex\\PUMA_STAGE2_PROMPT6\\DATA_PRESELECTION\\SELECTION\\D900.csv"",""output_dir"":""C:\\Users\\Hngk\\Documents\\Codex\\2026-09-07\\use-the-autoresearch-skill-x20-https\\outputs\\PUMA_STAGE2_RESEARCH_PROMPTS_1_TO_4\\PROMPT_6\\EXPERIMENTS"",""uni2_weights"":null,""cached_features"":""C:\\Users\\Hngk\\Documents\\Codex\\PUMA_STAGE2_PROMPT6\\DATA_PRESELECTION\\D900_cls.npy"",""cached_tokens"":null,""tier_a"":""C:\\Users\\Hngk\\Documents\\Codex\\PUMA_STAGE2_PROMPT6\\DATA_PRESELECTION\\D900_tierA.npy"",""fov"":96,""seed"":43,""device"":""cpu"",""num_workers"":0,""selection_metric"":""roi_macro_f1"",""augmentation"":{""geometric"":false,""stain_mode"":""none"",""stain_strength"":0.0,""coordinate_jitter_sigma"":0.0,""coordinate_jitter_clip"":0.0},""sampler"":{""mode"":""inverse"",""alpha"":1.0,""num_samples_multiplier"":1.0},""loss"":{""kind"":""ce"",""tau"":0.0,""label_smoothing"":0.0},""model"":{""representation"":""cls"",""gaussian_sigma"":1.5,""neighborhood_radius"":1,""interaction_rank"":8,""representation_dropout"":0.0,""interaction_dropout"":0.0,""tier_a_dropout"":0.0,""use_tier_a"":true,""scalar_mix_init"":0.5},""optimizer"":{""lr"":0.001,""weight_decay"":0.01,""batch_size"":64,""accumulation_steps"":1,""max_epochs"":10,""patience"":10,""min_delta"":0.0001,""scheduler"":""constant"",""warmup_fraction"":0.05,""min_lr_ratio"":0.1,""grad_clip"":1.0,""amp"":false,""decay_bias_and_vectors"":true,""selection_mode"":""fixed_final""},""encoder"":{""adaptation"":""frozen"",""allow_adaptation"":false,""adapter_lr"":1e-05,""lora_rank"":4,""lora_alpha"":8.0,""last_blocks"":2},""decoupled"":{""enabled"":true,""retrain_epochs"":5,""retrain_lr"":0.001,""reset_classifier"":false,""sampler"":{""mode"":""inverse"",""alpha"":1.0,""num_samples_multiplier"":1.0},""loss"":{""kind"":""ce"",""tau"":0.0,""label_smoothing"":0.0}}}","{""manifest_sha256"":""d541ed0c492dc652477844cacc64c4b32db840d2d7a8a26c1c5c21df6411bbed"",""tier_a_sha256"":""57fe77287f2b3320fd7ad6260cd07da6ff11e310274af17aad9873f905f1c570"",""representation_sha256"":""3f0ca693c9b513c54c3ad866e9fd853397fe2fc9d36fdae7a716954b22e63ccc"",""uni2_sha256"":null,""config_hash"":""ccb05056a172d73420d98fd89424766b13e1a415aa7600a8c20974cd29cc8601"",""python"":""3.10.11"",""torch"":""2.11.0+cpu"",""device"":""cpu""}",fixed_final,10,10
p6_C_cached_crt_reset_s17,17,b3f76f672f18e6767784f8cb015b3cd0e9392da45b5b5663b95366599f6726be,"{""experiment_id"":""p6_C_cached_crt_reset_s17"",""manifest"":""C:\\Users\\Hngk\\Documents\\Codex\\PUMA_STAGE2_PROMPT6\\DATA_PRESELECTION\\SELECTION\\D900.csv"",""output_dir"":""C:\\Users\\Hngk\\Documents\\Codex\\2026-09-07\\use-the-autoresearch-skill-x20-https\\outputs\\PUMA_STAGE2_RESEARCH_PROMPTS_1_TO_4\\PROMPT_6\\EXPERIMENTS"",""uni2_weights"":null,""cached_features"":""C:\\Users\\Hngk\\Documents\\Codex\\PUMA_STAGE2_PROMPT6\\DATA_PRESELECTION\\D900_cls.npy"",""cached_tokens"":null,""tier_a"":""C:\\Users\\Hngk\\Documents\\Codex\\PUMA_STAGE2_PROMPT6\\DATA_PRESELECTION\\D900_tierA.npy"",""fov"":96,""seed"":17,""device"":""cpu"",""num_workers"":0,""selection_metric"":""roi_macro_f1"",""augmentation"":{""geometric"":false,""stain_mode"":""none"",""stain_strength"":0.0,""coordinate_jitter_sigma"":0.0,""coordinate_jitter_clip"":0.0},""sampler"":{""mode"":""inverse"",""alpha"":1.0,""num_samples_multiplier"":1.0},""loss"":{""kind"":""ce"",""tau"":0.0,""label_smoothing"":0.0},""model"":{""representation"":""cls"",""gaussian_sigma"":1.5,""neighborhood_radius"":1,""interaction_rank"":8,""representation_dropout"":0.0,""interaction_dropout"":0.0,""tier_a_dropout"":0.0,""use_tier_a"":true,""scalar_mix_init"":0.5},""optimizer"":{""lr"":0.001,""weight_decay"":0.01,""batch_size"":64,""accumulation_steps"":1,""max_epochs"":10,""patience"":10,""min_delta"":0.0001,""scheduler"":""constant"",""warmup_fraction"":0.05,""min_lr_ratio"":0.1,""grad_clip"":1.0,""amp"":false,""decay_bias_and_vectors"":true,""selection_mode"":""fixed_final""},""encoder"":{""adaptation"":""frozen"",""allow_adaptation"":false,""adapter_lr"":1e-05,""lora_rank"":4,""lora_alpha"":8.0,""last_blocks"":2},""decoupled"":{""enabled"":true,""retrain_epochs"":5,""retrain_lr"":0.001,""reset_classifier"":true,""sampler"":{""mode"":""inverse"",""alpha"":1.0,""num_samples_multiplier"":1.0},""loss"":{""kind"":""ce"",""tau"":0.0,""label_smoothing"":0.0}}}","{""manifest_sha256"":""d541ed0c492dc652477844cacc64c4b32db840d2d7a8a26c1c5c21df6411bbed"",""tier_a_sha256"":""57fe77287f2b3320fd7ad6260cd07da6ff11e310274af17aad9873f905f1c570"",""representation_sha256"":""3f0ca693c9b513c54c3ad866e9fd853397fe2fc9d36fdae7a716954b22e63ccc"",""uni2_sha256"":null,""config_hash"":""33e03d992398355ae3cdb2a7cf9d3bb2113ba2e1b9faf715c613ba57f7e0a31b"",""python"":""3.10.11"",""torch"":""2.11.0+cpu"",""device"":""cpu""}",fixed_final,10,10
p6_C_cached_crt_reset_s29,29,a316730ed8af1b66f96bc0c74bffff825f1d3a456fbc7f55a6bb798ab496cc47,"{""experiment_id"":""p6_C_cached_crt_reset_s29"",""manifest"":""C:\\Users\\Hngk\\Documents\\Codex\\PUMA_STAGE2_PROMPT6\\DATA_PRESELECTION\\SELECTION\\D900.csv"",""output_dir"":""C:\\Users\\Hngk\\Documents\\Codex\\2026-09-07\\use-the-autoresearch-skill-x20-https\\outputs\\PUMA_STAGE2_RESEARCH_PROMPTS_1_TO_4\\PROMPT_6\\EXPERIMENTS"",""uni2_weights"":null,""cached_features"":""C:\\Users\\Hngk\\Documents\\Codex\\PUMA_STAGE2_PROMPT6\\DATA_PRESELECTION\\D900_cls.npy"",""cached_tokens"":null,""tier_a"":""C:\\Users\\Hngk\\Documents\\Codex\\PUMA_STAGE2_PROMPT6\\DATA_PRESELECTION\\D900_tierA.npy"",""fov"":96,""seed"":29,""device"":""cpu"",""num_workers"":0,""selection_metric"":""roi_macro_f1"",""augmentation"":{""geometric"":false,""stain_mode"":""none"",""stain_strength"":0.0,""coordinate_jitter_sigma"":0.0,""coordinate_jitter_clip"":0.0},""sampler"":{""mode"":""inverse"",""alpha"":1.0,""num_samples_multiplier"":1.0},""loss"":{""kind"":""ce"",""tau"":0.0,""label_smoothing"":0.0},""model"":{""representation"":""cls"",""gaussian_sigma"":1.5,""neighborhood_radius"":1,""interaction_rank"":8,""representation_dropout"":0.0,""interaction_dropout"":0.0,""tier_a_dropout"":0.0,""use_tier_a"":true,""scalar_mix_init"":0.5},""optimizer"":{""lr"":0.001,""weight_decay"":0.01,""batch_size"":64,""accumulation_steps"":1,""max_epochs"":10,""patience"":10,""min_delta"":0.0001,""scheduler"":""constant"",""warmup_fraction"":0.05,""min_lr_ratio"":0.1,""grad_clip"":1.0,""amp"":false,""decay_bias_and_vectors"":true,""selection_mode"":""fixed_final""},""encoder"":{""adaptation"":""frozen"",""allow_adaptation"":false,""adapter_lr"":1e-05,""lora_rank"":4,""lora_alpha"":8.0,""last_blocks"":2},""decoupled"":{""enabled"":true,""retrain_epochs"":5,""retrain_lr"":0.001,""reset_classifier"":true,""sampler"":{""mode"":""inverse"",""alpha"":1.0,""num_samples_multiplier"":1.0},""loss"":{""kind"":""ce"",""tau"":0.0,""label_smoothing"":0.0}}}","{""manifest_sha256"":""d541ed0c492dc652477844cacc64c4b32db840d2d7a8a26c1c5c21df6411bbed"",""tier_a_sha256"":""57fe77287f2b3320fd7ad6260cd07da6ff11e310274af17aad9873f905f1c570"",""representation_sha256"":""3f0ca693c9b513c54c3ad866e9fd853397fe2fc9d36fdae7a716954b22e63ccc"",""uni2_sha256"":null,""config_hash"":""f602880ec8885324711899a1afcb2ae51c9ad37fbf95e73a10ffbe4fb4bd0c22"",""python"":""3.10.11"",""torch"":""2.11.0+cpu"",""device"":""cpu""}",fixed_final,10,10
p6_C_cached_crt_reset_s43,43,bc2866539e73b59f61d9994ced09203672e22f66a9fe4561e248734eac4b6209,"{""experiment_id"":""p6_C_cached_crt_reset_s43"",""manifest"":""C:\\Users\\Hngk\\Documents\\Codex\\PUMA_STAGE2_PROMPT6\\DATA_PRESELECTION\\SELECTION\\D900.csv"",""output_dir"":""C:\\Users\\Hngk\\Documents\\Codex\\2026-09-07\\use-the-autoresearch-skill-x20-https\\outputs\\PUMA_STAGE2_RESEARCH_PROMPTS_1_TO_4\\PROMPT_6\\EXPERIMENTS"",""uni2_weights"":null,""cached_features"":""C:\\Users\\Hngk\\Documents\\Codex\\PUMA_STAGE2_PROMPT6\\DATA_PRESELECTION\\D900_cls.npy"",""cached_tokens"":null,""tier_a"":""C:\\Users\\Hngk\\Documents\\Codex\\PUMA_STAGE2_PROMPT6\\DATA_PRESELECTION\\D900_tierA.npy"",""fov"":96,""seed"":43,""device"":""cpu"",""num_workers"":0,""selection_metric"":""roi_macro_f1"",""augmentation"":{""geometric"":false,""stain_mode"":""none"",""stain_strength"":0.0,""coordinate_jitter_sigma"":0.0,""coordinate_jitter_clip"":0.0},""sampler"":{""mode"":""inverse"",""alpha"":1.0,""num_samples_multiplier"":1.0},""loss"":{""kind"":""ce"",""tau"":0.0,""label_smoothing"":0.0},""model"":{""representation"":""cls"",""gaussian_sigma"":1.5,""neighborhood_radius"":1,""interaction_rank"":8,""representation_dropout"":0.0,""interaction_dropout"":0.0,""tier_a_dropout"":0.0,""use_tier_a"":true,""scalar_mix_init"":0.5},""optimizer"":{""lr"":0.001,""weight_decay"":0.01,""batch_size"":64,""accumulation_steps"":1,""max_epochs"":10,""patience"":10,""min_delta"":0.0001,""scheduler"":""constant"",""warmup_fraction"":0.05,""min_lr_ratio"":0.1,""grad_clip"":1.0,""amp"":false,""decay_bias_and_vectors"":true,""selection_mode"":""fixed_final""},""encoder"":{""adaptation"":""frozen"",""allow_adaptation"":false,""adapter_lr"":1e-05,""lora_rank"":4,""lora_alpha"":8.0,""last_blocks"":2},""decoupled"":{""enabled"":true,""retrain_epochs"":5,""retrain_lr"":0.001,""reset_classifier"":true,""sampler"":{""mode"":""inverse"",""alpha"":1.0,""num_samples_multiplier"":1.0},""loss"":{""kind"":""ce"",""tau"":0.0,""label_smoothing"":0.0}}}","{""manifest_sha256"":""d541ed0c492dc652477844cacc64c4b32db840d2d7a8a26c1c5c21df6411bbed"",""tier_a_sha256"":""57fe77287f2b3320fd7ad6260cd07da6ff11e310274af17aad9873f905f1c570"",""representation_sha256"":""3f0ca693c9b513c54c3ad866e9fd853397fe2fc9d36fdae7a716954b22e63ccc"",""uni2_sha256"":null,""config_hash"":""941d56f982da13fd1f420d4782da61bdcbaf2ef7fce045a5ae5e9bcdcc83dbfd"",""python"":""3.10.11"",""torch"":""2.11.0+cpu"",""device"":""cpu""}",fixed_final,10,10
p6_C_cached_natural_s17,17,a81cfae9668291587ca45196c38f057dfcd540a5032563d9e52a6f4356173a46,"{""experiment_id"":""p6_C_cached_natural_s17"",""manifest"":""C:\\Users\\Hngk\\Documents\\Codex\\PUMA_STAGE2_PROMPT6\\DATA_PRESELECTION\\SELECTION\\D900.csv"",""output_dir"":""C:\\Users\\Hngk\\Documents\\Codex\\2026-09-07\\use-the-autoresearch-skill-x20-https\\outputs\\PUMA_STAGE2_RESEARCH_PROMPTS_1_TO_4\\PROMPT_6\\EXPERIMENTS"",""uni2_weights"":null,""cached_features"":""C:\\Users\\Hngk\\Documents\\Codex\\PUMA_STAGE2_PROMPT6\\DATA_PRESELECTION\\D900_cls.npy"",""cached_tokens"":null,""tier_a"":""C:\\Users\\Hngk\\Documents\\Codex\\PUMA_STAGE2_PROMPT6\\DATA_PRESELECTION\\D900_tierA.npy"",""fov"":96,""seed"":17,""device"":""cpu"",""num_workers"":0,""selection_metric"":""roi_macro_f1"",""augmentation"":{""geometric"":false,""stain_mode"":""none"",""stain_strength"":0.0,""coordinate_jitter_sigma"":0.0,""coordinate_jitter_clip"":0.0},""sampler"":{""mode"":""natural"",""alpha"":0.0,""num_samples_multiplier"":1.0},""loss"":{""kind"":""ce"",""tau"":0.0,""label_smoothing"":0.0},""model"":{""representation"":""cls"",""gaussian_sigma"":1.5,""neighborhood_radius"":1,""interaction_rank"":8,""representation_dropout"":0.0,""interaction_dropout"":0.0,""tier_a_dropout"":0.0,""use_tier_a"":true,""scalar_mix_init"":0.5},""optimizer"":{""lr"":0.001,""weight_decay"":0.01,""batch_size"":64,""accumulation_steps"":1,""max_epochs"":10,""patience"":10,""min_delta"":0.0001,""scheduler"":""constant"",""warmup_fraction"":0.05,""min_lr_ratio"":0.1,""grad_clip"":1.0,""amp"":false,""decay_bias_and_vectors"":true,""selection_mode"":""fixed_final""},""encoder"":{""adaptation"":""frozen"",""allow_adaptation"":false,""adapter_lr"":1e-05,""lora_rank"":4,""lora_alpha"":8.0,""last_blocks"":2},""decoupled"":{""enabled"":false,""retrain_epochs"":5,""retrain_lr"":0.001,""reset_classifier"":true,""sampler"":{""mode"":""inverse"",""alpha"":1.0,""num_samples_multiplier"":1.0},""loss"":{""kind"":""ce"",""tau"":0.0,""label_smoothing"":0.0}}}","{""manifest_sha256"":""d541ed0c492dc652477844cacc64c4b32db840d2d7a8a26c1c5c21df6411bbed"",""tier_a_sha256"":""57fe77287f2b3320fd7ad6260cd07da6ff11e310274af17aad9873f905f1c570"",""representation_sha256"":""3f0ca693c9b513c54c3ad866e9fd853397fe2fc9d36fdae7a716954b22e63ccc"",""uni2_sha256"":null,""config_hash"":""dff3a298e7609a13664f95fdd819d5bea476d0cf14acd21c262d695f11488491"",""python"":""3.10.11"",""torch"":""2.11.0+cpu"",""device"":""cpu""}",fixed_final,10,10
p6_C_cached_natural_s29,29,e33c5a496849250c1a840f7978af803caad6acbce4b4f8416b758de38fc5f041,"{""experiment_id"":""p6_C_cached_natural_s29"",""manifest"":""C:\\Users\\Hngk\\Documents\\Codex\\PUMA_STAGE2_PROMPT6\\DATA_PRESELECTION\\SELECTION\\D900.csv"",""output_dir"":""C:\\Users\\Hngk\\Documents\\Codex\\2026-09-07\\use-the-autoresearch-skill-x20-https\\outputs\\PUMA_STAGE2_RESEARCH_PROMPTS_1_TO_4\\PROMPT_6\\EXPERIMENTS"",""uni2_weights"":null,""cached_features"":""C:\\Users\\Hngk\\Documents\\Codex\\PUMA_STAGE2_PROMPT6\\DATA_PRESELECTION\\D900_cls.npy"",""cached_tokens"":null,""tier_a"":""C:\\Users\\Hngk\\Documents\\Codex\\PUMA_STAGE2_PROMPT6\\DATA_PRESELECTION\\D900_tierA.npy"",""fov"":96,""seed"":29,""device"":""cpu"",""num_workers"":0,""selection_metric"":""roi_macro_f1"",""augmentation"":{""geometric"":false,""stain_mode"":""none"",""stain_strength"":0.0,""coordinate_jitter_sigma"":0.0,""coordinate_jitter_clip"":0.0},""sampler"":{""mode"":""natural"",""alpha"":0.0,""num_samples_multiplier"":1.0},""loss"":{""kind"":""ce"",""tau"":0.0,""label_smoothing"":0.0},""model"":{""representation"":""cls"",""gaussian_sigma"":1.5,""neighborhood_radius"":1,""interaction_rank"":8,""representation_dropout"":0.0,""interaction_dropout"":0.0,""tier_a_dropout"":0.0,""use_tier_a"":true,""scalar_mix_init"":0.5},""optimizer"":{""lr"":0.001,""weight_decay"":0.01,""batch_size"":64,""accumulation_steps"":1,""max_epochs"":10,""patience"":10,""min_delta"":0.0001,""scheduler"":""constant"",""warmup_fraction"":0.05,""min_lr_ratio"":0.1,""grad_clip"":1.0,""amp"":false,""decay_bias_and_vectors"":true,""selection_mode"":""fixed_final""},""encoder"":{""adaptation"":""frozen"",""allow_adaptation"":false,""adapter_lr"":1e-05,""lora_rank"":4,""lora_alpha"":8.0,""last_blocks"":2},""decoupled"":{""enabled"":false,""retrain_epochs"":5,""retrain_lr"":0.001,""reset_classifier"":true,""sampler"":{""mode"":""inverse"",""alpha"":1.0,""num_samples_multiplier"":1.0},""loss"":{""kind"":""ce"",""tau"":0.0,""label_smoothing"":0.0}}}","{""manifest_sha256"":""d541ed0c492dc652477844cacc64c4b32db840d2d7a8a26c1c5c21df6411bbed"",""tier_a_sha256"":""57fe77287f2b3320fd7ad6260cd07da6ff11e310274af17aad9873f905f1c570"",""representation_sha256"":""3f0ca693c9b513c54c3ad866e9fd853397fe2fc9d36fdae7a716954b22e63ccc"",""uni2_sha256"":null,""config_hash"":""79eac397ef0eefa1dfeecd6cc50ae984813da2d9e95c1f74eba96107b3177b4b"",""python"":""3.10.11"",""torch"":""2.11.0+cpu"",""device"":""cpu""}",fixed_final,10,10
p6_C_cached_natural_s43,43,1393f197a88e9051d12b875772ea4d8ed962c10d2b30fc9a43adcfc98acfc514,"{""experiment_id"":""p6_C_cached_natural_s43"",""manifest"":""C:\\Users\\Hngk\\Documents\\Codex\\PUMA_STAGE2_PROMPT6\\DATA_PRESELECTION\\SELECTION\\D900.csv"",""output_dir"":""C:\\Users\\Hngk\\Documents\\Codex\\2026-09-07\\use-the-autoresearch-skill-x20-https\\outputs\\PUMA_STAGE2_RESEARCH_PROMPTS_1_TO_4\\PROMPT_6\\EXPERIMENTS"",""uni2_weights"":null,""cached_features"":""C:\\Users\\Hngk\\Documents\\Codex\\PUMA_STAGE2_PROMPT6\\DATA_PRESELECTION\\D900_cls.npy"",""cached_tokens"":null,""tier_a"":""C:\\Users\\Hngk\\Documents\\Codex\\PUMA_STAGE2_PROMPT6\\DATA_PRESELECTION\\D900_tierA.npy"",""fov"":96,""seed"":43,""device"":""cpu"",""num_workers"":0,""selection_metric"":""roi_macro_f1"",""augmentation"":{""geometric"":false,""stain_mode"":""none"",""stain_strength"":0.0,""coordinate_jitter_sigma"":0.0,""coordinate_jitter_clip"":0.0},""sampler"":{""mode"":""natural"",""alpha"":0.0,""num_samples_multiplier"":1.0},""loss"":{""kind"":""ce"",""tau"":0.0,""label_smoothing"":0.0},""model"":{""representation"":""cls"",""gaussian_sigma"":1.5,""neighborhood_radius"":1,""interaction_rank"":8,""representation_dropout"":0.0,""interaction_dropout"":0.0,""tier_a_dropout"":0.0,""use_tier_a"":true,""scalar_mix_init"":0.5},""optimizer"":{""lr"":0.001,""weight_decay"":0.01,""batch_size"":64,""accumulation_steps"":1,""max_epochs"":10,""patience"":10,""min_delta"":0.0001,""scheduler"":""constant"",""warmup_fraction"":0.05,""min_lr_ratio"":0.1,""grad_clip"":1.0,""amp"":false,""decay_bias_and_vectors"":true,""selection_mode"":""fixed_final""},""encoder"":{""adaptation"":""frozen"",""allow_adaptation"":false,""adapter_lr"":1e-05,""lora_rank"":4,""lora_alpha"":8.0,""last_blocks"":2},""decoupled"":{""enabled"":false,""retrain_epochs"":5,""retrain_lr"":0.001,""reset_classifier"":true,""sampler"":{""mode"":""inverse"",""alpha"":1.0,""num_samples_multiplier"":1.0},""loss"":{""kind"":""ce"",""tau"":0.0,""label_smoothing"":0.0}}}","{""manifest_sha256"":""d541ed0c492dc652477844cacc64c4b32db840d2d7a8a26c1c5c21df6411bbed"",""tier_a_sha256"":""57fe77287f2b3320fd7ad6260cd07da6ff11e310274af17aad9873f905f1c570"",""representation_sha256"":""3f0ca693c9b513c54c3ad866e9fd853397fe2fc9d36fdae7a716954b22e63ccc"",""uni2_sha256"":null,""config_hash"":""422dc6cc003dbde6c0a5d19ae192f9f29d536be10074c658309006b17aa20c99"",""python"":""3.10.11"",""torch"":""2.11.0+cpu"",""device"":""cpu""}",fixed_final,10,10
p6_C_cached_tempered_s17,17,f8804bbdd2ab195e3fca50dadfd231780caabe0fb9cc39e09d78c188e620e1f6,"{""experiment_id"":""p6_C_cached_tempered_s17"",""manifest"":""C:\\Users\\Hngk\\Documents\\Codex\\PUMA_STAGE2_PROMPT6\\DATA_PRESELECTION\\SELECTION\\D900.csv"",""output_dir"":""C:\\Users\\Hngk\\Documents\\Codex\\2026-09-07\\use-the-autoresearch-skill-x20-https\\outputs\\PUMA_STAGE2_RESEARCH_PROMPTS_1_TO_4\\PROMPT_6\\EXPERIMENTS"",""uni2_weights"":null,""cached_features"":""C:\\Users\\Hngk\\Documents\\Codex\\PUMA_STAGE2_PROMPT6\\DATA_PRESELECTION\\D900_cls.npy"",""cached_tokens"":null,""tier_a"":""C:\\Users\\Hngk\\Documents\\Codex\\PUMA_STAGE2_PROMPT6\\DATA_PRESELECTION\\D900_tierA.npy"",""fov"":96,""seed"":17,""device"":""cpu"",""num_workers"":0,""selection_metric"":""roi_macro_f1"",""augmentation"":{""geometric"":false,""stain_mode"":""none"",""stain_strength"":0.0,""coordinate_jitter_sigma"":0.0,""coordinate_jitter_clip"":0.0},""sampler"":{""mode"":""tempered"",""alpha"":0.5,""num_samples_multiplier"":1.0},""loss"":{""kind"":""ce"",""tau"":0.0,""label_smoothing"":0.0},""model"":{""representation"":""cls"",""gaussian_sigma"":1.5,""neighborhood_radius"":1,""interaction_rank"":8,""representation_dropout"":0.0,""interaction_dropout"":0.0,""tier_a_dropout"":0.0,""use_tier_a"":true,""scalar_mix_init"":0.5},""optimizer"":{""lr"":0.001,""weight_decay"":0.01,""batch_size"":64,""accumulation_steps"":1,""max_epochs"":10,""patience"":10,""min_delta"":0.0001,""scheduler"":""constant"",""warmup_fraction"":0.05,""min_lr_ratio"":0.1,""grad_clip"":1.0,""amp"":false,""decay_bias_and_vectors"":true,""selection_mode"":""fixed_final""},""encoder"":{""adaptation"":""frozen"",""allow_adaptation"":false,""adapter_lr"":1e-05,""lora_rank"":4,""lora_alpha"":8.0,""last_blocks"":2},""decoupled"":{""enabled"":false,""retrain_epochs"":5,""retrain_lr"":0.001,""reset_classifier"":true,""sampler"":{""mode"":""inverse"",""alpha"":1.0,""num_samples_multiplier"":1.0},""loss"":{""kind"":""ce"",""tau"":0.0,""label_smoothing"":0.0}}}","{""manifest_sha256"":""d541ed0c492dc652477844cacc64c4b32db840d2d7a8a26c1c5c21df6411bbed"",""tier_a_sha256"":""57fe77287f2b3320fd7ad6260cd07da6ff11e310274af17aad9873f905f1c570"",""representation_sha256"":""3f0ca693c9b513c54c3ad866e9fd853397fe2fc9d36fdae7a716954b22e63ccc"",""uni2_sha256"":null,""config_hash"":""6bfe040470a31184d671d25d87bb660f7ffb9dd8fc6bc8aae55d612c1c966132"",""python"":""3.10.11"",""torch"":""2.11.0+cpu"",""device"":""cpu""}",fixed_final,10,10
p6_C_cached_tempered_s29,29,acbd744ae3ed9df28be718c7eeb34d6ac6bea286b706260a4aa56eb408ef1757,"{""experiment_id"":""p6_C_cached_tempered_s29"",""manifest"":""C:\\Users\\Hngk\\Documents\\Codex\\PUMA_STAGE2_PROMPT6\\DATA_PRESELECTION\\SELECTION\\D900.csv"",""output_dir"":""C:\\Users\\Hngk\\Documents\\Codex\\2026-09-07\\use-the-autoresearch-skill-x20-https\\outputs\\PUMA_STAGE2_RESEARCH_PROMPTS_1_TO_4\\PROMPT_6\\EXPERIMENTS"",""uni2_weights"":null,""cached_features"":""C:\\Users\\Hngk\\Documents\\Codex\\PUMA_STAGE2_PROMPT6\\DATA_PRESELECTION\\D900_cls.npy"",""cached_tokens"":null,""tier_a"":""C:\\Users\\Hngk\\Documents\\Codex\\PUMA_STAGE2_PROMPT6\\DATA_PRESELECTION\\D900_tierA.npy"",""fov"":96,""seed"":29,""device"":""cpu"",""num_workers"":0,""selection_metric"":""roi_macro_f1"",""augmentation"":{""geometric"":false,""stain_mode"":""none"",""stain_strength"":0.0,""coordinate_jitter_sigma"":0.0,""coordinate_jitter_clip"":0.0},""sampler"":{""mode"":""tempered"",""alpha"":0.5,""num_samples_multiplier"":1.0},""loss"":{""kind"":""ce"",""tau"":0.0,""label_smoothing"":0.0},""model"":{""representation"":""cls"",""gaussian_sigma"":1.5,""neighborhood_radius"":1,""interaction_rank"":8,""representation_dropout"":0.0,""interaction_dropout"":0.0,""tier_a_dropout"":0.0,""use_tier_a"":true,""scalar_mix_init"":0.5},""optimizer"":{""lr"":0.001,""weight_decay"":0.01,""batch_size"":64,""accumulation_steps"":1,""max_epochs"":10,""patience"":10,""min_delta"":0.0001,""scheduler"":""constant"",""warmup_fraction"":0.05,""min_lr_ratio"":0.1,""grad_clip"":1.0,""amp"":false,""decay_bias_and_vectors"":true,""selection_mode"":""fixed_final""},""encoder"":{""adaptation"":""frozen"",""allow_adaptation"":false,""adapter_lr"":1e-05,""lora_rank"":4,""lora_alpha"":8.0,""last_blocks"":2},""decoupled"":{""enabled"":false,""retrain_epochs"":5,""retrain_lr"":0.001,""reset_classifier"":true,""sampler"":{""mode"":""inverse"",""alpha"":1.0,""num_samples_multiplier"":1.0},""loss"":{""kind"":""ce"",""tau"":0.0,""label_smoothing"":0.0}}}","{""manifest_sha256"":""d541ed0c492dc652477844cacc64c4b32db840d2d7a8a26c1c5c21df6411bbed"",""tier_a_sha256"":""57fe77287f2b3320fd7ad6260cd07da6ff11e310274af17aad9873f905f1c570"",""representation_sha256"":""3f0ca693c9b513c54c3ad866e9fd853397fe2fc9d36fdae7a716954b22e63ccc"",""uni2_sha256"":null,""config_hash"":""33b00ce7eb833444d716c63c995da806c17598a8ad419115414e3dd624c14194"",""python"":""3.10.11"",""torch"":""2.11.0+cpu"",""device"":""cpu""}",fixed_final,10,10
p6_C_cached_tempered_s43,43,51b580bc33f2ea4849f33a586432f633dc97734ebf8dd27b54c82006443581b0,"{""experiment_id"":""p6_C_cached_tempered_s43"",""manifest"":""C:\\Users\\Hngk\\Documents\\Codex\\PUMA_STAGE2_PROMPT6\\DATA_PRESELECTION\\SELECTION\\D900.csv"",""output_dir"":""C:\\Users\\Hngk\\Documents\\Codex\\2026-09-07\\use-the-autoresearch-skill-x20-https\\outputs\\PUMA_STAGE2_RESEARCH_PROMPTS_1_TO_4\\PROMPT_6\\EXPERIMENTS"",""uni2_weights"":null,""cached_features"":""C:\\Users\\Hngk\\Documents\\Codex\\PUMA_STAGE2_PROMPT6\\DATA_PRESELECTION\\D900_cls.npy"",""cached_tokens"":null,""tier_a"":""C:\\Users\\Hngk\\Documents\\Codex\\PUMA_STAGE2_PROMPT6\\DATA_PRESELECTION\\D900_tierA.npy"",""fov"":96,""seed"":43,""device"":""cpu"",""num_workers"":0,""selection_metric"":""roi_macro_f1"",""augmentation"":{""geometric"":false,""stain_mode"":""none"",""stain_strength"":0.0,""coordinate_jitter_sigma"":0.0,""coordinate_jitter_clip"":0.0},""sampler"":{""mode"":""tempered"",""alpha"":0.5,""num_samples_multiplier"":1.0},""loss"":{""kind"":""ce"",""tau"":0.0,""label_smoothing"":0.0},""model"":{""representation"":""cls"",""gaussian_sigma"":1.5,""neighborhood_radius"":1,""interaction_rank"":8,""representation_dropout"":0.0,""interaction_dropout"":0.0,""tier_a_dropout"":0.0,""use_tier_a"":true,""scalar_mix_init"":0.5},""optimizer"":{""lr"":0.001,""weight_decay"":0.01,""batch_size"":64,""accumulation_steps"":1,""max_epochs"":10,""patience"":10,""min_delta"":0.0001,""scheduler"":""constant"",""warmup_fraction"":0.05,""min_lr_ratio"":0.1,""grad_clip"":1.0,""amp"":false,""decay_bias_and_vectors"":true,""selection_mode"":""fixed_final""},""encoder"":{""adaptation"":""frozen"",""allow_adaptation"":false,""adapter_lr"":1e-05,""lora_rank"":4,""lora_alpha"":8.0,""last_blocks"":2},""decoupled"":{""enabled"":false,""retrain_epochs"":5,""retrain_lr"":0.001,""reset_classifier"":true,""sampler"":{""mode"":""inverse"",""alpha"":1.0,""num_samples_multiplier"":1.0},""loss"":{""kind"":""ce"",""tau"":0.0,""label_smoothing"":0.0}}}","{""manifest_sha256"":""d541ed0c492dc652477844cacc64c4b32db840d2d7a8a26c1c5c21df6411bbed"",""tier_a_sha256"":""57fe77287f2b3320fd7ad6260cd07da6ff11e310274af17aad9873f905f1c570"",""representation_sha256"":""3f0ca693c9b513c54c3ad866e9fd853397fe2fc9d36fdae7a716954b22e63ccc"",""uni2_sha256"":null,""config_hash"":""1883cf29e013fec9951baaac635f439f6c31ba6eb9b26ad3577d8ef82de23d7c"",""python"":""3.10.11"",""torch"":""2.11.0+cpu"",""device"":""cpu""}",fixed_final,10,10
